RUN,
16735066-6,D,D,C,B,D,A,A,C,D,A,C,C,B,B,D,A,A,C,A,C,B,C,A,A,D,B,B,C,B,C,B,B,A,A,C,C,C,D,C,B,A,A,C,C,D,B,D,B,C,B,B,A,D,C,A,B,C,A,D,A
19411318-8,C,D,C,B,D,C,A,A,C,B,B,C,C,B,D,C,A,C,C,B,C,C,D,A,A,B,B,D,B,C,C,B,C,A,C,C,B,C,A,C,B,A,C,A,A,B,D,B,C,D,A,C,D,D,D,C,C,B,D,B
18962217-1,C,A,A,B,D,D,A,A,D,A,C,D,C,B,D,A,B,A,B,D,B,C,C,C,C,B,D,A,C,D,A,B,C,A,D,C,B,D,C,A,B,C,C,D,B,C,C,C,B,D,A,B,C,D,C,A,C,A,A,D
18879206-5,,D,B,C,C,,B,A,,B,C,B,A,B,B,B,A,C,B,,B,A,D,A,B,A,B,C,A,C,B,C,D,A,C,D,,C,C,C,C,C,C,A,D,C,D,A,A,,A,B,A,D,C,A,C,D,B,
18473115-0,A,D,B,B,C,D,D,D,C,B,C,C,A,B,D,C,A,C,B,A,B,B,A,B,D,C,B,D,D,B,D,C,C,A,B,D,B,C,B,A,B,C,C,A,B,C,D,B,B,D,B,C,D,D,D,A,C,B,C,B
19337171-K,C,A,C,B,C,D,A,A,B,D,C,B,B,D,D,A,A,C,C,D,D,D,A,D,D,A,C,A,C,C,C,D,C,A,D,C,B,D,C,A,C,A,C,B,B,B,C,B,C,B,A,A,D,B,A,A,C,B,D,B
19565153-1,C,A,C,B,B,D,B,A,C,A,D,D,A,B,D,B,A,B,B,D,D,C,A,A,D,B,B,B,D,C,C,B,C,A,C,C,B,D,B,A,A,A,C,A,B,B,D,B,C,D,A,A,D,A,D,C,D,B,D,D
19328913-4,C,D,C,C,C,D,B,D,B,B,C,D,A,B,D,C,A,C,B,C,C,C,C,D,C,B,B,A,C,C,A,A,C,D,C,C,B,B,D,A,B,A,C,D,A,B,C,B,A,B,A,A,D,A,D,D,C,D,D,D
19785450-2,C,D,C,B,A,A,A,A,A,B,D,D,C,B,D,C,C,B,B,D,B,C,A,D,D,B,A,A,A,C,B,D,C,A,D,C,B,D,C,A,B,A,C,A,B,C,C,B,C,A,A,B,D,C,A,C,C,B,D,B
18732055-0,B,A,B,B,D,B,A,D,C,A,A,D,C,B,D,C,A,C,B,D,C,D,B,D,D,B,B,A,B,B,D,D,C,A,C,C,B,A,C,A,C,A,C,A,D,D,D,A,D,B,C,C,B,B,A,B,C,B,D,B
19816651-0,C,D,A,C,A,C,C,B,A,A,D,C,B,B,C,B,C,C,B,D,D,C,D,B,D,B,A,B,A,C,C,B,C,A,A,C,C,D,D,A,B,C,C,D,C,B,C,B,A,C,A,A,D,B,D,C,D,C,D,B
18809705-7,C,D,A,B,A,A,C,C,C,D,C,C,C,B,D,C,A,C,A,D,A,C,C,D,D,B,B,A,A,C,B,D,C,A,B,A,B,D,C,A,B,C,D,D,D,D,D,B,D,B,A,A,D,A,D,C,C,D,D,B
18084286-1,C,D,A,B,A,D,A,D,A,B,C,D,A,B,D,C,C,C,B,D,B,C,B,A,D,B,B,A,A,B,C,A,D,B,B,C,C,C,A,A,B,A,C,A,D,A,D,B,D,B,C,A,B,A,A,B,A,B,D,B
16746871-3,C,C,A,B,A,C,A,A,B,C,A,D,A,B,D,C,A,C,B,D,B,C,B,A,D,B,B,C,B,D,C,B,C,A,A,C,B,D,C,D,B,A,D,A,D,B,D,B,D,C,A,A,D,A,A,D,C,B,D,B
17579386-0,D,D,A,A,B,D,A,D,A,B,B,C,D,A,D,C,C,C,B,C,B,C,D,C,D,B,B,A,C,C,C,C,C,D,C,C,C,B,A,C,B,C,C,A,A,C,D,B,C,D,B,C,D,C,A,D,C,D,A,B
19469498-9,C,A,A,D,D,C,A,D,D,A,C,B,A,A,D,B,A,C,B,B,B,D,B,A,D,B,B,A,B,C,D,B,C,A,C,C,B,A,D,A,B,C,C,D,D,D,C,B,B,C,B,A,D,A,D,D,C,C,D,C
18730587-K,C,D,A,D,C,D,A,D,A,A,C,D,B,B,D,B,C,C,B,D,D,A,B,C,D,A,B,B,A,C,C,B,C,A,B,C,B,A,D,A,C,A,C,D,C,B,C,B,C,D,A,C,D,D,A,D,A,B,D,B
18731076-8,C,A,C,B,D,D,A,D,D,A,B,D,D,B,D,C,A,C,B,D,A,B,C,D,D,B,B,B,B,C,B,C,C,A,B,C,B,A,C,A,B,A,A,A,B,B,C,B,D,B,A,A,D,C,D,C,C,B,D,B
16820609-7,A,A,A,B,D,C,A,A,D,C,B,C,A,B,D,C,A,C,B,D,A,C,A,C,D,B,B,A,B,C,B,B,C,D,B,C,B,A,C,B,C,C,C,D,B,B,D,B,A,B,D,A,D,B,A,C,C,B,D,B
16502605-5,C,C,C,B,D,C,B,A,B,B,C,D,D,B,D,C,A,C,B,D,D,C,B,D,C,B,B,B,C,C,C,C,C,A,C,D,B,D,C,A,B,C,C,A,D,B,C,B,C,B,A,A,D,B,D,A,C,B,D,B
19418418-2,C,A,C,B,D,C,A,A,D,B,B,D,A,A,D,C,A,C,B,D,A,C,B,A,C,B,B,A,B,D,C,D,C,A,B,C,B,A,C,A,B,A,C,A,D,C,C,B,C,A,A,C,C,D,D,C,C,B,D,C
18388314-3,B,D,A,B,A,A,C,A,C,B,C,D,A,B,B,A,A,C,B,D,C,C,A,B,B,B,B,B,B,C,C,A,C,A,B,C,B,C,A,B,B,A,A,A,B,D,C,A,C,D,B,C,B,B,D,D,D,B,D,B
18836005-K,C,D,B,A,D,C,D,A,B,B,A,C,A,C,D,B,C,C,B,D,C,C,C,D,D,B,A,A,D,C,D,D,C,A,B,B,C,B,A,A,C,A,C,B,B,C,D,B,B,B,A,A,D,C,A,C,C,C,B,A
18669380-9,C,A,C,B,C,D,A,C,C,A,B,D,A,B,D,C,A,C,B,D,A,C,C,B,D,A,B,A,B,C,B,D,C,A,C,C,B,D,C,A,C,C,C,D,B,B,C,B,D,B,D,C,D,A,D,C,C,B,D,B
17414639-K,B,D,D,A,C,D,D,A,A,B,B,D,C,A,D,B,C,C,B,B,A,C,C,A,D,B,B,A,A,C,A,D,C,A,C,C,B,D,A,A,B,A,C,D,D,C,C,C,C,C,C,C,B,A,C,B,C,B,C,B
18289675-6,C,A,C,B,A,D,A,C,C,A,B,D,D,B,D,B,A,C,C,D,A,C,C,A,D,B,B,A,C,C,B,D,C,A,A,C,B,D,C,A,B,A,C,A,B,B,C,B,D,D,A,C,D,A,D,C,C,B,D,B
13757926-K,C,C,A,B,D,D,D,A,C,D,D,D,C,B,D,C,A,C,B,D,A,C,A,A,C,B,B,A,C,D,B,B,C,A,C,C,B,D,A,A,B,A,C,A,B,B,D,B,D,D,A,C,D,B,A,C,C,B,D,B
15781047-2,D,D,B,B,D,D,A,A,A,C,A,B,A,A,B,B,C,C,B,D,D,D,B,B,C,A,A,C,C,C,C,B,C,A,B,C,A,A,B,D,B,C,C,A,D,C,D,B,B,C,C,A,A,B,C,D,B,B,B,B
18895365-4,C,D,B,B,A,C,B,A,C,D,C,C,D,B,D,B,A,C,B,A,C,C,B,C,B,B,B,B,A,D,C,C,C,B,C,A,B,A,C,D,C,C,A,D,C,A,D,B,B,D,A,B,B,C,B,A,B,A,C,C
18153936-4,B,D,B,A,C,A,B,B,A,A,C,B,B,B,C,C,A,C,B,C,B,B,A,A,D,B,B,C,B,D,C,B,C,A,A,D,A,D,B,C,C,A,C,A,B,D,D,B,C,D,C,A,D,B,C,C,C,A,D,B
19644056-9,C,D,D,A,D,C,A,A,A,A,C,D,A,A,D,A,C,D,B,B,C,A,B,A,C,B,B,D,A,D,A,D,C,C,B,C,C,D,D,C,B,A,C,D,B,B,C,B,C,C,A,C,D,B,C,A,D,B,D,B
19606785-K,C,B,C,A,D,D,A,D,C,A,B,D,C,A,D,C,A,C,C,B,C,C,C,A,C,B,D,A,A,C,B,B,C,A,D,C,B,D,C,A,B,A,C,A,B,B,C,B,C,B,A,C,D,C,D,C,B,B,D,B
16649909-7,C,D,A,B,A,C,C,D,A,C,C,C,A,A,D,C,C,C,B,D,D,C,A,D,D,B,B,A,C,D,C,C,C,A,D,C,B,A,D,A,B,A,C,D,D,A,C,B,C,B,A,A,D,D,C,D,C,D,D,B
18732057-7,C,A,A,B,D,D,B,D,C,A,C,D,C,B,D,C,A,C,A,D,A,C,C,A,D,B,B,A,B,C,B,D,C,A,C,C,B,D,C,A,A,C,C,A,B,C,C,D,B,D,A,C,D,A,A,C,C,B,D,B
15180872-7,C,A,C,C,C,D,A,A,D,D,B,C,C,B,D,C,A,C,B,B,A,B,B,A,C,B,C,B,A,C,C,B,C,A,B,C,B,D,B,A,B,A,C,A,D,A,C,B,C,B,D,D,D,A,D,C,C,B,D,B
19908061-K,C,D,C,B,C,D,A,D,C,A,B,D,C,B,D,C,A,C,B,C,B,C,C,D,C,B,C,A,B,C,C,B,C,A,D,C,B,C,C,A,B,D,C,A,B,B,C,B,D,B,A,C,D,A,D,A,B,B,B,B
18800387-7,C,D,C,B,B,C,D,D,C,A,D,C,B,B,D,B,C,C,A,A,B,B,B,A,C,B,B,D,B,B,A,C,A,C,A,C,B,A,D,A,B,C,C,D,A,C,C,B,B,B,B,A,B,C,B,C,C,D,D,B
18788183-8,B,A,C,B,D,D,B,C,C,B,B,D,D,B,D,C,A,C,A,D,A,C,C,A,D,B,B,B,B,C,B,D,C,A,A,B,B,D,C,D,B,A,C,A,D,B,D,C,D,D,A,B,B,C,C,C,C,C,D,B
19246511-7,A,D,A,B,D,C,D,A,C,A,B,B,A,A,D,B,C,C,B,C,C,C,D,C,B,B,B,B,A,C,A,C,C,A,B,C,C,D,C,D,B,A,C,D,B,B,C,D,C,D,A,A,C,A,A,C,A,B,A,B
18623085-K,C,A,C,B,C,C,B,A,D,B,B,D,D,B,D,C,A,C,B,D,A,C,A,D,D,C,B,B,A,D,B,B,C,A,A,C,C,A,C,A,B,A,A,A,B,B,C,C,C,B,A,C,B,C,D,C,C,B,D,B
18654311-4,C,A,C,A,D,D,D,C,A,D,B,D,C,B,D,A,C,C,B,C,A,D,A,D,D,B,A,A,A,C,A,A,A,A,A,C,B,D,B,A,B,C,A,D,D,B,D,C,C,A,A,A,D,C,C,C,A,B,A,B
18492762-4,C,A,D,B,B,D,B,A,C,B,C,D,B,B,D,B,A,C,C,C,C,C,D,B,B,A,A,A,A,,B,C,C,A,B,C,B,A,C,A,B,C,A,A,D,,D,C,D,B,A,B,D,B,,B,C,D,,B
16943172-8,C,C,B,C,D,,A,A,A,B,B,B,A,B,D,A,C,C,B,,C,C,A,D,A,B,B,A,A,C,A,B,A,,C,C,,,C,D,B,C,C,A,B,B,C,B,A,B,C,C,B,B,C,C,C,B,D,B
19634072-6,C,B,A,C,D,C,C,D,D,B,B,D,C,B,D,A,A,C,C,B,C,C,B,C,B,B,A,B,A,A,A,B,C,A,B,C,D,A,A,A,B,A,C,A,B,C,C,A,C,C,A,A,D,D,A,A,C,B,D,B
17698814-2,C,A,C,B,C,D,D,D,C,C,C,D,C,A,D,C,A,C,B,D,A,A,A,A,A,B,B,A,A,C,B,B,C,A,A,C,B,C,C,A,B,A,C,A,D,A,C,B,D,D,A,C,D,C,D,C,C,B,D,A
18982316-9,C,D,A,C,D,B,A,A,C,B,B,D,A,B,D,C,C,C,B,A,C,A,A,C,D,B,B,B,A,D,D,A,C,C,C,C,B,D,A,A,D,A,D,D,B,B,C,B,C,C,B,C,B,D,C,C,C,C,D,B
18320159-K,,D,C,B,,D,D,A,C,A,C,C,B,A,B,C,C,C,D,D,C,C,B,A,D,B,B,B,B,C,,B,C,A,A,C,B,A,A,C,B,C,C,A,D,A,C,B,C,D,B,A,B,D,A,A,C,B,D,B
9351288-K,C,D,C,D,C,D,B,A,C,A,C,D,C,A,D,A,A,C,B,A,A,C,C,A,C,B,A,A,C,D,A,B,C,A,A,C,B,D,C,A,A,C,C,A,D,B,D,D,C,C,A,C,D,A,C,C,C,B,D,B
15614139-9,C,D,A,A,C,D,A,C,C,B,A,D,A,B,D,C,C,C,B,D,A,C,B,D,D,B,B,B,D,D,C,C,C,A,C,C,B,D,C,D,B,C,C,D,D,B,C,B,D,B,A,C,D,A,D,C,C,B,D,B
18194195-2,C,D,A,C,C,C,B,A,C,B,D,B,C,B,D,B,D,C,B,B,B,C,B,D,D,C,B,A,A,C,B,B,C,A,B,C,D,A,A,A,B,A,A,D,B,B,C,A,D,A,C,B,C,C,C,A,C,D,D,B
19258313-6,D,A,A,B,C,C,C,C,B,C,D,D,A,B,D,A,A,C,B,B,D,C,B,D,D,B,A,C,A,B,A,C,A,A,B,C,B,A,B,A,B,A,C,D,D,B,D,B,B,C,A,A,B,D,A,A,C,B,D,B
18326341-2,C,C,C,A,D,C,B,D,C,A,A,D,A,B,D,C,C,C,B,D,C,C,D,D,C,B,C,B,B,C,C,B,C,A,C,C,B,D,A,A,B,A,C,C,B,B,C,B,D,D,A,A,D,A,D,C,C,B,D,B
15191477-2,C,D,D,A,C,C,B,A,A,B,C,D,D,B,D,C,D,C,B,A,A,A,B,A,D,B,B,A,A,B,C,C,C,A,D,C,B,D,A,A,B,C,C,A,B,B,C,B,B,D,B,A,B,A,A,B,C,D,C,B
16037290-7,B,D,B,B,B,C,C,C,A,B,B,A,B,B,C,B,A,D,B,C,B,D,B,A,B,C,B,C,A,C,B,B,C,D,B,B,B,D,C,C,A,A,C,D,C,C,D,D,A,A,B,A,D,D,B,D,C,C,A,B
18626358-8,D,C,D,D,C,A,A,A,D,B,B,C,A,A,D,A,C,C,B,B,B,B,A,D,D,B,A,B,C,C,C,D,A,A,B,C,B,D,D,A,B,A,C,C,D,B,D,B,D,B,A,A,D,C,A,C,C,B,D,B
19080073-3,B,D,A,B,C,D,A,A,A,B,D,D,C,B,D,C,A,C,B,D,C,C,B,A,D,B,A,D,C,C,B,C,C,A,C,C,B,A,A,A,B,A,C,A,B,B,C,B,B,A,A,C,D,B,D,C,C,B,D,A
17729956-1,C,B,A,D,D,C,A,A,C,A,C,D,B,B,D,A,C,C,B,D,A,C,C,C,D,B,B,A,B,C,C,B,C,A,A,C,C,D,B,D,B,A,C,D,D,C,C,B,C,A,A,B,B,D,A,A,A,D,D,B
17786524-9,,A,D,B,D,D,D,,D,A,B,D,D,B,D,C,A,C,B,D,A,C,A,A,C,A,A,B,A,D,D,D,C,A,C,C,B,D,D,A,B,A,C,,C,A,C,B,D,D,A,B,D,A,D,B,C,B,D,C
16607335-9,C,D,A,B,D,C,C,A,C,A,C,D,A,A,D,B,A,C,B,D,C,C,C,D,C,B,B,A,B,B,C,B,C,A,B,C,B,D,C,A,A,A,C,D,A,B,C,B,C,C,A,C,D,D,D,C,C,B,D,B
16303716-5,C,D,D,A,C,C,D,D,A,B,D,D,A,A,D,C,C,C,B,B,D,C,A,C,D,B,B,A,C,C,C,B,C,A,C,C,B,C,C,A,C,A,C,D,D,B,A,B,D,C,B,C,D,A,A,A,C,B,D,C
19711046-5,C,C,A,A,A,C,B,A,D,B,C,D,B,B,D,C,C,C,B,D,C,D,A,C,D,B,C,A,C,C,D,C,C,B,D,C,B,C,A,D,B,C,C,A,B,D,D,C,C,C,B,C,B,A,C,A,B,D,D,B
17022881-2,C,D,D,B,D,C,B,A,B,A,D,D,B,B,D,C,A,D,C,C,C,C,B,A,C,B,B,A,A,C,B,D,C,A,D,C,C,D,B,A,B,A,C,C,B,C,D,B,B,D,A,B,D,B,C,B,C,D,D,B
17510738-K,C,D,A,B,A,C,A,A,C,D,B,C,A,A,D,C,C,D,B,C,A,D,C,D,D,C,B,D,A,D,C,D,D,A,C,B,A,D,A,B,B,C,C,D,B,D,D,B,D,B,A,B,B,D,C,A,C,D,D,B
19221411-4,C,A,C,C,C,D,D,D,C,C,D,D,A,A,D,A,A,C,B,B,C,C,A,A,D,B,B,A,B,D,B,D,C,A,B,C,B,A,A,A,B,C,C,A,D,B,C,D,D,B,B,C,B,A,A,C,C,B,D,B
17704861-5,C,D,C,D,C,D,B,C,D,B,D,B,D,A,D,C,C,C,B,D,C,C,B,D,D,A,B,A,B,C,C,C,C,A,B,C,C,D,C,B,B,B,C,D,D,A,C,B,C,B,D,C,D,A,C,C,C,D,D,A
16608282-K,C,A,D,B,D,D,D,D,C,C,C,D,A,B,D,A,A,C,A,D,A,C,D,D,D,B,B,A,A,C,C,B,C,A,C,B,B,D,C,B,B,A,C,A,A,B,C,B,A,B,A,A,B,A,D,C,A,B,D,B
17087774-8,C,A,A,B,C,D,D,B,B,C,B,D,D,C,D,C,A,C,B,D,A,A,A,A,D,B,B,A,C,C,B,D,C,A,A,C,B,C,A,A,B,A,A,A,B,A,D,B,C,B,A,C,D,A,D,A,A,B,C,B
18024566-9,C,C,C,B,D,D,A,A,C,A,B,D,D,A,D,C,A,C,B,D,B,C,C,D,D,B,B,A,C,C,C,D,C,A,D,C,B,A,C,A,B,C,C,A,B,A,C,B,D,B,A,A,D,C,C,C,C,B,D,B
17860508-9,C,D,A,B,D,A,D,A,C,D,B,D,B,B,D,A,A,C,B,D,A,A,A,A,C,B,A,C,B,C,B,B,A,B,C,C,B,D,D,A,B,A,C,A,C,B,C,B,B,C,B,A,B,D,D,C,A,D,D,B
17382369-K,C,A,A,A,D,C,D,D,C,B,B,B,B,A,D,B,C,C,B,B,C,D,A,D,D,B,A,B,C,D,C,B,C,A,D,C,B,D,A,A,B,A,C,A,D,A,D,A,C,C,A,C,D,A,C,C,C,B,A,C
19294452-K,C,D,B,B,C,D,D,D,B,B,C,C,A,A,D,C,A,C,B,A,B,B,A,C,D,C,B,D,D,C,D,D,B,D,D,C,B,C,B,C,B,C,C,A,B,C,C,B,B,D,B,C,D,D,C,B,C,B,D,C
19650742-6,C,A,B,A,D,B,D,A,A,C,B,C,A,A,D,B,A,C,B,C,D,B,D,C,D,A,D,C,A,C,B,A,A,A,C,C,B,A,D,A,C,A,A,A,D,B,C,B,C,D,B,C,B,C,D,C,C,B,D,B
18803893-K,C,A,C,A,D,C,D,A,C,B,A,C,B,A,D,A,D,B,B,A,C,C,B,A,D,A,D,D,B,C,C,B,C,D,A,C,B,D,C,A,B,A,A,A,C,C,C,D,C,A,B,A,D,B,D,B,C,A,C,B
19726578-7,C,C,C,B,D,D,B,A,D,B,C,C,C,B,D,C,A,C,D,C,A,B,A,C,D,A,B,A,C,C,B,C,C,A,C,C,B,D,A,C,B,A,C,A,B,A,D,B,D,B,A,C,D,C,C,A,C,D,D,B
19439007-6,A,D,A,D,D,D,D,A,C,A,B,B,A,B,D,B,C,C,B,D,D,C,D,C,C,B,A,A,B,C,A,B,C,A,B,C,,D,C,D,B,A,A,D,B,B,C,C,A,D,A,C,D,A,D,C,C,C,D,C
16440780-2,C,A,A,A,B,D,A,D,C,B,B,C,D,A,D,C,A,C,B,D,C,B,D,A,D,B,B,B,A,C,D,B,C,A,C,C,D,A,D,A,A,A,C,D,B,B,D,D,C,D,A,C,B,A,C,C,C,B,D,D
19726813-1,C,D,B,B,A,D,C,A,A,D,A,D,A,D,D,B,A,C,C,C,B,D,B,D,D,A,A,C,B,C,C,B,D,C,C,C,B,B,A,B,C,A,C,A,D,C,C,B,B,A,B,A,D,B,B,A,C,D,D,B
18355965-6,C,C,C,B,D,C,A,C,C,A,B,D,D,B,D,C,A,C,B,C,A,C,B,A,B,B,B,A,B,C,B,C,C,A,D,C,B,C,C,A,C,A,C,A,D,B,C,B,D,D,A,C,D,D,D,C,C,B,D,B
16369791-2,C,C,B,A,A,D,C,A,D,C,C,D,C,A,D,A,A,B,C,C,A,C,C,D,B,B,B,B,B,C,C,D,A,C,B,C,C,D,A,A,B,A,C,D,B,C,C,B,C,B,A,C,D,B,D,A,C,C,D,B
18569298-1,C,A,C,B,A,C,B,C,A,A,D,C,C,B,D,B,D,C,B,B,D,C,A,A,D,B,C,A,A,B,C,D,A,A,C,C,C,D,B,A,B,C,D,D,D,B,C,B,D,B,A,A,D,A,C,A,C,B,D,B
16285962-5,A,D,B,D,D,A,B,A,D,A,D,B,C,A,D,B,A,B,B,A,A,D,A,A,D,A,B,B,C,C,A,D,C,A,C,C,C,D,C,A,C,A,C,A,A,B,C,B,D,D,B,A,B,C,D,A,C,B,D,B
17223616-2,C,C,B,B,B,C,B,A,A,B,B,D,C,A,D,B,C,C,B,B,A,A,A,A,A,B,B,A,B,B,A,D,C,A,C,C,A,C,C,A,A,C,C,D,B,D,C,B,B,B,A,C,D,A,D,A,C,B,D,B
19666824-1,C,B,A,B,D,,,A,A,B,D,,A,D,D,B,C,A,A,B,C,D,,D,C,,A,,,D,C,B,A,A,,,B,A,C,B,B,B,C,D,A,A,D,B,A,C,A,C,C,A,C,D,D,D,A,B
17046436-2,C,D,D,C,C,D,A,B,D,C,A,B,A,B,D,C,C,C,B,D,A,C,A,D,C,A,B,C,B,D,D,B,A,A,C,C,C,A,C,A,B,A,C,C,C,B,D,B,C,B,A,C,D,D,D,C,C,B,D,B
19770745-3,C,D,D,D,C,D,B,A,C,C,B,B,A,B,D,C,A,C,B,D,A,B,A,D,B,B,B,B,B,C,D,B,D,B,D,C,B,A,D,A,B,A,C,D,B,D,C,D,D,B,A,C,D,B,C,A,C,D,D,D
18962191-4,C,A,A,C,C,A,A,A,D,C,D,C,C,B,D,C,C,B,C,B,C,B,A,C,C,A,B,C,B,D,A,A,A,A,A,C,B,D,A,D,B,A,C,D,D,B,D,A,B,D,A,C,D,A,D,C,A,B,D,C
19389761-4,C,D,A,B,D,D,B,A,C,B,B,D,C,B,D,C,A,C,B,D,D,C,B,A,B,C,B,A,B,C,C,B,C,A,A,C,B,A,D,A,A,A,C,A,B,B,C,B,D,B,D,C,D,A,D,C,C,B,D,B
16612134-5,C,C,A,B,D,D,A,A,C,A,B,D,D,B,D,C,A,C,B,D,A,C,B,A,B,B,C,A,C,C,C,C,C,A,B,B,C,A,C,A,B,A,C,A,B,B,B,B,C,B,A,A,D,C,D,C,C,B,D,B
19884501-9,C,D,A,A,D,D,C,D,A,B,B,C,A,D,D,A,C,C,B,A,B,A,B,B,B,C,B,B,A,C,D,A,D,C,C,B,C,A,A,A,B,B,C,A,B,B,C,B,C,D,A,A,D,C,D,B,C,B,B,B
19141862-K,C,C,C,A,C,D,B,A,C,A,D,D,A,B,D,C,C,C,D,B,B,C,C,A,D,B,B,A,C,C,C,D,C,A,D,C,C,D,D,A,A,C,C,D,D,B,C,B,C,B,A,A,D,A,A,A,C,B,D,A
19932381-4,B,C,D,B,D,C,D,B,A,B,C,D,B,B,D,C,A,C,B,D,A,A,C,A,D,B,B,D,C,D,C,D,C,C,A,C,C,D,A,C,B,A,C,A,A,C,D,B,C,D,B,B,B,C,A,C,C,C,C,B
17572291-2,C,A,A,A,D,D,A,A,C,A,D,D,B,B,D,C,A,C,C,D,A,C,A,A,C,B,B,D,A,C,D,D,C,A,A,C,B,A,A,A,A,A,A,A,B,A,C,B,C,B,B,C,D,A,D,C,B,B,D,B
18863302-1,C,A,C,B,D,D,A,D,C,D,B,D,A,B,D,B,D,C,B,D,B,C,A,A,C,B,B,C,A,C,A,D,C,A,D,C,B,C,D,A,B,C,A,A,A,A,C,B,D,B,A,A,D,A,C,C,C,D,B,B
18046609-6,D,A,C,D,D,C,B,A,D,A,A,C,D,B,D,C,C,D,B,B,C,C,A,D,C,B,B,C,C,C,C,C,C,A,B,C,B,D,C,D,A,A,C,A,D,B,C,B,C,D,A,C,D,D,B,C,C,D,D,B
17463727-K,B,D,C,B,C,D,A,A,D,B,A,B,A,B,D,C,D,C,B,A,C,D,B,C,D,B,C,C,B,D,B,B,C,B,C,B,B,B,D,D,B,A,A,D,B,C,C,B,B,B,A,C,C,B,D,C,C,B,C,
24222413-2,C,A,C,D,D,A,C,A,C,C,A,B,A,B,D,B,C,C,B,D,A,C,A,D,D,A,C,C,B,C,D,B,C,A,C,C,C,A,C,D,B,A,C,D,B,B,D,B,D,B,A,C,D,D,D,C,C,A,D,B
19727309-7,,D,D,C,D,,,,A,B,C,C,D,A,B,B,C,D,D,C,,A,B,A,C,C,B,A,A,C,A,B,C,A,D,C,B,,D,D,C,B,C,A,C,D,C,,A,C,B,B,A,D,B,,C,C,C,B
18686610-K,C,D,C,D,B,B,D,C,D,A,B,D,D,B,D,A,A,C,B,D,A,C,C,A,D,B,B,B,B,C,A,D,C,A,C,C,A,D,C,A,C,B,C,A,C,B,A,B,D,C,A,A,D,A,D,A,C,B,D,B
18807391-3,C,D,C,A,C,D,D,D,D,A,C,D,D,B,D,C,A,C,B,D,A,C,A,D,D,B,B,A,D,C,A,D,C,A,C,C,B,D,C,A,B,A,C,A,A,B,C,B,D,D,B,C,D,A,D,B,C,B,D,B
15662864-6,B,A,A,C,C,C,B,A,D,C,C,B,B,A,B,C,B,D,A,C,D,A,B,A,D,B,D,B,A,C,C,B,C,B,A,C,B,D,A,D,A,A,C,B,A,A,C,B,B,C,A,A,D,A,A,B,C,D,B,D
15402383-6,C,A,C,B,C,C,A,B,C,A,B,D,C,B,D,C,A,C,B,D,A,C,C,C,B,B,A,A,C,C,B,D,C,A,B,C,B,D,C,A,A,A,C,A,B,B,C,C,C,A,A,C,B,A,D,C,C,B,D,B
13251179-9,C,A,A,B,D,D,A,D,C,A,C,D,D,B,D,A,A,C,B,D,A,C,C,A,D,B,B,A,C,C,B,B,C,A,C,C,C,D,C,A,B,C,C,A,B,B,C,B,C,A,D,C,D,A,C,C,C,B,D,B
19293403-6,D,A,C,C,D,C,D,C,C,B,B,B,B,C,D,B,C,D,B,C,C,A,A,A,C,B,D,A,A,C,C,B,C,A,A,C,D,A,A,B,B,A,C,A,D,D,D,A,B,D,C,B,A,B,C,D,C,A,D,B
18135393-7,A,D,A,B,D,D,B,A,D,B,A,C,D,B,B,C,A,C,B,B,C,D,A,D,C,B,B,C,C,C,B,A,C,A,A,C,B,D,C,A,B,B,C,B,D,A,D,B,C,A,C,C,C,D,A,A,D,D,C,D
17779105-9,C,D,C,B,D,B,C,D,D,A,C,B,D,B,C,C,A,C,B,D,A,C,A,B,D,B,A,A,A,C,A,D,C,A,B,A,B,A,A,C,B,A,C,C,D,B,C,B,D,B,A,C,D,C,A,B,C,D,D,B
19403399-0,B,A,C,A,C,C,D,A,D,B,B,C,C,B,D,B,D,A,B,C,C,C,B,A,D,B,C,D,A,C,C,B,C,D,C,C,B,A,A,A,B,A,A,D,D,B,A,B,B,C,A,C,B,D,D,A,C,A,A,B
19728088-3,A,D,A,B,D,D,B,A,A,A,A,C,A,C,D,A,C,B,B,A,A,A,B,D,B,B,B,C,B,B,C,B,C,A,A,C,B,A,C,A,B,B,C,A,C,B,C,A,C,B,A,A,C,A,C,A,C,D,C,B
19004087-9,C,C,C,B,D,C,A,C,D,C,B,D,D,B,D,A,A,C,A,D,C,B,B,C,B,A,B,B,C,C,B,B,C,A,C,C,B,D,C,C,B,A,D,D,C,B,C,A,D,D,D,A,D,A,C,C,C,D,D,A
15652822-6,B,B,B,A,B,D,C,C,A,B,B,B,C,A,B,B,C,C,B,D,A,C,B,B,A,D,A,C,C,C,A,A,C,C,D,C,B,B,A,D,C,C,A,A,A,C,B,B,C,D,C,A,C,D,B,A,C,D,B,C
17721804-9,C,C,D,A,C,D,B,C,D,C,C,C,D,A,D,C,A,C,A,D,C,A,C,D,D,C,B,C,B,D,C,B,C,A,D,C,B,A,C,A,A,A,C,D,B,A,C,B,C,B,B,C,D,D,C,A,C,B,D,B
19606317-K,C,D,C,B,D,D,B,D,C,D,B,D,D,B,D,C,C,C,A,D,B,C,B,B,D,C,B,A,C,C,B,B,C,A,A,C,B,A,C,A,B,A,C,A,D,B,C,B,C,B,A,C,B,C,D,C,C,B,D,B
14399732-4,C,D,C,A,D,D,D,A,B,B,B,D,C,B,D,C,C,C,C,D,A,C,A,D,D,B,B,A,B,C,A,B,C,A,A,C,B,C,B,A,B,A,A,A,B,B,C,B,C,B,D,A,D,B,D,C,C,B,D,B
17322945-3,D,D,B,B,D,C,C,C,D,B,B,D,D,B,B,C,A,C,C,B,B,B,C,D,C,B,D,B,A,D,C,A,C,C,B,C,B,C,A,A,B,C,C,D,C,B,D,B,B,C,A,C,A,B,D,B,C,B,C,B
15875798-2,B,D,A,B,D,A,C,A,D,B,D,D,B,A,D,C,D,C,B,D,A,C,B,A,D,B,B,A,C,C,A,D,C,A,D,C,B,D,C,A,B,A,C,A,B,C,D,B,C,B,A,C,D,A,A,B,C,B,D,B
17066918-5,C,A,D,B,D,D,A,D,A,A,B,D,D,A,D,C,A,C,B,D,A,C,C,A,D,C,C,A,B,C,B,B,C,A,C,C,B,A,C,A,D,A,C,A,B,B,C,B,C,B,A,C,D,C,D,C,C,B,D,B
12826113-3,C,A,D,B,B,C,B,C,A,B,B,D,B,B,D,C,A,C,B,B,D,C,B,A,C,B,C,C,C,D,A,C,C,B,A,C,B,C,A,A,B,A,D,B,B,D,C,D,B,B,B,D,D,B,C,C,C,B,D,B
17765355-1,C,C,B,A,D,D,A,C,C,C,B,D,C,B,D,C,A,C,B,D,A,C,B,D,D,B,B,A,C,C,C,B,C,A,C,C,B,D,B,C,B,C,A,A,D,B,C,B,D,B,D,C,D,C,C,C,C,D,D,B
19445631-K,B,D,A,A,A,C,B,A,A,B,B,B,A,B,D,C,C,D,B,C,B,D,A,C,D,D,D,B,D,D,A,D,D,C,D,C,B,C,A,D,A,B,C,A,D,C,D,A,A,C,A,B,D,B,C,D,C,D,B,B
19915273-4,A,D,A,B,A,D,D,B,C,D,D,B,A,A,B,A,C,C,A,C,D,D,A,B,D,A,B,C,B,C,D,B,C,A,B,D,B,D,D,A,A,A,C,A,B,B,D,A,D,D,B,A,D,B,C,D,C,D,D,B
10823651-5,C,C,D,B,D,D,D,B,B,B,C,B,D,A,D,C,C,D,B,D,C,D,A,D,C,C,C,B,D,D,B,C,C,A,C,A,B,B,B,A,D,B,C,A,D,C,C,B,A,B,B,A,A,D,D,A,C,B,C,C
17487025-K,C,A,C,B,C,D,B,A,C,C,C,C,D,A,B,B,A,C,B,D,C,C,A,D,D,B,B,A,B,C,B,D,C,B,C,C,B,D,C,A,B,A,A,A,C,B,C,B,D,B,A,D,D,B,A,C,D,B,D,B
19018065-4,C,D,C,C,D,D,A,A,A,A,D,D,C,B,D,C,A,C,C,D,D,C,C,A,D,B,A,A,C,D,B,C,C,A,A,C,B,D,C,A,B,A,C,D,A,B,C,B,D,B,D,C,D,B,C,C,C,D,D,B
17516805-2,C,A,A,B,B,B,D,D,C,B,C,D,B,B,D,C,C,C,B,D,A,C,B,C,D,B,B,A,A,C,A,B,C,A,D,C,D,D,B,A,B,A,C,D,A,C,C,B,B,C,A,A,D,B,A,D,C,B,D,B
17161656-5,D,D,A,B,A,,B,A,D,C,B,D,C,B,D,C,D,C,B,D,A,C,B,D,D,,C,B,A,C,A,B,C,A,A,C,B,B,D,A,B,A,C,D,A,B,D,B,C,B,A,A,,A,,B,C,,,B
17659488-8,B,D,A,B,D,D,A,B,A,C,C,C,C,A,D,A,D,C,B,B,C,C,B,C,D,A,B,B,A,B,C,D,C,A,A,C,B,C,B,A,C,B,C,A,B,A,B,B,B,B,C,A,D,B,D,B,C,B,C,B
19590783-8,C,D,B,A,C,C,D,D,A,B,A,D,C,A,D,C,C,B,B,C,D,A,A,C,C,B,C,A,C,B,C,A,A,A,A,B,A,A,B,A,B,A,C,A,A,B,C,C,D,A,A,A,D,A,C,A,C,B,D,B
17343980-6,C,A,C,C,C,D,A,A,D,C,C,C,B,A,D,C,A,C,B,C,C,C,B,A,C,B,B,B,C,C,C,B,C,A,C,C,B,D,D,A,B,A,C,A,D,A,C,B,C,B,A,C,D,B,D,C,C,B,D,B
19688473-4,C,A,C,B,C,C,B,D,C,B,A,C,D,B,D,A,A,C,C,D,B,C,A,A,D,A,B,A,B,C,C,D,A,A,A,C,B,C,C,A,B,A,C,C,B,A,D,B,C,B,A,C,D,C,D,B,C,D,D,B
19241163-7,C,A,C,B,D,D,A,C,A,A,D,D,A,B,D,C,A,C,B,D,B,C,D,A,D,B,B,B,B,C,A,B,C,B,A,C,B,D,C,A,B,A,C,C,B,A,C,B,C,D,A,C,D,C,A,C,C,B,D,B
19488451-6,B,D,C,B,D,A,D,A,C,B,,D,A,C,C,C,A,,B,C,D,C,B,A,D,C,A,C,,C,D,B,B,,D,C,,D,C,,C,A,D,D,B,B,C,B,B,D,B,B,D,B,C,,C,B,D,C
18654526-5,B,B,B,B,D,C,A,A,D,C,B,D,A,A,D,A,A,C,B,B,A,B,A,A,D,B,B,A,B,D,B,B,C,A,C,B,B,C,A,A,A,C,C,D,D,A,C,A,D,B,A,A,B,C,C,B,C,B,C,B
19620568-3,B,D,A,B,D,C,A,A,A,B,A,D,B,B,D,C,A,C,B,D,C,C,B,C,D,C,C,A,C,D,B,B,C,A,A,C,B,D,A,A,B,B,C,C,B,B,C,A,C,B,B,C,D,A,B,B,C,D,D,C
19114888-6,C,D,C,B,D,D,A,D,D,A,C,C,D,B,D,C,A,C,B,C,A,B,C,C,D,B,B,B,B,B,C,B,A,A,B,C,C,A,C,A,B,A,C,C,B,B,C,A,D,B,D,C,D,A,D,C,C,B,D,B
17811347-K,C,A,C,B,D,D,A,C,C,C,B,D,A,B,D,C,A,C,A,D,A,C,A,A,D,B,B,A,A,C,A,B,C,A,C,C,B,C,A,A,A,A,C,A,B,B,C,B,C,B,D,C,D,A,D,B,C,B,D,B
18390339-K,C,D,A,B,D,D,B,D,C,A,C,D,A,B,D,C,A,C,B,D,A,A,C,A,D,B,B,A,A,C,B,D,C,A,C,C,B,D,C,A,C,A,C,C,A,B,D,B,C,B,A,C,D,A,C,C,C,B,D,B
17625132-8,C,D,D,A,C,D,B,C,D,C,C,C,D,A,D,C,A,C,B,C,C,C,C,D,D,C,B,C,B,D,B,B,C,A,D,C,A,D,B,A,B,A,C,D,B,B,C,B,C,B,B,C,D,D,C,A,C,B,D,B
17988571-9,C,D,C,B,D,D,A,C,C,A,B,D,D,B,D,C,A,C,B,D,A,C,B,A,D,B,B,A,B,C,B,D,C,A,C,C,B,D,C,A,B,C,C,A,B,B,C,B,C,B,A,C,D,A,D,D,C,B,D,B
18181433-0,C,A,C,B,C,C,A,A,C,A,B,D,A,B,D,C,A,C,A,D,A,C,B,C,D,B,B,B,B,C,B,B,C,A,B,C,B,A,C,A,B,C,C,A,D,A,D,B,D,A,A,A,B,A,A,C,C,B,A,B
17745856-2,C,D,D,D,D,A,D,A,D,A,C,D,B,B,D,B,A,B,B,D,C,C,C,A,C,A,B,C,B,D,C,B,C,A,C,C,B,D,C,A,A,B,C,A,B,B,D,B,C,D,A,A,D,A,A,C,C,B,D,B
17921620-5,C,D,A,B,C,C,D,A,A,A,B,B,D,B,D,D,A,C,B,C,C,C,B,A,D,B,B,A,A,C,A,B,C,A,A,C,C,C,A,D,A,A,C,A,B,B,C,B,C,B,A,B,D,C,A,A,C,D,D,D
19293296-3,C,D,D,B,D,D,A,D,C,A,D,D,C,B,D,C,A,A,B,C,C,C,B,C,D,A,A,A,C,B,B,B,D,A,B,C,B,B,D,A,B,C,C,A,B,B,C,D,A,D,D,B,D,B,D,B,C,B,D,B
16556875-3,C,D,C,B,D,D,A,A,D,B,B,D,B,B,D,C,D,C,C,D,C,B,B,C,D,B,B,B,A,C,A,B,C,A,C,C,B,A,C,C,A,A,C,A,B,B,C,B,D,B,A,C,D,D,C,C,C,B,D,B
19889648-9,C,D,A,C,C,A,B,D,D,B,D,D,A,C,D,B,C,C,B,B,B,C,A,C,B,B,C,B,A,C,C,C,A,D,D,C,C,D,B,C,C,A,A,A,D,B,C,B,B,D,A,A,D,A,D,C,A,B,D,B
18609207-4,B,A,A,B,D,D,A,C,C,A,B,D,D,B,D,C,A,C,A,D,A,C,B,A,D,B,B,A,C,C,A,C,C,A,A,C,B,D,C,A,C,A,A,A,B,A,C,B,D,C,A,A,B,A,D,C,C,B,D,B
17125971-1,B,D,A,D,D,D,C,A,C,C,C,D,C,A,D,A,D,C,B,D,B,C,B,A,D,B,B,C,A,B,C,D,C,A,A,C,B,A,B,A,C,B,C,A,B,A,B,B,B,C,A,A,D,B,D,A,C,B,D,B
19589793-K,B,A,C,B,D,D,A,A,D,B,D,D,B,A,D,B,C,C,B,D,A,A,A,D,D,A,B,A,C,C,C,D,C,B,B,B,,D,B,A,C,A,A,D,B,B,C,B,D,B,A,C,D,A,C,A,A,B,B,B
18625018-4,C,A,C,B,D,C,A,C,C,B,C,D,A,B,D,C,C,C,B,D,A,C,B,D,D,B,B,A,A,C,C,B,C,A,B,C,B,D,C,A,A,A,A,C,C,D,D,B,C,D,A,A,D,A,B,A,B,D,D,B
20901231-6,C,A,A,B,C,C,A,A,D,A,A,C,B,A,C,B,A,C,B,D,B,C,C,A,D,C,A,B,D,C,B,B,C,A,B,B,B,C,A,A,B,C,C,D,B,A,D,B,D,B,A,A,D,A,C,B,C,D,D,C
19506960-3,C,D,C,B,D,,A,,C,A,C,D,A,B,D,C,A,C,B,D,A,C,B,D,D,B,,A,C,C,C,B,A,A,,C,B,D,C,A,B,A,C,A,B,A,C,B,C,D,A,A,D,A,D,A,C,B,D,B
13250014-2,C,A,C,B,B,D,A,C,C,A,B,D,A,B,D,C,A,C,B,D,A,C,B,C,D,B,B,A,C,C,B,B,C,A,C,C,B,D,C,A,B,A,C,A,B,B,C,B,C,B,A,D,B,A,D,C,C,B,D,B
15566763-K,C,C,B,B,D,C,B,A,D,D,C,D,A,A,D,B,A,C,B,B,C,B,A,D,C,B,A,B,D,B,D,B,C,A,C,C,B,D,D,A,B,D,C,A,A,B,D,B,C,A,A,D,D,D,C,C,D,D,D,B
17231028-1,A,A,A,B,B,C,D,A,A,B,D,C,B,A,C,C,A,B,B,B,A,D,A,A,D,B,B,A,B,C,D,A,C,A,B,D,B,D,A,A,B,C,C,A,D,B,C,B,C,A,A,C,B,C,A,C,A,B,D,B
18960086-0,C,D,C,B,C,D,B,D,A,A,B,A,D,A,D,C,A,C,B,C,B,C,A,D,D,B,A,A,A,C,B,A,C,A,C,C,B,A,C,A,B,A,C,A,A,B,C,B,C,D,A,A,D,A,D,C,C,B,D,B
10636146-0,C,A,C,B,D,D,A,A,C,A,B,D,A,B,D,B,A,C,B,D,A,C,B,A,D,B,B,A,C,C,C,B,C,A,C,C,B,D,A,A,B,C,C,A,D,B,C,B,C,B,A,C,D,D,D,C,C,B,D,B
16435260-9,C,A,B,B,A,D,A,A,A,B,D,C,C,B,D,C,C,C,D,C,C,A,A,A,C,A,B,D,B,D,C,D,C,C,C,C,C,D,D,C,B,B,D,B,B,C,C,A,B,B,B,A,D,A,C,C,C,B,B,C
15695779-8,C,D,A,B,D,A,A,B,D,B,C,B,C,D,C,C,A,B,C,C,D,C,D,C,C,A,B,C,C,C,A,D,A,A,C,C,C,D,C,A,C,A,A,A,D,B,C,B,C,A,A,C,B,A,C,C,C,B,D,D
19498478-2,C,C,A,B,D,B,A,A,A,D,D,B,B,B,D,C,C,C,B,A,A,D,B,A,C,B,B,A,C,C,A,B,C,A,A,C,B,D,C,D,B,A,C,D,B,D,D,B,A,D,C,A,D,A,D,C,C,B,D,B
13343157-8,C,D,C,B,C,D,A,A,D,B,B,D,C,B,D,A,A,C,B,D,A,A,A,A,D,B,B,A,C,C,B,B,C,A,C,C,B,D,C,A,B,C,C,A,B,B,C,B,C,B,A,C,B,C,D,A,C,B,D,B
16473881-7,A,C,A,C,B,A,D,A,C,D,B,D,A,A,D,B,D,B,B,B,D,C,C,D,C,B,B,B,A,C,B,B,D,A,A,C,B,D,D,D,B,A,C,D,B,C,D,A,C,B,A,B,B,B,A,A,C,D,D,B
19184066-6,B,A,C,B,D,C,A,D,C,A,D,D,D,B,D,A,A,C,B,D,A,C,C,C,B,C,A,B,B,C,B,D,C,A,C,C,B,A,B,A,B,C,D,D,D,B,C,B,C,B,A,B,D,A,D,D,C,B,A,B
17345882-7,C,A,A,B,D,C,A,A,C,B,D,A,B,A,D,C,A,C,C,D,B,C,A,A,D,A,B,B,A,C,B,B,C,A,A,C,B,A,D,A,B,A,A,A,B,A,D,B,B,B,A,A,D,D,A,C,C,A,D,B
16068457-7,C,A,D,A,D,D,B,A,A,C,B,D,D,B,D,B,A,C,B,B,A,C,C,D,D,B,D,B,A,C,C,B,A,A,A,C,B,A,C,A,B,A,C,A,B,B,D,B,C,B,A,A,D,C,C,C,C,D,D,B
19610660-K,C,C,A,C,C,B,C,A,C,A,C,D,A,B,D,B,A,A,B,D,C,C,B,A,D,B,A,A,A,C,B,B,B,A,C,A,B,D,A,D,C,D,C,C,C,C,D,C,C,C,A,D,A,A,A,C,A,B,D,B
18280761-3,C,A,A,B,D,C,B,C,D,B,D,B,A,C,D,C,A,C,B,D,C,C,A,A,B,B,B,D,A,C,A,D,C,A,A,C,B,D,A,D,B,A,C,A,B,D,D,A,B,C,B,C,D,A,A,B,B,B,A,B
14148052-9,C,D,C,,D,D,A,,C,,C,D,C,B,D,,A,C,A,D,,C,C,D,D,B,B,A,B,C,,D,C,A,C,C,B,D,C,A,B,A,D,A,B,B,C,B,D,B,D,C,D,A,D,A,,B,,
17864990-6,C,D,A,A,C,C,B,A,B,A,A,D,D,B,D,C,A,C,B,B,D,B,B,D,C,B,C,D,A,C,C,D,A,A,A,A,B,B,C,D,B,C,C,D,B,B,D,A,C,A,A,A,B,B,A,A,C,C,B,B
17356772-3,C,D,C,B,A,D,A,A,B,B,C,D,B,B,D,C,A,C,B,C,B,A,B,A,D,B,B,C,A,C,A,B,B,A,C,C,B,D,D,A,B,C,A,D,B,D,D,B,D,D,A,A,D,B,A,B,C,A,D,B
18569174-8,B,A,C,B,D,D,A,D,C,B,B,B,D,A,D,C,A,C,B,C,A,D,B,D,D,B,B,A,A,C,B,B,C,A,B,C,B,D,D,A,A,C,C,C,B,B,D,B,C,D,D,A,D,B,A,C,C,B,D,B
19473731-9,D,D,B,B,D,B,D,B,C,A,D,C,B,C,D,C,C,C,B,D,C,A,D,A,C,A,D,C,B,C,C,B,C,A,D,D,C,B,C,D,B,A,D,B,A,B,D,D,B,B,A,C,D,D,D,B,C,C,D,B
18111475-4,C,D,C,B,C,D,A,A,D,A,D,D,C,B,D,C,A,C,B,B,C,C,C,D,D,B,B,C,A,C,A,B,C,A,B,C,B,A,A,C,B,B,C,D,B,B,D,B,C,B,A,C,D,D,C,C,C,B,D,B
18491829-3,C,D,C,B,A,C,B,A,C,C,C,C,A,B,B,B,A,C,B,C,B,B,C,D,D,B,B,C,B,C,A,D,C,A,C,C,B,A,C,A,C,B,C,C,C,A,A,D,C,A,A,C,D,C,D,C,C,B,D,B
16891799-6,C,A,C,A,C,D,D,C,D,B,D,C,A,A,D,C,A,C,C,A,B,C,A,B,B,C,B,B,B,C,B,C,C,A,D,C,C,A,B,A,B,C,C,D,C,B,C,B,C,B,D,C,D,D,C,C,C,D,D,B
18813856-K,D,D,D,D,C,C,C,A,D,B,A,D,B,B,C,B,B,B,B,B,A,C,A,B,D,B,D,A,B,C,B,A,C,B,B,D,B,D,C,D,B,C,C,D,D,B,D,B,C,B,A,C,D,B,C,C,C,D,D,B
19594737-6,C,D,C,B,D,D,A,C,C,A,B,D,B,B,D,C,A,C,B,D,A,C,C,A,D,B,B,A,B,C,B,D,C,A,C,C,B,D,C,A,B,C,C,A,A,B,C,B,D,B,A,C,D,A,D,A,C,B,D,B
14637824-2,C,A,C,B,D,C,B,A,C,B,D,D,C,C,D,B,D,C,A,C,A,C,A,B,A,B,B,A,A,B,C,B,C,A,D,C,B,B,A,D,C,A,C,D,A,B,D,B,C,C,D,A,D,D,D,A,C,B,D,B
18609029-2,B,D,A,B,B,D,A,A,D,B,C,B,A,B,D,A,C,C,A,A,C,C,B,A,D,A,B,B,C,D,C,A,D,D,B,C,B,D,D,D,D,C,C,A,D,D,B,C,C,B,A,C,B,A,C,C,A,C,C,B
19590337-9,B,A,B,A,B,D,B,A,C,C,A,C,A,B,B,C,A,C,D,D,D,C,A,A,C,D,A,B,B,B,A,C,C,C,C,A,C,D,B,A,B,A,C,C,B,D,D,A,D,D,A,A,D,B,A,C,C,B,D,B
16523543-6,C,D,C,A,A,C,C,B,A,D,D,A,B,B,B,C,A,C,B,A,C,D,A,A,D,B,B,C,C,C,A,C,D,C,A,A,A,D,A,C,C,C,A,D,B,C,D,B,B,D,A,A,C,D,C,A,C,B,B,B
15324946-6,A,A,A,B,B,C,A,B,A,B,B,C,D,B,D,B,C,C,B,C,B,C,B,A,D,B,B,A,B,D,A,B,C,A,B,C,B,A,C,C,C,A,C,A,D,B,C,B,D,B,A,A,D,A,A,A,C,B,D,B
19332334-0,C,C,A,B,C,D,B,D,C,A,A,D,A,B,D,C,A,C,B,C,C,C,C,D,D,B,B,C,C,C,B,B,C,A,C,C,B,D,C,C,A,C,C,A,D,A,D,B,C,B,A,B,D,A,D,B,C,B,B,B
17517285-8,C,D,C,B,D,D,A,C,C,A,C,D,A,B,D,C,C,C,B,D,A,B,B,A,D,B,B,A,C,C,B,D,C,A,C,C,C,D,C,C,C,A,A,A,B,B,D,B,C,B,A,D,D,A,D,C,C,B,B,B
18718726-5,B,A,B,C,A,D,A,D,B,A,C,A,D,B,C,C,A,C,C,D,D,B,C,C,D,B,B,A,B,C,A,B,A,B,A,C,B,D,B,A,B,C,C,A,B,B,D,B,B,D,A,C,D,A,C,B,C,B,B,B
18571482-9,C,D,B,B,B,B,B,C,C,B,A,B,C,A,B,C,D,C,D,C,B,C,D,A,D,D,A,C,C,B,A,D,A,A,A,C,B,C,B,A,C,A,D,D,B,A,D,C,A,A,B,C,B,D,D,C,C,C,A,C
15607647-3,,C,A,D,,,B,,A,C,C,D,B,B,D,C,C,C,C,,A,C,B,C,C,B,A,A,A,C,A,,C,A,C,C,B,D,C,A,C,A,C,,,B,C,B,D,D,B,C,D,A,A,C,C,,D,B
15991094-6,C,A,D,B,D,D,A,A,C,B,B,D,B,B,D,C,C,C,B,D,A,C,A,A,C,B,B,A,B,C,B,D,C,A,C,C,B,D,C,A,A,C,C,C,B,A,C,C,D,D,A,A,D,C,D,C,C,D,D,B
19469620-5,C,D,C,B,D,D,A,A,A,A,C,D,A,B,D,C,A,C,B,D,A,C,A,D,C,A,B,C,C,D,C,A,C,A,B,C,C,A,C,A,B,A,C,A,D,B,C,B,C,B,A,C,B,C,C,C,C,C,D,B
17027297-8,C,C,A,A,D,C,B,C,C,B,C,C,C,B,B,C,C,D,B,A,A,A,B,A,C,B,B,B,C,D,A,A,C,A,B,C,B,C,A,A,B,C,C,D,D,D,C,D,B,C,B,A,D,B,A,B,A,B,C,B
16611997-9,C,A,C,B,C,C,A,D,A,A,B,C,D,B,D,A,C,C,B,C,A,C,B,B,A,A,B,A,B,C,A,B,C,A,D,C,B,A,A,A,D,A,C,A,B,B,C,B,D,D,A,C,D,D,A,C,C,A,D,B
14207296-3,C,A,A,A,D,C,,A,A,A,D,A,C,A,C,C,A,C,B,A,,D,B,C,D,B,B,C,C,C,A,,C,C,C,C,D,D,D,A,C,B,C,A,D,,C,,B,B,B,A,D,C,C,,D,B,D,B
18118530-9,B,B,C,B,D,D,B,A,D,A,C,D,D,A,D,C,A,C,B,D,A,C,C,A,D,A,B,A,B,C,C,D,C,A,C,C,B,D,B,A,B,A,D,A,D,B,C,B,D,C,A,B,D,A,D,C,C,D,D,B
17495606-5,C,A,B,B,B,C,A,D,C,B,A,C,A,A,D,B,A,C,B,A,B,A,C,C,D,C,B,B,A,C,C,C,C,C,D,C,B,D,A,B,B,A,C,D,D,D,D,C,B,B,A,A,B,D,C,C,C,D,D,B
18801087-3,A,B,B,B,D,C,B,D,C,D,C,C,A,C,D,A,C,A,A,C,B,C,A,B,B,B,A,C,A,D,C,A,C,A,C,C,B,D,A,A,B,A,C,A,A,A,D,A,B,B,B,B,D,D,A,A,D,B,A,B
13336007-7,C,D,C,B,A,D,A,D,C,A,B,D,C,B,D,C,A,C,B,D,A,C,B,D,D,B,B,A,B,D,B,D,C,A,C,C,B,D,C,A,A,A,D,A,B,B,C,B,D,B,A,C,D,A,D,C,C,B,D,B
18921861-3,C,D,A,A,C,C,B,C,D,B,A,D,A,A,D,C,C,C,C,A,C,C,D,C,C,A,B,D,A,B,C,A,A,C,D,C,B,D,B,C,B,B,C,B,B,A,D,D,D,A,B,C,B,A,C,C,A,B,D,B
18776542-0,C,D,A,A,A,A,D,A,B,B,B,D,B,B,D,B,A,C,C,D,A,C,A,A,D,B,B,B,A,D,C,D,C,A,B,C,B,D,D,A,B,C,A,C,C,A,C,B,D,D,B,A,D,B,C,C,C,B,D,A
19474162-6,C,A,B,A,D,D,B,A,D,A,A,D,A,C,C,B,A,C,B,D,B,A,C,D,C,B,B,B,A,C,A,C,C,A,A,C,B,A,A,B,B,C,A,A,B,D,D,A,C,B,B,A,B,A,C,C,A,B,A,B
19804346-K,B,D,B,D,D,D,A,D,A,B,B,D,A,A,D,A,D,C,B,D,D,C,C,D,C,B,D,D,A,C,A,A,B,A,C,C,B,A,A,A,B,A,C,A,B,B,C,B,D,B,A,A,D,D,C,C,C,B,D,B
19672927-5,B,D,D,D,D,C,B,D,A,A,B,C,A,B,D,A,A,C,B,C,D,D,B,C,D,C,D,C,A,C,C,B,A,A,C,C,B,D,D,A,B,A,C,D,D,C,C,A,A,B,D,A,D,D,A,A,C,B,D,A
16700493-8,,C,C,B,A,,C,,C,B,,D,A,A,D,C,C,C,A,D,D,C,B,D,D,A,B,A,,,B,D,C,A,C,C,A,C,D,C,B,C,C,D,B,B,C,B,C,B,A,C,D,A,D,C,C,B,D,B
18838714-4,C,D,B,B,A,D,B,A,D,A,D,D,A,B,D,C,C,C,B,D,C,B,B,D,D,B,B,A,B,C,C,B,C,B,A,C,B,D,C,D,B,A,C,D,B,B,C,B,D,C,D,C,D,D,A,D,C,B,D,B
18476213-7,D,D,A,A,B,D,B,A,A,A,D,D,B,B,D,A,A,C,B,A,B,B,A,D,C,B,B,C,A,B,A,A,C,C,D,C,B,C,A,B,C,C,D,D,A,B,D,A,C,D,B,B,D,C,C,A,D,D,D,B
10654208-2,D,D,A,D,D,C,C,A,C,A,C,D,D,B,D,C,A,C,B,B,A,C,A,A,D,B,B,A,B,C,C,B,C,A,B,C,B,D,C,C,B,C,C,A,B,A,D,B,B,C,A,C,D,A,C,C,C,B,D,A
19590416-2,B,D,B,A,A,C,D,A,A,A,A,C,C,B,D,B,A,D,C,C,D,D,D,A,C,A,A,C,B,D,D,D,C,A,B,C,B,D,A,B,B,A,C,D,B,B,D,D,B,B,D,C,B,A,C,D,C,B,D,B
18895503-7,B,C,A,C,C,B,C,A,A,D,C,D,D,B,D,B,C,B,C,B,C,C,C,D,B,B,C,C,A,D,B,C,C,A,A,C,B,A,B,A,B,C,C,C,B,C,D,C,C,B,A,A,A,A,C,D,C,D,C,B
18083964-K,C,A,B,A,A,C,B,A,A,B,C,C,A,A,B,C,C,C,B,C,C,A,B,D,D,C,A,B,A,B,C,C,C,B,B,C,B,D,B,A,B,B,A,D,D,B,C,B,C,C,C,A,D,C,C,D,D,B,A,B
17127485-0,C,D,A,B,B,C,B,D,A,A,B,C,A,D,D,B,C,C,B,C,A,A,A,C,C,B,B,B,B,D,B,B,C,A,A,B,B,D,C,D,B,C,A,D,B,B,D,B,D,B,B,A,D,D,C,C,D,A,D,B
18558998-6,C,C,C,B,D,D,A,A,C,B,B,D,A,B,D,C,A,C,B,D,A,C,A,A,C,A,B,A,A,C,B,B,C,A,C,C,B,D,C,A,B,A,C,C,D,B,C,B,D,B,D,C,A,C,D,C,C,B,D,B
19471173-5,B,D,A,C,D,A,B,A,D,C,A,D,B,B,D,B,A,C,B,D,C,A,A,A,D,B,B,D,D,C,A,D,C,A,C,C,C,C,B,D,C,A,D,D,C,B,C,C,C,B,A,C,B,A,C,A,C,D,A,B
17301788-K,C,A,A,B,A,D,C,D,D,B,D,D,A,A,D,C,A,C,B,D,C,C,A,D,B,B,D,C,A,C,C,B,C,A,A,C,B,B,B,A,B,A,C,D,D,B,C,B,C,C,D,C,D,A,C,B,C,B,D,B
18018317-5,B,D,A,B,C,C,A,A,C,B,A,C,A,B,D,C,C,C,C,A,D,C,C,A,C,A,B,C,A,D,C,D,C,A,C,A,B,D,D,A,B,C,C,D,B,B,C,B,D,B,A,A,D,D,D,C,C,B,D,B
17872366-9,C,A,C,A,C,A,A,A,C,A,B,C,D,B,D,C,C,B,B,D,A,C,A,A,D,B,B,A,C,C,B,B,C,A,C,C,B,D,A,A,B,A,C,A,D,B,C,B,C,D,A,C,D,A,D,C,C,B,D,B
19074788-3,C,A,C,B,D,D,A,A,A,A,C,D,B,B,D,B,C,B,B,D,A,C,C,A,D,B,B,B,A,C,D,B,C,B,C,C,B,D,B,A,A,A,C,D,B,A,D,B,D,B,A,C,D,A,D,C,C,B,D,B
17198705-9,C,D,C,B,C,D,B,A,C,A,C,B,A,A,D,C,A,C,B,B,A,C,A,D,A,C,A,A,A,C,C,B,C,A,D,C,B,D,D,B,C,C,C,D,B,B,C,B,C,A,A,C,D,D,C,C,C,B,D,C
19804456-3,D,D,C,A,B,C,B,D,A,A,A,A,B,B,C,C,C,C,B,D,C,C,B,D,D,B,D,A,B,C,A,D,C,A,B,C,C,A,A,A,B,C,C,D,B,C,C,B,C,B,A,A,D,D,D,C,C,C,D,B
18417779-K,C,A,A,A,D,C,B,D,D,C,B,C,C,A,C,A,C,B,B,C,B,B,A,C,C,B,B,B,B,B,B,B,C,B,B,C,A,C,A,A,B,A,C,A,B,B,C,B,C,B,A,A,D,D,A,B,C,B,D,B
17693436-0,A,D,A,A,C,D,A,D,C,D,D,C,D,A,D,C,C,C,B,D,B,C,A,D,D,B,B,A,B,C,A,B,C,A,B,C,B,D,C,B,A,C,A,D,B,B,A,B,C,D,B,C,B,C,A,A,C,D,D,B
16212126-K,B,D,A,A,B,C,,A,D,A,D,D,D,A,B,C,A,C,C,B,B,D,B,A,D,B,B,C,B,D,C,A,C,A,B,D,B,A,C,A,B,A,C,A,B,B,C,B,C,B,A,C,D,D,A,C,C,B,D,B
19757177-2,D,A,B,A,C,C,A,A,A,B,D,B,A,A,B,B,A,D,B,A,C,A,D,B,D,B,B,D,B,B,A,D,D,A,C,A,A,A,C,B,C,A,A,A,A,C,C,B,D,C,C,A,B,C,A,D,A,C,A,B
17689939-5,C,B,A,B,C,D,B,A,B,D,A,D,D,A,D,C,A,C,B,C,C,D,B,D,D,B,B,B,B,C,C,C,C,B,A,C,D,A,C,D,C,C,C,D,C,B,C,B,D,B,A,A,D,C,D,C,C,B,D,B
18419721-9,,D,C,C,C,C,A,A,D,A,A,C,C,B,B,A,A,C,A,C,D,C,B,A,C,B,A,A,C,C,A,C,C,A,B,,B,A,A,A,A,A,C,D,B,B,C,C,A,C,A,B,B,A,A,C,A,B,A,A
17934786-5,C,A,A,A,C,D,B,A,C,B,C,C,C,B,D,C,A,C,B,C,C,C,B,A,C,B,B,A,A,C,B,B,C,A,D,C,B,D,A,A,B,A,C,D,D,B,C,B,B,B,D,A,D,A,D,D,C,A,D,B
19136726-K,C,D,C,B,D,D,A,D,C,A,B,D,D,B,D,B,A,C,B,D,C,C,C,A,A,B,B,A,B,C,B,B,C,A,D,C,B,C,C,C,B,A,C,A,B,D,C,B,C,B,A,C,D,B,C,A,A,B,D,B
16465718-3,C,D,C,B,D,D,B,D,A,C,C,D,B,A,D,B,C,C,A,D,D,C,B,A,D,B,B,A,A,C,A,D,C,A,A,C,B,D,A,A,B,B,C,A,B,C,D,D,C,C,A,D,C,D,D,C,C,B,D,B
18395815-1,C,D,D,B,C,C,A,D,C,D,B,D,B,B,D,C,A,D,B,D,C,C,B,D,D,B,B,B,B,C,A,B,A,A,B,C,B,C,C,A,B,C,A,A,D,B,C,B,B,B,A,C,D,A,D,C,C,B,D,B
18412363-0,B,D,D,B,D,C,A,A,D,D,C,D,A,B,D,C,D,C,B,B,D,C,B,A,B,B,B,D,B,C,D,B,C,A,A,C,B,A,A,D,B,C,C,A,B,B,D,B,C,C,A,A,D,A,C,C,C,A,A,C
13901568-1,C,D,A,B,C,B,C,D,C,A,B,D,D,B,D,B,A,C,B,D,A,C,C,A,B,B,B,B,A,C,A,D,C,A,D,D,B,D,A,A,B,A,C,A,B,A,C,B,A,C,A,A,B,B,A,C,C,B,D,B
18219322-4,B,D,A,B,A,D,C,C,D,B,B,D,B,A,B,C,A,C,B,C,A,C,C,D,D,B,C,B,A,D,B,B,A,B,B,C,B,D,D,A,B,C,A,A,C,B,C,B,B,A,A,A,D,D,D,D,C,A,D,B
18664004-7,C,A,B,D,D,C,B,A,A,B,D,A,A,B,D,C,D,B,B,C,D,B,B,B,D,B,C,A,A,C,A,B,C,A,B,C,B,C,A,D,B,B,C,D,B,A,D,B,C,B,D,C,B,B,D,C,C,B,D,B
18505790-9,C,B,D,A,D,C,B,A,A,B,A,A,C,C,B,B,C,C,D,A,A,D,A,C,C,C,C,B,D,A,B,D,D,A,D,A,B,A,C,C,B,D,A,A,C,B,C,D,A,D,C,B,D,C,C,A,C,B,D,B
17815738-8,C,A,C,B,C,D,C,A,D,A,C,D,C,B,B,A,A,D,C,D,B,D,D,D,C,B,B,D,A,B,D,B,B,A,C,C,D,A,B,D,C,C,C,C,D,C,D,B,D,B,C,A,A,B,D,A,C,C,D,C
17327203-0,B,D,C,A,D,C,,A,A,C,A,D,C,B,C,C,A,C,A,A,B,C,C,A,D,B,B,A,C,D,C,D,C,A,C,C,B,D,C,A,C,A,C,A,C,B,D,A,D,B,A,D,C,D,A,D,B,B,D,D
17726101-7,B,D,A,B,D,C,D,A,A,D,D,B,C,B,B,C,C,B,C,A,B,D,B,C,C,B,,C,A,,,C,C,C,B,B,A,D,A,B,C,A,A,D,D,D,C,A,B,B,A,C,,A,A,C,A,B,,B
