RUN,
18589625-0,C,A,B,C,A,B,D,D,A,B,C,A,B,A,A,A,B,B,C,A,A,A,B,A,A,D,B,C,A,C,D,A,C,A,C,A,D,C,C,D,A,C,D,B,C,C,A,C,A,B,C,A,B,C,A,B,B,D,C,B
19057259-5,B,D,B,C,D,A,B,B,C,A,C,B,D,C,C,B,B,B,C,C,C,C,C,C,A,A,C,B,B,D,D,B,B,D,B,A,B,C,A,D,C,A,D,C,C,A,D,D,D,A,A,A,D,D,B,C,B,D,A,B
18830807-4,C,A,B,C,B,A,B,D,A,B,C,B,A,C,C,A,A,D,D,A,C,D,D,D,C,D,C,D,B,B,C,A,A,A,C,B,D,B,C,D,C,A,A,D,B,A,A,D,D,C,C,A,B,C,B,A,B,D,A,B
19275249-3,C,A,A,C,D,B,D,C,D,A,A,B,C,C,B,A,A,D,C,C,C,D,B,C,C,D,C,C,A,B,B,B,C,A,C,A,D,A,D,D,C,A,C,D,C,D,D,C,C,A,A,A,A,C,B,A,D,C,D,B
17860540-2,C,A,B,C,C,D,D,D,A,A,C,D,A,A,C,A,B,B,D,B,C,D,B,A,C,A,D,A,C,B,C,A,C,A,C,D,D,B,C,D,D,A,C,B,C,B,A,A,A,C,C,A,B,A,B,A,D,D,C,B
19474054-9,C,B,D,D,C,B,D,D,A,B,C,B,C,B,B,D,B,C,D,D,C,D,A,D,C,B,B,D,B,C,C,C,B,A,C,B,D,D,C,A,C,C,D,D,C,C,D,D,C,A,D,B,B,C,A,A,C,A,B,B
18145061-4,C,A,D,C,B,D,A,D,A,B,A,B,B,A,C,B,B,A,C,B,C,D,B,D,C,D,B,D,B,B,C,B,C,A,C,A,B,C,A,D,D,B,D,D,C,D,A,D,C,C,A,D,B,D,B,B,B,D,C,B
18841776-0,C,A,C,C,D,A,B,D,A,B,C,B,C,D,C,D,B,C,C,B,C,D,A,B,C,A,A,A,B,B,D,D,A,A,C,B,B,D,C,D,A,B,D,D,C,D,D,C,C,A,C,B,A,A,B,A,D,D,B,B
13461488-9,C,A,A,C,D,D,A,D,A,B,C,B,B,A,C,B,C,B,C,A,C,D,B,D,D,A,B,C,D,B,C,A,C,D,B,B,D,D,C,D,A,B,A,B,C,A,D,C,A,C,C,D,B,C,B,A,D,D,C,B
18540964-3,C,,B,C,D,A,D,C,C,B,A,B,B,A,C,,B,,C,A,C,A,C,D,C,D,B,A,C,B,,B,C,,D,D,D,A,C,D,,A,D,B,B,,A,D,D,C,C,A,D,A,B,A,B,A,C,B
19607323-K,B,A,B,C,B,D,D,D,A,B,C,B,D,A,C,A,A,C,D,D,C,D,B,D,C,B,D,D,B,C,D,A,A,A,B,B,D,B,D,D,C,A,D,B,C,D,D,C,A,C,D,A,B,C,B,A,D,A,C,B
18925023-1,C,B,B,C,A,D,A,D,A,B,C,A,C,A,C,B,B,C,C,A,A,D,B,D,A,D,B,D,A,B,D,B,C,B,C,A,D,B,C,D,D,B,B,B,C,A,A,D,A,C,B,B,C,C,A,A,B,D,C,B
15792393-5,B,B,B,C,A,B,C,B,A,B,C,C,C,A,C,A,A,B,D,B,C,D,C,B,A,D,B,C,B,B,D,B,C,A,C,A,D,B,C,D,D,B,A,A,C,D,D,B,A,C,D,B,B,A,B,A,B,A,C,B
18924510-6,D,C,C,D,D,D,D,D,C,A,D,B,A,D,C,B,A,A,D,A,C,D,B,C,B,D,A,D,A,B,D,D,C,A,B,A,D,A,C,D,C,A,C,D,A,D,C,B,A,D,A,B,B,A,B,A,B,D,C,B
19326459-K,D,A,B,C,A,D,B,D,A,B,A,B,A,B,C,B,C,B,C,D,C,D,B,B,C,A,B,D,C,C,B,A,A,A,A,C,D,C,C,D,C,A,B,D,C,D,A,D,A,B,A,A,B,A,B,B,D,D,C,B
16100425-1,C,A,B,C,B,D,D,D,C,B,C,B,B,C,C,A,A,B,D,A,C,C,A,D,C,A,D,C,B,C,D,A,C,A,C,B,B,B,D,D,D,A,D,D,B,A,D,C,D,B,C,C,B,C,B,A,B,A,B,B
18354967-7,C,A,B,C,C,D,D,D,C,B,C,B,B,A,C,B,A,C,D,A,C,D,B,B,C,B,B,D,B,B,D,A,C,A,C,A,A,B,C,D,C,A,C,B,C,B,D,C,A,C,C,A,B,C,B,A,B,D,C,B
13757726-7,C,A,A,C,C,A,B,D,A,B,C,D,B,A,C,B,C,B,C,A,C,D,B,D,C,C,B,D,B,C,D,A,B,A,B,D,D,D,C,D,C,A,A,D,C,C,D,D,A,C,C,A,A,A,B,A,B,A,C,B
18799198-6,C,A,B,C,A,B,C,C,D,B,C,D,B,A,C,B,B,B,A,D,C,C,A,B,C,B,A,C,B,B,D,A,B,A,B,A,D,B,B,D,C,A,C,D,C,A,D,C,A,C,C,B,B,A,B,A,B,A,C,B
17812944-9,C,A,B,C,B,C,B,D,A,B,C,B,A,A,C,A,C,B,C,D,C,D,B,D,C,C,B,D,B,B,D,A,C,D,C,C,D,B,C,D,C,B,D,D,C,B,D,C,A,C,C,A,B,A,B,A,B,D,C,B
18758861-8,D,A,B,C,D,D,C,D,A,B,C,B,B,A,A,B,C,B,D,D,A,D,B,C,C,C,D,C,C,C,C,B,A,A,C,B,D,A,A,D,D,A,D,D,C,A,A,D,A,B,C,B,B,B,B,A,B,D,C,B
8159900-9,D,A,D,C,B,D,B,C,A,B,D,C,D,A,C,A,A,C,C,B,C,D,C,B,C,D,B,C,A,B,D,A,C,D,D,C,D,A,A,D,A,B,A,D,C,D,D,D,A,C,C,A,B,A,D,B,B,D,B,B
16266906-0,C,A,B,C,D,D,D,D,C,B,C,B,B,A,C,A,B,B,C,D,C,D,B,D,C,D,B,D,B,C,D,B,C,A,C,A,D,B,C,D,C,A,C,B,C,C,A,C,A,C,C,B,A,A,B,A,D,D,C,B
16800667-5,B,A,B,C,A,C,B,B,A,B,B,D,C,A,C,A,A,B,D,A,C,D,B,B,D,A,C,C,B,B,B,A,C,,C,D,D,B,B,C,C,A,C,D,C,A,A,D,A,C,D,B,D,A,B,A,B,D,D,D
19663795-8,C,A,B,C,A,C,C,C,A,B,C,A,B,C,D,B,C,C,B,A,C,D,D,B,A,C,A,D,C,C,C,C,A,B,C,A,A,A,C,A,B,A,D,C,B,C,A,D,A,C,D,D,A,A,B,C,D,A,C,B
19526150-4,C,A,D,C,D,A,B,D,A,B,C,B,B,A,C,B,D,B,B,A,C,D,B,D,C,B,A,D,D,B,D,A,C,D,C,B,A,C,C,D,C,A,C,D,C,A,A,D,A,C,B,B,B,D,D,A,B,C,C,D
19202027-1,D,C,C,D,C,D,A,B,B,B,C,A,B,D,B,B,,C,,C,C,C,C,B,D,A,B,C,B,B,D,D,C,A,,A,A,D,B,A,C,B,B,D,C,A,D,B,D,C,C,B,A,A,A,A,D,A,,B
16653789-4,D,A,A,C,C,B,A,A,A,B,C,C,A,A,C,A,B,B,D,A,C,D,D,B,B,A,D,B,B,B,B,A,A,A,C,D,D,C,B,C,A,C,B,A,B,B,A,C,C,C,B,B,A,C,B,A,B,D,D,A
18904996-K,C,A,C,C,D,B,C,D,A,B,C,B,B,C,C,A,B,B,C,B,C,D,B,B,C,D,B,D,B,B,D,A,C,C,C,A,D,D,C,A,D,D,B,B,C,A,D,C,A,A,C,B,A,A,B,D,B,D,C,B
18560344-K,C,A,A,C,A,B,D,D,A,B,C,B,C,A,C,B,A,B,C,D,C,C,B,D,C,A,A,D,C,C,D,B,A,A,C,B,A,B,C,D,D,A,C,D,C,A,D,C,B,C,B,D,B,C,B,A,B,D,C,B
16942918-9,C,B,C,C,D,A,A,B,A,B,A,D,A,A,C,A,A,B,C,D,C,D,C,B,C,D,B,D,C,B,C,B,C,D,C,B,A,D,A,C,D,C,C,D,C,D,A,C,D,C,C,A,B,C,B,A,D,A,C,B
19072277-5,C,A,C,C,D,B,C,D,B,B,C,D,C,C,B,B,B,B,C,C,C,A,C,D,A,A,B,D,B,A,C,C,B,A,C,A,B,D,C,D,C,D,B,B,A,D,A,D,A,A,D,D,A,A,D,A,D,C,A,B
19299128-5,C,A,D,C,D,B,C,D,C,B,C,B,A,B,C,A,B,B,C,A,C,C,A,D,A,C,B,D,D,C,D,B,A,A,C,B,A,B,D,D,D,B,B,B,C,A,A,B,A,C,C,B,A,A,B,D,B,D,C,B
16067908-5,C,A,B,C,C,B,D,D,A,B,C,B,B,A,A,B,B,B,D,D,C,D,B,B,C,B,A,D,B,C,D,A,C,A,C,D,D,A,C,D,B,A,C,D,C,A,D,B,A,C,C,A,D,C,B,B,B,D,C,B
18593205-2,C,A,B,C,D,D,D,D,A,B,C,B,B,A,C,B,A,B,C,D,C,D,B,C,C,B,B,B,B,C,D,A,C,B,C,B,D,D,C,D,C,A,D,B,C,A,A,B,A,C,C,A,B,A,D,A,B,D,C,B
19444078-2,C,A,D,C,D,A,A,D,A,B,C,D,C,A,C,A,B,B,C,A,C,D,B,D,C,A,D,D,B,B,D,A,A,A,C,A,D,C,A,D,C,A,C,B,C,A,A,D,B,B,A,B,B,A,B,A,B,D,C,B
17165918-3,C,A,A,C,A,B,A,B,A,B,C,C,B,A,A,C,C,B,C,A,C,D,B,A,D,D,C,D,B,C,D,A,C,A,C,A,D,B,C,D,C,A,B,D,C,A,A,D,A,A,D,B,B,A,B,A,B,D,C,B
12873090-7,C,D,D,C,A,A,D,B,A,B,A,B,A,A,B,A,A,B,C,A,C,C,B,D,C,A,B,B,C,B,D,B,A,C,C,C,A,B,B,D,D,A,D,D,C,B,B,D,A,C,C,A,A,C,B,A,B,D,C,B
17250506-6,C,A,A,C,B,C,D,D,A,B,C,B,B,A,D,B,C,B,D,D,C,D,C,D,C,D,B,D,B,B,D,A,C,C,,B,D,A,C,D,C,A,D,D,C,,D,C,A,A,C,B,B,C,B,A,B,D,C,B
16041279-8,C,A,D,C,D,D,B,D,B,B,C,D,A,C,B,,,B,,,C,D,B,D,C,D,A,C,B,B,D,B,C,,,D,D,A,D,D,B,A,C,D,C,,D,B,A,C,D,C,B,A,B,A,B,A,C,D
19085322-5,B,C,D,C,A,B,B,C,A,B,D,B,B,B,C,A,A,C,B,A,C,D,,D,C,A,A,A,B,B,C,B,A,A,C,A,B,D,B,D,C,A,D,D,B,B,A,D,A,C,C,B,B,A,D,B,B,D,C,B
19363894-5,C,A,D,C,D,B,D,D,A,B,C,B,B,C,C,A,A,B,C,A,C,D,B,C,C,D,B,D,A,B,D,B,C,A,C,A,D,A,C,D,C,A,D,B,C,A,A,D,A,A,B,D,A,C,B,A,B,A,C,B
19927208-K,C,A,D,C,D,B,C,D,A,B,C,B,B,D,C,A,B,B,C,A,C,B,B,D,C,D,B,D,B,B,D,A,C,A,B,A,D,C,C,D,C,A,C,D,C,C,A,D,B,C,C,D,A,C,D,A,B,D,D,B
13028388-8,C,A,D,C,D,B,D,D,B,B,C,B,B,A,C,B,A,B,D,A,C,D,B,D,C,D,B,D,B,C,D,A,C,A,C,B,D,B,C,D,C,A,B,B,C,A,D,C,A,C,C,B,B,A,D,A,B,D,B,B
19614217-7,C,A,B,A,B,A,B,D,C,B,C,B,B,A,C,A,C,A,D,D,C,D,B,D,C,D,D,D,B,B,D,B,A,A,C,B,D,A,C,D,C,A,B,D,C,A,A,D,A,C,C,B,A,C,B,A,B,D,C,B
19171565-9,C,A,D,C,A,D,C,B,A,B,D,B,B,A,C,A,D,B,A,A,C,D,B,D,C,A,D,D,C,B,D,A,C,A,C,A,D,B,C,D,C,A,D,D,C,B,A,C,A,C,C,A,B,C,A,A,B,A,C,B
18621767-5,C,D,D,C,D,A,B,D,A,B,C,B,B,B,C,A,A,B,C,B,C,C,D,D,C,C,D,C,B,A,D,B,C,A,C,A,B,B,D,D,C,A,D,D,C,A,A,C,C,C,D,B,A,A,B,A,B,A,B,B
16068755-K,D,A,D,C,A,B,C,B,A,B,C,B,B,A,B,B,C,B,C,A,C,D,B,A,A,D,C,C,C,B,D,A,A,A,B,B,D,C,A,D,A,A,C,D,B,C,D,B,A,C,A,D,C,A,B,A,B,D,C,D
18266134-1,C,A,B,C,B,A,B,D,A,B,C,B,B,B,C,A,C,B,D,D,C,D,B,D,C,D,B,D,B,B,D,A,C,A,C,B,D,A,C,A,D,A,D,B,C,A,A,D,A,C,C,B,A,C,B,B,D,D,D,B
19660243-7,C,B,C,C,C,D,D,B,C,B,B,C,D,D,D,D,B,B,C,A,D,D,B,C,A,A,B,A,D,C,D,A,C,A,C,A,D,A,B,D,C,D,B,D,C,A,A,D,D,C,C,B,A,A,D,A,B,B,A,B
19757347-3,C,A,C,C,D,D,B,D,A,B,C,B,B,A,C,A,C,B,C,D,C,D,B,D,D,A,C,D,A,C,D,D,A,D,C,A,D,A,D,D,C,A,B,B,C,C,D,D,A,C,B,A,D,C,B,A,B,D,C,B
19551788-6,C,A,A,C,B,B,D,D,A,B,D,B,A,A,C,A,C,C,C,D,C,D,B,B,B,B,C,C,C,B,D,D,C,A,C,C,D,B,C,A,D,B,D,D,C,A,A,C,D,C,C,B,A,A,B,C,D,A,C,D
14091983-7,C,,B,C,B,C,C,C,A,B,B,B,A,B,C,B,,,A,,C,,,B,D,,A,D,B,B,D,D,,,,B,B,A,,A,C,C,A,D,C,D,A,C,A,B,B,A,B,D,B,A,B,D,D,D
19153825-0,C,A,C,C,C,D,A,D,A,B,C,B,A,C,C,A,C,B,C,A,C,D,B,D,C,A,C,A,A,B,C,A,A,A,C,D,A,B,C,D,C,A,B,B,C,A,A,D,A,A,C,A,B,C,B,A,B,A,C,B
17616804-8,C,A,C,C,D,A,C,B,A,B,C,D,B,D,D,A,C,B,C,A,C,C,A,D,C,B,A,C,B,B,C,D,C,A,C,A,A,D,C,A,D,A,D,D,C,D,D,C,B,A,B,A,B,A,D,A,B,D,C,B
19108836-0,D,A,A,C,B,A,D,D,C,D,A,B,A,A,B,A,C,B,C,D,C,D,C,D,C,A,A,C,D,B,C,B,C,A,C,B,D,C,C,C,A,B,D,B,C,D,A,D,D,C,A,A,A,C,B,B,B,D,C,B
19670384-5,C,B,B,C,C,D,A,C,A,B,C,B,A,A,C,A,B,B,C,A,C,C,B,D,C,D,B,D,B,B,D,D,A,A,B,B,B,D,D,D,D,A,C,B,C,B,A,D,A,B,C,B,A,C,B,D,B,D,D,B
17663317-4,C,A,B,C,C,B,A,D,A,B,C,D,A,A,C,A,B,B,C,D,C,D,B,D,C,B,D,A,B,B,D,B,C,D,B,A,B,B,C,D,C,B,B,D,C,A,A,D,A,C,D,A,B,C,B,A,B,D,A,B
13065372-3,C,A,A,C,B,C,B,B,B,B,B,A,B,A,C,B,A,A,B,D,C,D,A,B,A,A,A,C,B,B,D,A,A,B,A,A,D,B,C,C,D,C,D,D,C,A,A,A,A,B,D,A,B,A,B,A,D,A,C,B
17399653-5,C,A,C,D,C,A,D,B,A,B,C,B,B,C,C,A,B,D,A,D,B,D,C,A,A,A,D,B,A,B,B,A,A,A,D,A,B,C,C,C,C,A,D,D,C,D,D,B,D,B,B,C,A,C,D,B,D,B,A,B
19328445-0,C,A,D,A,C,B,D,B,A,D,C,D,C,A,D,A,B,B,C,A,C,D,D,A,C,D,B,D,B,D,C,A,C,D,B,A,B,A,D,C,A,B,D,B,C,C,A,D,B,B,A,D,D,A,B,A,B,A,A,B
19569381-1,C,A,A,C,C,D,B,D,C,B,A,B,C,C,B,D,D,C,D,C,C,D,D,B,D,A,B,A,C,C,D,B,A,A,A,B,D,D,A,C,C,B,A,D,B,B,D,D,C,D,D,B,B,D,A,A,B,B,A,D
19446286-7,C,A,B,C,B,D,B,D,B,B,A,C,C,C,C,B,A,B,B,B,C,D,D,B,D,D,A,C,D,B,C,B,A,D,B,D,D,D,C,A,C,D,B,D,B,B,D,B,B,B,C,B,B,A,D,A,B,A,B,B
10982270-1,C,A,B,C,D,B,A,C,A,B,B,A,B,A,D,A,A,B,D,C,C,A,C,C,A,A,C,C,C,D,C,A,B,B,C,A,A,D,B,D,A,B,D,D,C,C,D,B,D,C,A,A,A,C,B,A,B,A,B,B
19104767-2,C,A,A,C,D,C,D,D,A,B,C,B,C,A,C,B,B,B,D,D,C,A,B,A,C,D,B,A,A,B,D,B,C,A,C,B,D,A,C,D,D,A,C,B,C,A,A,C,A,C,B,A,B,C,B,A,D,C,D,B
19348372-0,B,C,B,C,B,A,D,B,A,A,A,C,A,A,C,A,B,B,C,B,C,B,B,B,C,A,B,D,B,B,C,D,A,A,B,C,A,D,D,C,D,B,C,D,B,A,A,D,A,B,C,D,C,B,B,A,B,A,C,B
18981163-2,B,A,D,C,A,D,A,D,B,C,A,B,A,B,C,B,B,C,D,A,C,B,D,B,C,D,C,C,C,B,D,B,A,A,C,B,A,C,D,D,C,B,C,D,B,C,A,D,D,A,C,C,B,A,D,D,B,A,A,B
18830071-5,B,A,B,C,B,D,B,D,A,B,A,B,C,D,C,B,B,B,D,C,C,C,A,D,A,D,A,D,B,B,D,A,C,B,B,B,A,A,D,D,C,A,D,D,C,A,D,D,D,D,D,C,D,C,B,A,D,D,C,B
10202896-1,C,A,B,C,B,B,D,B,C,B,C,A,C,B,C,A,B,B,B,,C,A,B,C,B,,C,A,B,,C,B,C,,,,D,C,B,A,,,B,,D,,C,B,A,C,B,,A,,D,D,B,A,A,A
18429935-6,C,A,A,C,D,A,B,D,A,B,D,B,B,A,C,B,B,B,D,B,C,D,D,D,C,D,B,A,B,B,D,D,A,A,B,A,A,B,C,D,D,B,A,B,C,A,A,B,B,C,C,B,A,A,B,A,B,A,D,B
18794545-3,C,A,B,C,D,B,D,D,C,B,C,B,B,A,A,B,C,B,C,D,C,D,B,D,D,D,D,D,B,B,D,A,A,D,B,C,B,C,C,A,C,B,D,D,C,C,A,C,A,C,C,A,B,A,B,A,B,A,C,B
19168876-7,B,C,A,D,B,C,D,D,A,B,C,B,C,C,A,B,A,C,C,A,C,D,D,D,C,C,A,C,D,B,D,A,A,D,C,C,B,A,D,C,D,A,D,B,C,A,A,B,D,B,D,C,A,A,C,B,B,C,A,B
18293008-3,C,A,,C,B,D,B,B,A,B,C,B,B,,,A,A,B,C,D,C,D,B,D,C,D,B,D,C,B,D,A,A,A,C,B,D,C,A,D,C,A,B,C,D,C,D,D,A,C,C,C,A,C,B,A,B,B,B,B
12843962-5,B,A,B,D,D,D,A,B,D,D,C,B,A,C,A,A,,B,,A,C,A,C,B,C,D,B,C,D,B,D,B,A,,B,,A,D,C,D,D,D,B,A,A,,D,B,A,C,A,D,A,D,A,A,B,A,A,A
19244891-3,C,A,D,C,D,A,D,C,A,B,C,B,A,C,C,,B,,A,D,C,D,B,B,C,D,B,C,B,B,D,A,C,A,C,B,D,,A,D,,A,D,D,C,,D,C,A,B,C,A,C,C,B,B,B,D,D,B
16657231-2,C,A,D,C,C,B,B,D,A,B,C,B,B,A,C,B,A,B,D,A,C,D,D,D,C,A,B,D,B,B,D,A,A,A,C,A,A,A,C,D,A,B,D,D,C,A,D,C,A,C,D,B,A,A,A,A,B,D,C,D
11696182-2,C,A,B,C,C,B,B,D,A,B,A,D,B,A,A,D,,B,C,D,C,D,B,D,C,A,B,D,B,B,D,A,C,A,B,B,D,B,A,D,A,A,C,D,C,B,D,D,B,C,C,B,B,C,B,A,B,D,C,B
17027257-9,C,A,C,C,B,B,D,D,A,B,C,B,B,A,C,B,C,B,C,A,A,D,B,D,C,A,B,A,B,B,D,A,C,A,C,A,D,B,C,D,C,A,B,D,C,C,D,C,B,A,C,A,A,C,B,A,B,C,B,B
18804233-3,C,A,D,C,C,C,B,D,A,B,B,B,B,C,C,A,A,C,C,A,C,D,B,B,C,A,B,A,B,B,D,B,B,D,C,A,A,A,B,D,D,A,D,D,C,D,A,D,A,C,C,B,A,A,B,B,B,D,C,B
19558522-9,C,A,A,C,D,D,B,D,A,B,C,B,B,A,C,B,C,B,C,D,C,D,B,D,D,A,A,D,A,C,D,A,C,C,B,A,D,B,C,D,D,B,A,B,C,A,A,C,A,C,B,B,A,A,B,A,B,D,C,B
16658188-5,C,A,B,C,D,B,D,D,C,B,C,B,C,A,C,B,C,B,C,D,C,D,B,D,C,C,B,D,B,C,D,A,C,A,C,A,D,A,C,D,C,A,C,D,C,A,A,B,A,C,C,A,B,A,D,A,B,A,C,B
18745799-8,C,A,B,C,B,A,B,C,D,B,C,A,C,B,C,A,A,B,B,A,C,A,D,A,A,C,B,A,B,C,C,B,A,D,D,A,B,A,D,A,D,A,C,B,B,A,A,C,A,C,C,B,B,A,D,A,D,D,C,B
17415166-0,C,A,A,C,B,B,B,D,A,B,C,B,B,A,C,B,A,B,C,A,C,D,B,D,C,B,B,D,B,B,D,A,C,C,B,D,D,B,C,D,D,A,C,D,C,D,D,C,C,B,C,B,B,A,B,A,B,D,C,B
20340635-5,C,A,D,C,C,A,D,D,A,B,C,B,B,A,C,A,B,B,C,A,C,A,C,D,C,D,D,D,B,B,D,B,C,A,C,B,A,C,C,D,B,A,D,D,C,A,D,C,D,C,A,B,B,C,B,A,B,D,C,B
16563871-9,D,A,C,C,C,C,D,B,A,B,C,C,C,A,C,B,B,D,C,A,C,D,B,B,C,A,B,D,B,C,B,A,C,A,C,B,A,B,B,D,A,B,C,D,B,A,D,C,C,A,A,A,B,B,B,A,B,C,D,B
17862343-5,C,A,D,B,A,D,B,C,D,B,C,D,B,C,D,A,B,D,B,C,C,A,A,D,C,C,B,C,B,D,D,D,D,C,B,B,D,D,C,A,D,B,D,D,C,D,A,B,C,D,C,B,A,B,D,B,B,D,C,D
9478371-2,C,A,B,C,C,B,C,B,A,B,A,B,B,A,C,D,B,B,C,D,A,D,B,D,A,,C,C,A,B,D,,C,,A,C,D,C,C,A,A,A,D,B,C,D,D,C,A,C,D,B,C,C,B,A,B,D,C,B
18434100-K,C,A,A,C,B,B,B,B,C,D,A,C,C,C,A,A,D,B,C,C,C,A,C,D,A,A,B,D,B,C,D,B,A,D,B,C,D,C,D,D,D,A,D,D,C,C,D,B,D,B,C,B,A,A,B,A,B,D,C,D
17211229-3,C,A,A,B,D,B,C,D,D,A,A,B,A,C,C,A,B,B,A,C,C,D,B,A,C,D,C,D,D,C,C,B,C,A,D,B,D,C,B,C,D,A,C,B,C,C,A,C,A,A,A,A,A,C,D,B,B,A,B,B
15896089-3,C,A,B,C,C,D,D,B,A,B,A,D,C,B,B,B,A,C,C,C,C,A,B,D,A,A,B,D,B,C,D,C,A,A,A,A,B,A,C,C,B,A,D,D,B,C,D,C,B,B,C,A,A,A,D,A,B,D,B,C
18844937-9,C,,C,C,B,D,D,D,A,B,,B,C,A,C,A,D,,D,A,C,D,B,D,C,,B,D,B,B,D,D,C,,,C,D,A,D,A,C,A,D,C,C,A,,C,A,C,C,A,A,A,B,A,B,A,C,B
17503658-K,B,A,C,C,D,B,D,D,A,B,B,B,A,D,B,A,D,B,B,B,C,C,B,D,B,B,C,D,D,C,D,B,A,B,D,A,A,B,C,C,C,A,D,B,C,A,A,B,B,C,B,C,B,C,D,A,D,C,D,D
19347487-K,C,A,B,C,A,A,B,B,B,B,C,D,B,C,A,D,C,B,C,D,C,D,B,D,A,D,A,C,B,B,C,A,A,A,D,B,D,A,A,D,C,C,B,B,C,A,B,D,A,A,B,B,B,A,B,B,B,D,C,B
18678427-8,C,A,D,C,D,B,D,B,A,D,C,D,A,A,B,A,B,C,C,A,C,D,B,D,C,A,B,D,B,B,D,D,C,A,C,A,D,A,D,D,A,A,D,B,C,B,B,C,A,A,C,B,A,A,B,A,B,A,B,B
19136010-9,C,A,C,C,A,D,B,A,A,D,C,B,B,A,C,A,A,B,D,D,C,D,,D,C,C,A,C,A,C,D,D,A,,,B,D,D,D,C,C,B,D,B,A,C,A,C,A,C,A,A,D,D,B,A,B,D,C,B
19546533-9,B,A,C,D,B,B,D,D,A,B,C,B,B,A,C,A,C,B,C,A,A,A,B,C,C,D,B,D,B,B,D,A,C,C,C,B,D,B,C,B,C,A,B,D,C,B,C,C,B,B,C,B,A,C,B,C,B,D,C,B
18470656-3,C,A,D,C,B,B,D,D,A,D,C,B,B,A,C,C,C,B,D,D,C,D,B,A,C,A,C,D,B,B,B,B,A,D,C,B,C,D,C,D,D,B,C,B,A,C,A,C,D,C,C,B,A,B,B,A,B,D,C,B
18325801-K,C,A,,C,D,,D,D,A,D,C,B,,,,B,,B,,,,C,,D,C,,D,C,A,B,,B,,,B,,D,D,C,D,C,A,,C,C,A,A,C,A,,C,,A,A,B,B,D,D,C,B
15866326-0,C,A,B,C,B,C,D,D,A,B,C,B,B,A,C,B,C,B,A,D,C,D,B,D,A,A,B,D,B,B,D,A,A,D,C,A,D,B,C,D,C,A,B,D,C,A,A,C,A,C,B,B,B,C,B,A,B,C,D,B
19384629-7,C,A,B,C,D,C,C,D,A,B,A,B,C,C,C,A,B,B,C,C,C,D,B,C,D,D,A,D,C,B,C,B,B,D,C,B,D,B,C,D,C,D,B,A,C,B,A,D,A,A,D,A,A,C,B,A,B,B,B,D
18149426-3,D,A,D,A,B,C,B,C,C,B,C,C,C,C,A,A,A,B,C,C,C,C,D,D,C,C,D,D,B,B,D,A,C,B,B,B,A,D,C,C,D,A,B,D,D,C,D,D,D,B,D,B,D,C,D,A,B,D,C,D
18572523-5,C,A,D,C,A,B,B,D,A,B,C,B,B,A,C,B,A,B,D,A,C,D,B,D,C,D,B,D,B,C,D,A,C,A,B,B,D,A,C,D,C,A,C,B,C,A,A,C,A,C,B,B,B,C,B,A,B,D,C,B
8117388-5,C,A,B,C,B,A,A,C,A,A,C,B,B,A,C,A,C,B,C,D,C,D,B,D,C,D,B,A,B,B,D,B,A,A,C,B,D,B,D,C,C,C,C,C,C,D,A,C,B,C,C,B,B,C,B,A,B,D,C,B
14257132-3,B,A,B,C,B,D,A,D,A,B,A,C,B,A,A,B,B,B,C,D,C,D,B,A,C,A,A,C,C,B,D,A,A,A,B,A,D,C,C,D,B,C,A,D,C,D,A,C,A,B,A,B,B,C,B,A,B,D,C,A
17597503-9,D,A,A,C,B,B,A,D,A,B,C,D,B,C,C,A,C,B,D,A,C,D,C,D,C,D,B,D,B,B,D,A,C,A,C,A,D,A,C,A,A,B,B,D,C,C,A,D,A,C,C,B,B,C,D,A,B,A,C,B
19153413-1,C,C,B,C,A,A,B,D,A,A,C,B,B,A,B,B,B,B,C,C,A,B,B,D,B,A,A,D,B,B,C,B,A,D,C,A,A,A,D,C,D,A,A,D,A,D,D,B,C,D,C,A,B,A,B,A,B,D,C,B
17673421-3,C,A,B,C,D,B,D,D,A,B,C,B,B,A,C,A,C,B,C,D,C,D,B,B,C,D,B,D,C,D,D,A,C,D,C,A,A,C,C,D,D,A,D,D,C,A,B,C,B,C,C,B,B,C,B,B,B,D,B,B
16242947-7,C,A,A,C,B,A,B,A,A,B,C,C,B,A,C,A,C,B,C,A,C,D,B,B,A,A,C,A,C,B,D,B,A,D,C,A,B,A,D,C,D,D,C,B,C,B,D,C,A,B,A,B,A,C,D,A,B,D,C,B
18954895-8,C,A,D,C,D,B,B,D,A,B,C,B,B,A,C,B,C,B,D,A,C,D,B,D,D,D,B,D,B,C,D,A,C,A,C,B,D,A,C,D,C,A,C,B,C,A,D,C,A,C,C,B,B,C,B,A,B,D,C,B
17356614-K,C,A,B,C,B,B,D,B,C,B,C,B,B,A,C,B,A,B,C,D,C,D,B,B,D,D,C,D,B,B,D,B,A,A,C,B,D,C,C,D,A,A,C,D,C,A,A,C,A,C,C,A,B,C,D,A,B,D,C,B
18221888-K,B,A,D,C,D,D,D,B,A,B,C,B,A,B,C,A,A,A,D,A,C,C,C,D,A,A,B,C,B,C,D,B,C,A,B,A,D,C,C,D,B,B,A,C,D,C,A,D,C,C,D,C,D,A,B,A,B,D,C,B
18467654-0,B,D,A,D,B,A,A,B,A,B,A,D,B,A,C,A,A,C,C,A,C,D,B,C,C,D,C,C,B,B,D,B,A,A,B,A,A,C,C,A,C,B,D,B,C,D,A,C,A,C,D,C,D,A,D,B,B,D,C,C
19283973-4,B,A,C,C,B,B,C,B,A,C,A,D,C,A,A,D,A,A,C,A,C,C,B,D,A,C,C,C,B,C,D,A,A,A,B,A,B,B,B,B,C,D,D,D,D,C,A,D,D,C,C,C,D,B,B,A,B,D,D,B
10732679-0,C,A,A,C,D,B,B,D,A,B,C,B,B,A,C,B,C,B,C,A,C,D,B,D,C,D,B,D,B,B,D,A,C,A,C,A,D,B,C,D,C,A,C,D,C,B,D,C,D,A,C,B,B,B,B,A,B,D,D,B
15623308-0,C,A,D,C,A,A,D,D,A,B,C,B,B,C,C,A,A,B,C,A,C,D,B,C,C,D,B,D,B,B,D,C,A,A,C,B,A,A,C,D,D,C,C,C,C,A,A,C,A,C,C,B,B,A,D,A,B,C,C,B
13880122-5,C,A,B,C,A,A,D,D,A,B,C,B,B,A,C,B,C,B,D,D,C,D,C,D,C,D,A,A,B,C,D,B,C,A,C,A,B,B,D,D,D,A,A,D,B,D,B,D,A,C,C,A,A,B,B,A,B,D,C,B
18989649-2,C,A,B,C,B,A,D,D,C,B,C,B,B,C,C,A,B,B,A,A,C,D,B,D,C,D,C,D,B,B,D,A,B,A,B,A,A,C,C,A,C,A,A,B,B,A,B,C,A,C,C,A,B,B,D,A,B,A,C,B
19328982-7,B,A,D,C,D,B,B,D,A,B,C,B,B,D,C,B,B,B,C,C,A,A,C,D,C,A,A,A,D,C,D,D,C,D,C,B,B,A,C,D,C,B,D,B,A,A,D,C,A,C,C,B,B,C,B,A,B,A,C,B
19040757-8,C,C,A,C,B,D,C,B,B,A,C,A,B,D,C,B,A,D,C,A,C,D,B,D,D,B,A,C,C,B,C,D,A,A,B,A,D,B,D,D,D,A,D,C,C,C,B,B,A,D,C,B,B,A,A,A,B,D,C,A
17518140-7,C,A,A,C,D,B,D,D,A,B,C,B,B,A,C,B,D,B,D,A,C,D,B,D,C,D,B,D,B,C,D,A,C,A,C,B,D,B,C,D,C,A,D,B,C,D,D,C,A,C,B,B,B,D,B,A,B,D,C,B
18708529-2,C,A,D,C,B,D,D,D,A,B,C,B,B,C,C,A,B,B,C,C,C,D,B,D,C,D,B,D,B,B,D,B,A,A,B,A,A,C,D,D,C,A,D,C,C,A,D,C,D,B,C,D,B,C,B,A,B,C,B,B
