RUN,
19488810-4,C,C,B,A,A,A,B,A,B,D,C,B,D,D,B,A,C,D,B,D,D,C,A,A,C,B,B,C,A,A,C,C,D,C,D,A,A,B,C,A,C,D,B,A,C,B,A,A,A,A,D,B,B,A,C,A,A,D,C,B
15959081-K,C,C,C,B,D,B,D,B,B,D,C,D,D,D,D,C,C,D,B,A,B,C,A,A,C,A,B,C,A,A,C,C,B,D,D,D,C,B,B,A,A,C,B,B,C,C,B,D,A,A,D,A,B,C,C,D,A,D,D,D
17732728-K,C,C,B,D,B,D,A,D,B,C,A,D,D,D,B,A,A,D,C,C,B,C,D,D,B,B,C,B,A,A,C,A,B,B,C,A,D,D,B,A,A,B,B,A,A,A,C,A,C,A,D,A,C,B,C,A,A,D,B,B
17321564-9,C,C,D,C,C,C,D,B,B,A,A,B,C,B,A,C,A,A,B,A,A,A,A,A,B,B,B,B,D,A,C,C,A,C,C,D,C,B,A,A,C,D,B,A,C,C,A,D,A,A,D,C,B,B,A,D,A,D,A,B
18731405-4,C,C,B,B,D,C,C,A,D,D,C,B,D,D,B,A,C,D,B,D,D,A,B,A,D,C,B,C,A,A,B,C,B,C,C,A,A,B,C,B,C,D,B,A,D,A,A,D,A,A,D,B,B,D,C,D,A,B,C,D
18481717-9,C,C,C,A,C,C,B,C,B,D,C,B,C,B,B,C,A,D,A,A,D,A,B,B,C,B,C,B,A,C,A,B,C,C,A,D,C,B,D,B,D,C,B,C,C,B,A,C,A,A,D,B,B,C,C,D,A,D,C,B
13448060-2,C,A,B,A,A,C,B,B,B,D,C,D,D,D,B,C,C,D,B,D,B,C,A,D,C,C,B,C,A,A,C,D,B,D,C,D,C,C,B,A,A,B,B,A,C,C,B,B,A,A,D,D,B,A,A,D,A,D,A,D
19293685-3,C,B,B,D,A,B,D,B,B,D,A,B,D,D,D,A,C,A,B,D,D,C,C,B,C,D,B,B,A,A,C,A,B,C,C,D,C,B,B,B,A,C,B,A,B,A,A,D,A,C,D,B,B,A,C,B,A,D,C,D
19619534-3,C,C,B,B,C,B,B,B,B,D,A,D,B,D,B,A,C,A,A,D,D,C,A,C,D,C,B,D,A,C,C,A,C,C,D,D,C,B,B,A,C,D,B,A,C,A,A,D,A,C,D,D,B,A,A,D,A,D,A,D
18165147-4,C,C,A,C,C,B,B,B,B,D,A,B,D,C,C,B,A,D,B,D,D,C,B,C,B,C,C,C,A,C,C,B,B,C,B,D,C,D,A,D,C,C,B,A,C,A,A,D,A,A,D,B,A,D,C,A,A,D,D,C
19450392-K,C,C,D,C,C,D,C,B,D,D,C,D,D,D,B,B,C,D,B,D,D,C,A,D,C,C,C,B,A,A,C,B,B,D,B,D,C,B,B,A,C,D,B,A,C,B,D,D,A,A,D,D,C,C,D,A,A,D,D,D
9446229-0,D,C,A,B,C,B,B,C,B,A,D,A,C,D,B,A,C,D,B,C,D,C,A,D,C,C,B,C,A,A,C,D,B,C,B,D,C,B,B,B,C,D,B,A,C,A,A,D,A,A,D,A,B,B,C,D,A,C,D,D
17961769-2,C,D,C,B,D,B,B,A,B,A,C,C,B,D,B,C,C,B,B,A,B,C,A,B,D,C,B,C,A,A,C,C,A,D,C,A,D,C,C,C,C,D,C,A,C,C,D,D,A,B,D,C,B,C,A,D,A,C,C,D
16359860-4,B,B,A,D,B,A,D,B,B,D,A,A,D,D,B,D,C,B,B,A,D,A,B,A,B,C,B,C,A,A,C,C,B,C,D,A,D,B,B,D,C,D,B,C,C,A,A,D,A,A,D,B,B,B,A,A,A,B,C,B
18159763-1,C,C,D,A,A,B,C,C,B,A,C,D,B,D,B,C,C,B,B,D,C,C,A,D,C,C,B,C,A,A,C,B,B,C,C,D,A,C,C,A,C,C,B,A,C,A,B,A,A,B,D,C,B,A,C,A,D,B,D,D
18766067-K,C,C,D,B,D,A,B,B,B,D,A,D,D,D,D,A,C,D,D,D,B,C,A,A,D,C,B,C,D,A,D,C,B,C,C,A,C,B,C,D,C,B,B,B,C,D,A,D,A,A,D,B,B,A,C,D,A,D,C,B
18451679-9,C,C,B,D,C,B,D,C,C,A,A,A,D,D,B,C,B,D,B,C,C,C,A,C,C,A,B,C,A,C,C,B,A,C,C,D,C,D,B,A,C,B,B,C,A,A,A,D,A,A,D,B,B,A,C,A,A,D,C,D
16104300-1,C,C,C,C,C,B,B,B,B,D,C,D,B,D,B,B,C,D,B,B,B,C,A,A,C,C,B,C,D,A,C,A,B,C,C,D,C,D,A,A,C,D,B,A,C,C,B,D,A,A,D,B,D,D,D,B,A,D,B,C
19456848-7,C,C,B,C,B,B,D,B,D,A,A,D,C,D,B,A,A,B,A,C,D,C,A,A,C,B,D,C,D,A,A,B,B,D,D,A,C,C,C,B,A,C,A,D,C,B,C,D,A,A,D,C,C,A,C,A,B,D,C,B
18432962-K,C,C,B,B,A,D,B,B,B,D,A,D,D,D,B,D,C,A,B,B,A,B,A,C,C,C,C,C,A,C,C,B,B,A,C,D,C,D,B,B,C,B,B,A,C,A,B,D,A,B,D,A,B,A,C,B,A,D,D,B
16978421-3,C,C,B,B,A,C,C,B,B,D,C,B,D,D,B,C,C,D,B,D,D,C,A,A,C,C,C,C,A,A,C,C,B,C,B,A,C,B,B,D,A,D,B,A,C,A,A,D,A,A,D,B,B,D,C,D,A,D,C,B
15396068-2,C,B,D,A,C,C,A,B,B,D,A,A,D,C,B,D,C,D,B,D,D,C,A,A,C,C,B,C,A,A,C,A,B,D,D,D,C,C,B,B,C,C,B,A,A,C,A,D,A,A,D,C,C,C,C,A,A,D,B,D
19141017-3,C,C,B,C,B,D,A,C,D,C,A,C,C,D,B,C,C,A,B,D,B,C,B,C,A,B,C,D,B,C,B,C,B,C,C,D,C,A,A,B,C,D,B,A,C,A,A,D,C,A,D,B,B,A,A,A,A,B,C,D
16611382-2,B,C,B,C,C,B,D,B,B,D,C,D,D,D,B,D,B,A,B,A,D,C,A,A,C,C,D,C,A,A,C,B,B,D,B,C,C,C,B,B,B,D,B,A,C,A,A,D,A,A,D,C,B,A,C,D,A,D,C,D
19427981-7,D,C,B,B,C,B,D,B,B,D,A,A,D,D,B,B,C,D,B,D,D,C,A,A,D,C,B,B,A,A,D,A,B,C,B,A,D,B,B,A,C,D,C,A,C,A,B,D,A,A,D,B,B,A,C,D,A,B,D,B
18994577-9,C,C,C,D,A,B,C,A,B,D,C,D,D,D,B,C,C,A,B,C,D,A,A,A,C,C,B,C,A,A,C,B,B,C,D,D,C,D,B,D,C,B,A,C,C,A,B,D,A,A,D,A,B,C,C,D,A,D,C,B
15849496-5,C,C,B,C,D,B,D,B,B,D,C,B,C,D,B,A,C,B,B,D,D,C,A,A,C,B,B,C,A,C,C,A,B,C,C,D,C,D,B,A,A,C,B,A,C,A,D,B,A,B,D,A,B,A,C,A,A,D,B,D
16370286-K,C,C,B,B,C,B,D,A,B,D,C,A,D,D,B,A,C,D,B,D,D,C,A,D,A,C,B,A,C,A,C,B,B,C,C,D,C,C,B,A,C,D,B,A,C,A,B,D,A,A,D,C,B,A,C,D,A,D,D,B
19854926-6,C,C,A,A,B,B,A,A,A,D,A,D,A,B,B,D,A,B,D,B,D,A,C,B,C,D,D,C,D,A,B,A,A,C,A,A,D,A,A,A,A,B,B,C,C,A,C,D,A,A,D,C,C,A,C,D,B,C,B,B
17376389-1,C,C,B,C,C,D,D,A,B,D,C,C,D,D,B,A,C,C,B,D,D,C,A,B,D,B,B,C,A,A,C,B,B,C,B,D,C,A,C,A,C,D,B,A,C,A,D,D,A,A,D,A,B,A,C,D,A,A,D,D
19760925-7,C,C,D,B,C,B,A,C,D,B,A,D,B,D,B,B,C,B,A,B,D,A,A,A,C,C,C,C,A,C,C,B,B,C,A,A,C,D,C,D,A,B,B,A,C,C,B,B,A,A,D,A,B,C,C,A,A,C,C,B
17393558-7,C,C,C,B,B,B,D,A,B,D,C,A,D,D,B,B,B,D,B,D,D,C,A,C,B,B,B,C,A,C,C,B,B,C,B,D,D,B,C,B,C,B,B,A,C,A,B,D,A,A,D,C,B,C,C,D,A,D,B,D
19162708-3,C,C,B,B,C,B,D,A,B,D,C,B,D,D,B,A,C,C,B,D,A,C,B,A,C,C,B,C,A,A,A,D,B,C,B,D,C,B,B,A,C,C,B,A,C,C,B,D,A,A,D,C,B,C,C,D,B,A,D,D
17398394-8,B,C,B,B,C,A,D,A,A,D,C,A,D,D,B,C,C,D,B,A,D,C,A,A,C,C,D,C,A,A,C,D,B,C,C,D,A,B,B,D,B,D,B,C,C,B,A,D,A,B,D,B,C,A,A,A,A,D,D,B
16542450-6,C,C,A,C,C,B,D,B,A,D,C,B,C,D,B,C,C,A,A,C,D,A,A,C,D,B,C,B,A,C,C,A,B,C,A,D,A,A,B,A,A,D,B,A,C,A,A,C,A,A,D,B,B,B,C,D,A,C,A,B
15641203-1,C,C,B,C,A,C,D,C,B,D,A,D,B,D,A,D,C,B,B,C,C,C,A,A,C,B,D,B,A,C,A,B,C,C,B,D,C,C,B,B,C,D,B,A,C,A,A,D,A,C,D,C,B,B,C,D,A,A,B,D
17537913-4,C,C,B,B,C,D,D,A,B,D,C,A,D,D,B,C,C,D,B,D,D,C,A,A,C,C,B,C,A,A,C,B,B,C,B,A,C,B,B,D,C,D,B,D,C,A,A,D,A,A,D,B,B,B,C,D,A,D,D,D
17087244-4,C,C,B,C,D,B,A,B,B,D,A,A,B,B,D,A,B,A,B,D,D,C,A,A,D,B,C,C,A,C,D,B,B,C,C,A,C,B,A,A,A,D,A,A,C,A,A,D,B,A,D,B,B,C,A,D,A,D,B,D
19361535-K,C,C,B,C,A,C,D,C,A,A,A,D,D,D,C,B,C,A,C,A,C,A,B,C,C,C,C,A,A,C,B,B,D,C,B,A,D,A,A,B,C,B,A,A,C,C,A,C,A,A,D,A,D,A,C,D,A,B,C,B
13911481-7,D,D,B,D,C,C,D,B,C,B,C,D,D,D,B,B,B,,B,C,D,C,A,B,D,B,B,C,D,A,C,C,,C,B,D,C,B,B,A,A,D,B,A,C,A,A,D,,A,D,,C,B,C,A,B,C,B,D
18550942-7,B,C,C,C,A,D,D,B,A,D,C,D,D,D,A,B,C,D,B,D,D,C,A,A,C,A,C,C,A,A,B,D,A,D,B,A,C,D,D,B,C,D,B,B,A,C,D,C,A,A,D,B,C,A,A,D,A,D,A,D
19548546-1,B,C,B,D,C,C,A,C,B,D,A,D,D,B,A,C,C,A,D,D,A,A,A,B,C,C,B,C,A,C,C,C,B,C,D,C,C,D,A,B,A,D,A,C,A,B,B,B,B,B,D,C,B,B,C,D,A,D,B,B
18866092-4,C,C,A,D,C,B,D,D,C,D,C,D,C,B,B,B,C,A,B,C,D,C,A,B,,,B,C,A,A,B,C,,D,D,C,A,B,A,D,A,C,B,,C,C,A,B,A,B,A,B,C,B,B,D,A,C,C,B
17191155-9,C,C,C,B,C,B,B,B,A,B,A,D,D,B,B,D,C,D,B,D,D,,D,,,C,B,C,A,B,C,D,B,,B,A,C,B,B,B,,C,B,B,C,A,B,A,A,A,D,C,,A,C,D,A,D,A,B
19070147-6,C,B,B,D,C,D,B,C,A,D,A,A,C,D,B,D,A,A,B,D,A,C,A,A,B,B,C,C,C,A,C,B,A,D,A,D,C,B,B,B,C,D,B,B,D,A,C,D,C,D,D,B,C,C,A,D,A,D,B,B
18865426-6,C,C,B,D,A,D,B,A,B,D,C,B,D,D,D,C,D,A,B,D,D,C,A,A,D,,B,C,A,A,C,C,B,C,C,D,C,B,B,D,C,D,B,,C,B,B,D,A,A,D,B,B,C,C,D,A,B,C,B
19456749-9,B,C,C,B,A,B,B,B,B,C,C,A,D,D,C,B,D,B,A,C,D,C,A,A,C,B,C,B,A,A,C,A,B,D,C,A,D,C,B,A,C,D,B,A,C,A,A,D,A,A,D,B,B,A,C,A,B,A,D,B
17779862-2,C,C,B,B,C,C,C,B,B,D,A,D,D,D,B,B,A,D,B,D,B,C,A,A,C,B,D,C,A,C,C,C,B,A,C,A,A,D,B,B,C,D,B,A,C,D,A,D,A,A,D,D,B,A,C,A,A,D,D,B
17201976-5,C,C,B,B,A,B,C,C,C,D,C,A,D,D,B,A,C,B,B,D,A,C,A,B,C,C,B,C,A,A,C,B,B,C,B,D,C,B,A,A,C,D,B,B,C,C,A,D,A,A,D,B,B,A,C,D,B,D,D,B
16804365-1,C,C,C,B,D,A,B,C,B,D,D,A,C,A,A,A,A,A,B,B,A,A,A,B,D,B,C,C,A,D,C,B,C,A,C,A,D,D,B,D,C,D,B,C,B,B,C,B,B,C,D,A,B,C,C,D,A,B,C,D
16320021-K,C,C,C,B,C,A,C,B,B,D,C,D,D,B,B,D,C,D,B,D,C,A,A,B,A,A,B,C,A,A,C,B,B,C,B,D,C,B,B,A,C,D,B,A,C,A,A,D,A,A,D,B,B,A,C,A,A,D,D,D
19117708-8,C,C,B,D,C,D,B,C,C,C,A,C,D,B,B,B,C,D,D,A,A,C,A,B,C,D,B,B,A,C,A,D,D,C,D,A,A,C,C,A,C,B,B,B,C,A,A,D,D,A,D,B,B,C,C,D,A,D,D,B
19723843-7,C,C,B,C,A,B,A,C,B,D,A,B,C,D,A,D,C,A,A,D,D,C,D,A,C,B,D,C,C,A,A,C,B,C,B,D,D,B,B,D,C,C,B,C,C,A,A,B,B,B,D,B,C,C,C,A,B,D,D,D
18856233-7,C,C,B,D,C,A,D,B,B,D,C,A,D,D,B,C,C,A,B,D,D,C,A,A,C,C,B,C,A,A,C,C,B,D,C,D,C,B,B,A,C,D,B,A,C,A,A,D,A,A,D,B,B,C,C,D,A,C,C,B
19406089-0,C,C,B,B,A,B,C,B,B,D,C,A,D,D,A,C,C,D,A,D,D,C,A,B,D,B,C,A,A,C,C,,B,C,,A,A,D,A,B,C,D,A,,C,C,,D,A,B,D,C,B,B,C,D,B,D,D,B
13271710-9,C,C,B,C,D,B,B,B,A,D,C,A,D,D,A,C,D,D,D,D,D,D,A,D,D,B,B,A,D,A,B,C,B,C,C,A,C,D,A,A,B,B,C,A,A,C,D,A,A,A,D,C,B,D,D,D,A,D,C,D
19525151-7,C,C,B,C,A,D,C,A,B,D,A,A,D,D,B,C,C,D,B,D,D,A,A,D,C,C,D,A,A,A,C,B,B,C,B,C,C,D,D,B,C,D,B,B,C,A,A,D,A,A,D,A,B,D,D,B,A,D,D,D
19033640-9,C,C,B,D,A,B,B,C,B,D,C,D,D,B,C,B,A,D,B,A,D,C,A,B,D,C,B,C,A,C,C,C,B,C,A,D,C,B,C,B,C,D,B,B,C,C,D,D,A,A,D,C,A,A,C,A,A,D,C,B
19182041-K,C,,B,B,B,B,,A,B,D,,,D,D,B,B,D,,C,D,D,C,A,,,C,,C,,A,,,,D,A,D,C,B,C,A,C,C,B,,C,A,A,C,A,A,D,B,B,B,C,,A,D,A,D
18275661-K,C,C,B,B,B,D,D,C,B,A,A,B,D,D,B,C,C,A,D,C,A,C,A,D,C,A,B,C,A,A,D,C,B,D,D,A,A,C,C,B,A,D,B,A,C,B,A,D,B,A,D,,B,A,C,B,B,D,B,B
18983320-2,C,C,B,B,C,B,A,B,A,C,A,D,C,D,B,B,A,A,A,C,D,C,A,B,B,C,C,C,A,C,D,C,B,C,D,D,A,D,A,B,C,B,B,A,C,C,B,D,A,A,D,B,B,C,A,B,A,B,D,B
18123579-9,B,C,B,C,A,B,,B,B,D,A,A,C,B,B,B,C,,B,B,D,C,A,D,C,,B,C,A,A,D,,B,D,C,C,C,C,B,A,C,D,B,,C,,A,A,A,A,D,B,B,A,D,D,B,D,D,D
18373682-5,C,C,B,B,B,B,C,B,A,D,C,B,D,D,B,C,C,D,B,D,D,A,A,A,A,C,B,C,A,A,C,D,B,A,B,D,C,B,C,D,C,D,B,A,C,A,A,A,A,A,D,C,B,A,C,A,B,D,C,D
17552565-3,C,C,D,B,C,D,A,C,B,D,A,D,D,D,D,D,C,D,B,D,C,C,A,B,C,C,B,C,A,A,C,D,B,D,B,A,C,B,C,B,C,D,C,A,C,A,A,B,A,A,D,C,B,A,C,C,D,D,D,B
18932119-8,C,C,B,C,C,C,D,B,B,D,A,D,D,D,A,D,B,A,B,D,A,C,A,C,C,C,D,C,A,A,C,C,B,C,C,D,C,B,B,A,C,D,B,A,C,B,A,D,A,A,D,B,B,A,C,D,A,D,C,D
19406020-3,C,C,B,A,A,A,A,C,B,D,C,A,D,D,D,B,D,A,B,D,D,C,A,A,C,C,B,C,A,A,B,C,B,,B,D,C,B,A,B,A,D,B,C,C,A,,D,A,A,,,B,A,C,D,C,D,D,D
16673362-6,C,C,C,D,C,B,D,C,B,D,C,A,D,D,A,B,C,D,A,A,C,C,A,A,C,D,B,C,A,A,B,B,B,C,C,D,C,B,B,C,C,D,B,A,C,A,B,C,A,C,D,B,B,A,C,D,A,A,B,D
15685491-3,C,C,B,B,C,B,D,B,B,D,A,A,D,D,B,C,C,D,B,C,D,C,A,B,C,C,B,C,A,A,C,D,B,C,B,D,C,B,C,B,C,D,B,A,C,A,A,D,A,A,D,B,B,A,C,D,A,C,D,D
12719487-4,C,C,B,A,B,B,C,C,A,D,C,A,C,D,C,D,C,C,B,D,D,A,C,B,D,C,C,C,A,A,C,A,B,D,B,D,C,C,C,D,C,A,B,A,C,A,A,D,A,A,D,C,C,C,C,D,B,D,D,D
18350425-8,C,C,B,C,C,B,B,B,B,D,C,D,D,B,B,C,A,D,B,D,D,C,C,D,A,C,B,C,A,A,C,B,B,C,B,A,C,B,B,B,C,D,B,B,C,C,B,D,A,A,D,B,B,B,D,D,A,D,C,D
19630516-5,C,C,B,B,C,C,A,B,A,D,C,B,D,B,B,B,D,A,B,D,A,C,A,A,C,A,B,B,B,C,C,C,B,C,D,C,A,B,C,B,C,D,B,A,C,C,B,D,A,B,D,C,D,A,B,D,A,D,C,D
19487864-8,C,C,A,B,C,B,B,B,B,D,C,D,B,B,B,B,C,B,A,D,D,A,A,B,B,B,D,C,A,A,A,A,D,C,C,A,A,D,A,A,C,D,B,C,A,B,B,D,A,B,D,A,C,C,C,B,A,D,C,C
19528549-7,D,B,B,B,C,B,D,B,D,D,C,B,D,D,B,D,C,D,B,D,D,C,A,B,C,C,B,C,A,A,C,C,B,C,B,C,C,A,B,B,A,D,B,B,C,A,A,D,A,A,D,C,B,B,C,A,A,D,C,B
19234507-3,B,C,B,A,C,D,A,B,B,D,C,D,A,D,A,A,B,A,A,C,D,C,B,A,B,B,C,C,A,C,C,C,B,C,D,C,C,C,B,A,C,D,A,A,D,B,A,C,A,B,C,C,B,A,C,A,B,D,C,B
19328615-1,C,D,C,C,B,B,A,C,B,B,A,D,B,D,A,C,C,B,B,D,D,C,A,D,D,C,B,A,A,A,C,A,A,D,C,D,C,D,A,D,C,B,B,C,C,A,A,D,A,A,D,C,D,A,A,D,A,D,C,A
17405125-9,C,C,D,D,C,B,C,A,B,D,C,A,D,D,B,D,C,A,B,D,A,C,B,B,D,C,C,C,A,A,D,B,D,A,C,D,C,B,B,A,C,D,B,B,C,A,C,C,A,A,D,B,B,A,C,D,A,D,D,B
19548937-8,C,C,C,B,A,B,A,C,A,C,A,D,D,D,A,D,C,D,C,C,A,B,A,B,B,B,B,C,A,A,C,A,B,D,D,D,C,D,B,D,C,B,B,A,B,A,A,C,A,C,D,C,B,B,C,C,A,D,B,D
18391022-1,C,C,B,B,C,D,B,A,B,D,C,C,D,D,C,B,C,D,B,D,D,C,A,B,C,C,B,B,C,A,B,B,B,C,D,D,C,B,B,C,C,D,B,B,C,B,B,C,A,D,D,A,C,A,C,D,A,D,B,D
17846026-9,C,B,B,C,C,B,B,A,B,C,A,B,D,D,B,C,A,B,B,D,D,C,A,A,C,B,C,C,A,A,D,A,B,C,C,A,C,B,B,A,C,B,B,B,C,C,B,D,A,A,D,A,B,D,C,A,B,C,D,D
19243234-0,C,C,B,D,A,D,C,B,B,D,A,C,D,B,B,C,C,A,B,B,B,C,A,B,C,C,B,C,A,C,C,B,B,D,C,D,C,B,C,D,C,D,A,A,C,B,A,D,A,A,D,B,B,A,B,B,A,D,C,D
24884566-K,C,C,B,B,C,B,D,B,B,D,C,D,D,D,B,B,C,B,B,D,B,C,A,B,C,C,B,C,A,A,C,B,B,C,B,D,C,B,B,A,A,B,B,A,C,B,A,D,A,B,D,B,B,B,C,D,A,D,B,B
19669523-0,C,C,D,D,A,C,D,B,B,C,C,D,D,B,B,A,C,B,B,C,D,A,A,A,C,C,B,C,A,A,B,C,B,D,C,A,C,A,B,A,A,B,B,C,C,B,A,D,A,A,D,B,B,A,C,A,A,C,B,D
17105517-2,C,B,B,B,C,B,C,B,B,D,A,D,D,D,A,B,C,D,B,C,D,C,A,B,C,C,C,C,A,A,D,C,B,D,B,D,A,D,B,A,C,D,B,C,C,A,B,D,A,A,D,A,B,A,C,D,B,B,C,D
19304607-K,D,C,B,D,C,B,D,B,C,C,A,B,D,D,B,C,C,D,C,D,D,C,A,C,C,D,B,B,A,A,C,A,B,C,B,A,C,B,C,D,A,D,B,A,C,A,B,D,B,A,D,B,B,C,C,D,B,D,D,C
17867073-5,C,C,D,B,A,B,A,A,B,D,C,D,D,D,D,A,B,D,B,D,D,C,A,A,C,C,B,C,A,A,C,B,B,D,B,D,C,B,B,B,C,D,A,A,C,B,A,D,A,A,D,D,B,B,C,A,A,D,A,D
17699031-7,C,C,B,B,A,B,C,B,B,D,A,B,D,D,A,A,C,D,B,D,D,C,A,B,C,B,C,C,A,A,C,A,B,C,C,D,D,C,D,A,C,B,B,C,C,D,A,D,A,A,D,C,B,B,A,D,A,D,D,D
19137309-K,C,C,A,B,A,C,A,A,B,D,A,D,C,D,B,A,C,A,B,D,D,C,C,B,A,C,B,C,A,A,D,D,B,C,C,C,C,C,B,C,A,C,B,C,C,A,A,D,A,A,D,B,D,C,C,A,A,D,D,B
15638162-4,C,C,B,B,A,D,C,B,B,D,A,A,B,D,B,A,C,D,B,D,A,A,A,B,D,C,B,A,A,A,D,B,B,C,D,A,C,C,C,C,C,D,B,A,C,A,B,D,B,B,D,A,B,A,D,D,A,B,C,D
18259010-K,D,C,B,B,C,B,D,C,B,C,A,D,D,D,B,B,D,D,B,D,D,C,A,C,D,C,A,B,C,A,D,C,B,C,B,D,C,C,B,A,C,D,B,A,C,A,B,D,A,A,D,B,B,B,C,D,A,D,B,B
19427198-0,C,C,B,D,C,B,D,A,B,D,C,B,D,D,B,B,C,D,B,D,D,C,A,D,C,C,B,C,A,A,C,D,B,C,B,D,C,B,B,B,C,B,B,A,C,A,A,A,A,A,D,A,B,A,C,D,A,D,D,D
18298430-2,C,C,B,B,A,C,C,A,B,A,A,D,D,D,B,C,C,D,B,D,D,C,A,B,D,C,B,C,A,A,C,A,B,D,B,D,C,B,B,A,D,D,B,A,C,A,D,D,A,A,D,C,B,A,C,D,A,D,C,D
18484781-7,C,C,B,B,A,D,C,A,B,D,A,D,D,B,B,C,C,B,B,D,D,A,A,B,D,C,B,C,A,A,C,C,B,C,B,D,C,B,B,A,C,D,B,B,C,D,B,D,A,A,D,C,D,A,C,D,A,D,C,D
16948261-6,C,C,B,A,D,D,B,B,B,D,C,B,B,D,B,C,B,D,B,A,D,C,C,A,C,B,B,C,A,A,B,C,B,D,C,A,C,D,C,B,A,D,B,C,A,A,A,D,A,A,D,B,B,C,C,D,B,D,D,D
19088872-K,C,C,B,B,C,B,B,A,B,D,A,B,D,D,B,C,C,B,B,D,D,C,A,C,D,C,B,C,A,A,C,A,C,C,C,D,C,D,B,A,A,D,B,A,C,A,B,D,A,A,D,B,B,B,C,D,A,D,C,D
17249225-8,C,C,B,B,C,C,D,B,A,D,C,B,D,B,A,C,C,D,B,D,D,C,A,B,C,C,C,C,C,A,C,B,B,C,B,D,C,B,C,A,C,D,B,A,C,A,A,D,A,A,D,B,B,A,C,D,A,D,C,D
19595367-8,C,C,C,B,D,C,A,A,A,A,A,B,C,D,D,C,C,B,B,A,D,A,B,A,C,D,B,C,A,C,D,A,B,C,B,A,A,B,C,A,B,D,A,B,C,A,A,D,A,A,D,B,D,C,C,D,A,D,B,D
18618144-1,C,C,B,B,C,D,B,B,D,D,C,A,D,B,B,C,D,D,B,D,D,C,A,B,C,C,B,C,A,A,C,A,B,C,B,D,C,B,B,A,C,A,B,A,C,A,C,A,A,A,D,C,B,A,C,A,A,D,C,B
19566159-6,B,C,B,A,A,D,C,B,C,D,A,D,D,B,B,B,C,D,B,C,D,A,A,B,D,C,B,C,A,C,C,B,B,C,D,A,C,D,C,B,C,D,A,C,C,A,D,A,A,A,D,B,B,D,D,A,A,D,C,B
19212212-0,C,B,D,B,C,C,D,B,B,D,A,D,D,D,B,B,C,A,A,D,A,B,B,C,C,C,B,C,C,C,C,C,B,C,A,A,C,B,C,B,C,C,B,A,D,B,C,D,A,D,D,B,D,A,C,B,B,D,C,D
15376800-5,C,C,B,B,C,B,D,A,B,D,A,B,D,D,B,A,C,D,B,D,D,C,A,A,C,C,B,C,A,A,C,A,B,C,C,D,C,C,D,B,A,D,B,B,C,A,A,D,A,A,D,B,B,B,D,D,B,D,C,B
16203517-7,C,C,B,B,C,D,D,B,B,D,C,D,D,D,D,C,A,B,B,D,D,C,A,B,C,C,B,C,A,A,C,B,B,C,C,D,A,B,A,B,A,C,A,A,C,A,B,D,A,A,D,B,B,A,C,D,A,D,D,D
19330515-6,C,C,B,C,B,B,D,B,B,D,A,A,D,B,B,A,C,B,B,D,D,C,A,A,C,B,B,C,C,A,C,A,B,C,A,D,C,D,A,C,C,B,B,A,D,A,D,B,A,A,D,A,B,A,C,D,B,D,D,B
19521893-5,C,C,B,B,D,B,D,B,B,D,C,B,D,D,B,C,C,B,B,D,D,C,C,C,A,C,B,C,A,C,B,A,D,C,C,D,C,B,B,B,C,D,B,A,C,A,A,D,A,A,D,B,B,A,C,A,A,D,C,D
19077202-0,C,C,B,A,C,A,D,A,B,D,C,A,D,D,C,C,A,D,B,D,D,B,A,A,C,D,B,C,A,A,C,D,D,C,C,D,C,D,A,C,A,B,B,A,C,A,D,B,B,A,D,A,B,A,C,D,A,C,D,D
18732554-4,C,C,B,C,C,D,D,B,A,D,C,B,D,D,D,B,C,A,B,D,D,C,A,C,D,C,B,C,A,A,C,D,B,A,D,D,A,B,D,A,C,D,B,A,C,A,C,D,A,A,D,C,C,C,C,B,A,D,A,A
19590032-9,C,C,C,B,C,C,A,B,B,D,A,C,D,B,B,D,C,D,B,B,D,A,B,A,C,C,D,B,A,C,C,B,B,C,C,A,C,C,A,B,A,B,B,A,B,B,A,C,B,A,B,B,B,A,A,A,A,D,D,B
19756491-1,C,D,B,C,B,A,A,B,A,D,C,B,D,B,D,D,C,D,D,D,D,C,A,B,B,C,C,C,A,C,C,C,B,C,C,C,D,D,B,B,A,C,B,C,C,C,A,D,A,A,D,B,B,D,C,B,B,C,B,D
16669263-6,C,C,B,A,C,D,D,C,B,D,A,D,D,D,D,A,C,D,B,D,D,C,A,A,C,A,B,C,A,A,C,B,B,C,B,A,C,C,C,A,A,D,B,A,D,A,B,D,A,B,D,B,B,A,C,B,A,D,D,D
17156091-8,D,C,B,D,A,C,B,B,B,A,A,D,D,B,B,B,C,C,B,D,D,C,C,B,C,B,B,C,A,A,C,C,D,C,C,D,C,C,D,A,C,C,A,A,B,A,A,A,A,A,D,B,B,B,C,D,A,D,B,D
18936698-1,C,C,B,C,A,D,D,B,B,D,C,C,D,D,A,C,C,D,B,D,D,C,A,D,C,C,B,C,A,A,D,B,B,C,B,D,C,B,B,A,C,D,B,A,C,A,A,B,A,A,D,C,B,A,C,D,A,D,A,D
15265726-9,C,C,A,B,B,B,A,B,B,C,A,D,D,D,D,B,A,B,B,D,B,C,C,A,C,D,A,C,A,A,B,B,B,C,C,D,C,C,D,D,C,C,A,A,C,A,A,D,A,A,D,B,B,C,C,C,A,D,C,D
18971850-0,B,C,D,D,D,B,C,B,B,D,A,A,D,D,B,C,C,B,B,D,D,C,D,D,C,C,B,C,A,A,C,C,B,C,D,C,C,B,B,D,A,B,A,C,C,A,A,D,A,A,D,C,B,A,C,D,A,B,C,D
18358646-7,C,B,B,B,A,C,B,B,B,D,C,C,D,D,B,C,C,D,B,D,D,C,A,A,C,C,C,C,A,C,C,C,B,C,C,D,C,C,B,A,A,C,B,B,D,C,C,D,A,A,D,D,B,A,C,A,A,D,C,D
13646567-8,D,D,B,C,A,C,B,A,B,D,C,A,C,C,B,B,A,A,B,D,D,A,A,A,C,B,B,C,A,A,D,C,C,C,D,A,C,D,B,A,A,B,A,A,C,A,A,A,D,A,D,B,B,C,C,D,A,D,B,B
19074954-1,D,C,D,A,D,B,A,B,B,A,A,A,D,D,B,B,C,D,A,C,D,A,A,B,A,C,C,D,D,A,C,A,A,D,C,A,D,D,A,A,C,D,B,C,C,A,B,D,A,C,D,B,D,C,C,D,A,B,D,B
17677925-K,C,C,B,C,C,B,D,A,A,D,C,D,C,B,B,D,C,B,B,D,C,C,A,A,A,C,B,C,C,A,C,B,D,C,D,D,C,D,C,A,A,D,B,A,C,A,A,B,A,A,D,B,B,A,A,B,A,B,B,B
15210142-2,C,B,B,B,C,D,B,B,B,D,C,A,B,B,B,C,C,D,B,A,B,A,C,D,A,C,B,C,A,A,C,D,B,C,C,D,C,B,C,D,C,C,B,A,C,A,A,D,A,C,D,B,B,A,C,D,B,D,D,D
19189193-7,C,C,B,B,D,B,B,B,B,C,A,B,B,D,D,B,A,D,B,D,D,C,C,B,C,C,B,C,A,A,C,B,B,C,B,A,C,D,B,A,C,D,B,C,C,A,B,D,A,B,D,A,C,D,D,D,A,B,D,D
18237445-8,B,B,B,B,B,D,D,B,B,D,C,A,B,D,D,B,C,D,B,D,A,C,A,D,C,B,D,C,A,A,D,C,B,C,A,D,C,C,B,A,C,C,B,A,C,A,B,D,A,A,D,B,B,A,C,D,A,D,C,D
17708504-9,C,C,B,B,A,B,D,B,B,D,C,A,D,D,B,B,C,B,B,D,D,C,A,A,C,C,B,C,A,A,C,B,B,C,B,D,C,A,C,A,C,D,B,A,C,A,A,D,A,A,D,C,B,C,C,D,A,D,D,D
17614783-0,B,C,A,B,B,B,D,B,B,D,A,C,D,D,B,B,A,B,B,D,D,C,C,D,A,B,B,C,A,A,C,B,D,C,C,D,C,C,B,D,C,C,B,A,C,A,A,D,A,A,D,B,B,A,C,A,B,D,C,D
16752031-6,D,B,B,C,D,C,A,B,B,D,C,B,D,D,B,A,C,D,B,D,D,C,A,A,C,C,C,C,A,C,D,D,B,D,A,D,C,B,B,A,C,D,A,C,C,C,A,D,A,A,D,B,B,C,C,A,A,D,B,D
18030158-5,C,C,C,B,A,A,B,A,B,D,C,A,C,B,B,A,C,D,B,C,D,C,A,B,C,,B,C,C,C,C,,B,C,,D,C,C,C,B,C,D,B,,C,C,A,C,A,C,D,B,C,A,A,D,C,D,A,D
18579194-7,C,C,A,C,B,D,D,C,B,C,D,D,C,D,B,D,B,C,B,A,C,A,B,A,C,C,B,C,A,A,D,D,B,C,C,A,C,B,A,B,C,A,B,A,C,A,B,C,A,A,D,C,B,A,C,A,A,C,C,D
19394494-9,C,C,B,C,C,D,D,A,A,B,D,B,D,D,B,B,A,B,A,D,C,D,C,B,D,D,D,A,A,B,C,A,A,C,A,A,D,D,C,D,D,C,A,C,C,A,B,A,A,A,D,A,C,A,C,D,B,B,D,B
19127396-6,C,B,B,B,A,B,B,B,B,D,C,A,B,D,A,B,C,B,B,C,D,C,A,C,A,C,B,C,A,A,C,A,B,C,B,D,D,B,C,A,C,D,B,A,C,B,A,D,A,B,D,B,B,A,C,A,B,D,D,B
18484426-5,C,C,B,D,C,B,B,B,B,D,C,A,D,D,B,B,C,D,B,D,D,C,A,D,C,C,B,C,A,A,C,B,B,C,B,A,D,B,C,B,C,D,B,A,C,B,A,D,A,A,D,A,B,A,C,A,A,D,C,D
16996834-9,C,C,D,B,C,B,D,B,B,D,C,B,B,D,A,C,C,D,B,C,D,C,A,A,C,C,B,C,A,A,C,B,B,D,C,A,C,C,B,A,C,D,B,B,C,A,A,A,A,B,D,A,B,A,C,B,A,D,A,D
19546285-2,C,C,B,C,A,B,D,A,B,D,C,A,D,B,C,C,A,A,B,D,D,C,A,D,C,B,B,C,A,D,C,B,B,C,D,A,C,B,A,B,C,D,B,A,C,A,C,D,A,A,D,B,B,A,D,D,B,C,C,B
17926352-1,C,C,B,C,A,B,B,B,B,D,C,A,D,D,A,C,C,C,B,A,D,A,A,A,A,B,B,C,A,A,C,C,B,A,C,D,D,B,C,A,C,C,B,A,C,A,A,D,A,A,D,B,B,C,C,D,A,A,D,B
18001186-2,C,C,B,B,B,B,D,A,B,D,C,D,D,D,B,C,A,A,D,D,C,C,C,A,C,C,D,C,C,C,A,B,B,C,B,D,A,B,B,D,C,D,B,B,A,A,A,D,A,A,D,B,B,A,A,D,A,B,B,D
18811750-3,D,C,B,B,D,B,D,B,B,D,A,D,B,D,A,A,C,D,B,C,D,C,A,A,C,A,B,C,C,A,C,B,B,C,C,D,C,B,B,A,C,C,B,C,C,A,C,D,A,A,D,A,B,A,C,A,A,B,B,D
16275586-2,C,C,B,C,C,C,D,B,B,D,C,D,D,D,C,D,C,B,A,D,C,A,A,B,C,C,C,D,A,A,A,C,B,C,B,D,A,B,B,A,A,B,B,A,C,D,A,D,A,C,D,A,B,D,C,D,A,D,B,D
16741526-1,D,C,B,B,C,D,D,A,A,D,A,D,D,B,B,C,C,A,B,B,D,C,A,D,D,C,C,A,A,A,D,C,B,D,B,D,C,D,B,D,C,D,B,C,C,A,D,D,A,A,D,C,B,D,C,A,A,A,D,D
16741143-6,D,C,B,D,C,B,C,B,B,D,A,B,B,D,B,A,C,D,D,D,D,B,A,A,C,C,D,C,C,A,C,B,B,D,C,D,C,C,A,D,C,D,B,A,C,A,A,D,A,A,D,C,B,A,C,A,D,D,C,D
15124176-K,C,C,B,D,C,B,D,B,A,D,C,B,D,D,B,C,C,D,B,D,A,C,A,A,A,D,B,C,A,A,C,D,B,C,C,A,A,B,B,A,C,D,B,A,B,A,A,D,A,A,D,A,B,C,C,D,B,B,C,D
15086700-2,A,C,B,A,B,B,,,B,D,C,A,,,B,C,C,,B,,D,A,,D,,,B,,D,A,C,,B,,,A,C,B,B,A,C,D,B,,C,,A,D,A,A,D,,B,A,,D,B,D,B,
18396658-8,C,C,B,C,C,A,B,B,B,D,A,D,B,D,B,C,C,A,D,D,D,A,B,C,A,B,C,C,D,D,C,C,A,D,C,D,D,B,C,A,C,D,C,B,C,B,C,D,A,A,D,B,B,D,C,D,B,D,D,D
17669126-3,B,B,B,B,C,D,C,A,B,D,C,B,B,D,B,A,D,D,B,D,D,A,C,B,D,C,C,C,D,A,C,D,B,C,C,D,C,B,B,B,A,B,B,A,C,B,A,D,A,A,D,A,B,B,C,A,A,D,C,B
16748291-0,C,C,B,D,A,B,B,B,D,D,C,A,D,D,B,C,C,D,B,D,D,C,C,A,D,C,B,C,A,A,C,B,B,C,B,D,C,B,B,A,C,D,B,A,C,A,A,D,A,B,D,B,B,A,C,D,A,D,C,D
19248570-3,C,C,B,D,C,B,D,B,B,C,A,A,D,B,B,B,C,D,B,A,C,B,A,C,A,C,B,C,D,C,B,C,B,C,D,A,A,B,C,A,C,B,C,A,C,A,B,A,B,A,D,A,A,C,C,A,A,C,B,B
8538951-3,B,C,C,D,,B,D,A,B,D,D,B,D,A,A,C,C,,,,A,C,,D,,B,B,C,A,A,,,B,,,A,C,B,B,,A,D,B,,C,A,C,C,A,C,D,,B,C,C,D,A,C,C,
18122722-2,C,C,B,B,C,D,C,B,B,D,C,D,D,D,B,C,C,D,A,D,D,A,B,B,C,B,B,C,A,A,D,C,A,C,B,A,A,B,B,A,C,D,B,,A,C,,D,B,D,D,A,B,D,D,A,A,D,B,A
16365829-1,C,C,B,D,C,C,B,B,B,D,A,D,D,D,B,C,C,D,D,D,D,C,A,D,C,D,B,C,A,A,C,D,B,C,B,D,C,B,B,B,C,D,B,A,C,A,A,D,A,B,D,C,B,C,C,D,A,B,C,D
18586386-7,C,C,B,D,A,B,D,B,B,D,A,A,D,D,B,B,C,A,B,A,D,C,A,A,D,B,C,C,A,A,C,C,B,D,C,A,C,B,C,A,A,D,A,A,C,C,A,D,B,A,D,C,B,A,C,A,B,D,A,D
18702278-9,C,C,B,B,C,B,B,B,B,D,C,B,D,D,B,B,A,A,A,D,A,C,A,C,D,A,D,C,C,A,C,C,B,C,C,D,C,D,B,A,C,D,B,A,C,A,D,D,A,A,D,C,B,A,C,D,A,D,D,D
17075094-2,C,A,B,B,D,D,B,B,B,C,C,A,C,B,A,B,A,D,B,D,D,B,A,B,C,D,C,C,C,A,C,C,D,D,B,D,D,D,B,B,C,D,B,B,C,A,A,D,A,A,D,B,A,A,C,C,A,C,C,B
15456733-K,D,B,B,A,C,A,D,A,B,D,C,A,C,D,B,A,B,B,B,D,D,C,A,A,D,C,B,C,A,A,A,C,D,C,D,A,C,B,B,A,A,D,B,A,A,A,A,D,B,A,D,B,B,B,D,A,A,D,D,B
19644110-7,C,C,A,B,A,B,A,B,B,D,C,D,C,D,B,B,D,A,B,D,D,C,A,A,C,C,D,A,A,A,C,B,B,B,C,A,C,C,B,A,A,D,B,A,C,B,B,D,A,B,D,C,B,A,C,A,B,D,D,B
16175914-7,C,C,B,B,C,D,B,B,B,D,C,D,B,B,B,A,C,C,B,D,C,A,A,B,B,C,C,C,A,A,B,C,B,D,C,D,A,B,B,A,C,B,B,A,C,A,A,A,A,A,D,A,B,A,A,D,A,D,B,B
19431380-2,C,C,C,C,B,B,C,A,B,D,C,B,C,B,D,D,C,D,A,D,C,B,B,D,B,C,D,C,A,C,A,C,B,D,C,D,A,D,B,B,B,C,B,A,C,D,A,D,B,A,D,A,C,A,C,D,A,D,B,B
17328035-1,C,C,B,D,C,B,B,C,B,B,C,A,D,D,B,B,C,D,B,C,D,C,B,B,C,C,B,A,A,A,B,D,B,A,C,D,C,B,C,A,C,D,B,C,C,D,A,D,A,A,D,B,B,A,C,D,A,D,C,B
17365049-3,C,C,B,B,A,A,B,C,B,D,C,A,D,B,A,D,C,D,B,D,D,C,A,B,C,B,B,C,A,C,C,C,B,D,C,D,C,B,B,A,A,C,B,A,C,C,D,D,A,A,D,C,B,C,C,D,A,A,C,D
19306399-3,C,C,B,B,C,B,D,B,B,D,C,D,B,D,B,C,B,A,B,D,B,C,A,B,B,B,C,B,A,A,C,B,B,C,D,D,C,B,B,B,C,D,B,B,C,C,A,D,A,B,D,B,B,C,A,D,B,D,C,D
18019734-6,C,C,D,B,C,B,C,A,B,D,A,D,C,D,B,B,A,D,A,D,D,C,B,D,C,B,B,C,D,A,C,B,B,C,A,D,C,B,B,A,C,C,B,C,C,A,C,D,A,A,D,A,B,B,C,D,A,B,D,D
16094504-4,B,C,B,C,B,D,D,A,B,D,C,A,D,B,A,C,C,A,B,D,B,A,A,A,C,B,B,C,A,A,C,C,B,C,B,D,C,D,C,A,A,D,A,A,C,A,B,D,A,A,D,A,C,C,C,A,B,D,C,D
16323493-9,C,C,B,B,C,A,D,C,B,D,C,D,D,D,B,B,C,D,B,D,D,C,B,B,C,B,B,C,A,A,C,A,B,C,C,A,C,B,B,A,C,D,C,A,C,A,A,D,A,A,D,B,B,A,C,D,A,D,A,B
16016778-5,C,C,B,A,D,B,D,A,B,D,C,B,D,D,B,C,C,D,B,D,B,C,A,A,D,A,B,A,A,A,C,C,B,C,D,A,C,D,B,A,A,D,B,A,C,A,A,B,A,B,D,A,B,A,C,D,A,C,C,B
19009634-3,C,C,B,B,C,C,D,B,A,C,A,D,A,D,A,A,A,B,B,C,B,C,D,B,D,B,A,A,A,C,A,B,B,C,B,D,A,B,A,B,A,C,B,A,D,B,A,A,A,C,D,A,B,C,C,A,A,D,D,D
15653332-7,C,B,B,B,A,B,B,C,B,D,C,B,C,B,B,A,A,B,B,D,D,C,A,A,C,C,B,C,A,A,B,A,B,C,B,D,C,B,B,A,C,D,B,A,A,C,A,D,A,A,D,B,B,D,C,A,A,D,C,D
17365873-7,C,C,A,B,C,A,A,B,B,D,A,B,B,B,B,B,D,A,B,B,C,C,A,D,B,C,B,B,A,A,A,C,B,D,C,D,D,C,B,D,C,C,B,A,C,C,A,D,A,A,D,B,B,A,C,D,A,D,B,D
18767241-4,C,C,B,D,C,D,B,B,B,B,A,C,D,D,B,C,C,D,B,B,D,C,A,D,D,C,B,C,A,C,C,A,D,C,A,A,C,B,B,B,C,D,B,B,C,B,A,D,A,A,D,B,B,A,C,A,A,D,A,D
18147095-K,C,C,B,D,C,C,D,B,A,D,C,A,C,B,B,A,C,A,B,C,D,A,A,B,C,C,C,C,A,A,C,B,B,B,C,D,C,C,B,A,C,D,B,B,B,A,A,D,A,A,D,A,C,A,C,D,A,D,C,D
16004203-6,C,,D,B,D,B,C,B,B,D,C,B,B,D,A,C,A,D,B,D,D,C,A,D,,C,B,A,A,A,C,,B,C,B,D,C,D,B,A,,B,B,,C,C,A,D,A,A,D,,C,A,C,B,A,D,C,
19105944-1,C,C,B,B,C,B,A,A,B,C,C,D,C,D,B,D,A,D,A,C,D,A,C,D,C,C,C,C,A,C,D,A,D,C,D,D,D,D,A,B,C,C,B,A,C,C,B,D,A,A,D,B,A,A,C,B,A,D,C,C
18795906-3,C,C,B,C,C,B,A,C,D,D,A,B,D,D,B,B,C,D,B,D,D,B,A,A,D,C,B,D,C,A,D,D,B,C,C,A,C,B,B,D,C,B,B,B,C,A,A,D,A,A,D,A,B,C,C,D,A,D,C,B
16634151-5,C,C,B,D,A,B,D,B,B,D,C,D,D,D,B,B,C,,B,D,D,B,A,C,D,D,B,C,A,A,C,,B,D,C,D,C,B,B,B,C,D,B,A,A,B,A,D,A,A,D,B,B,C,C,D,B,D,D,D
18593152-8,C,C,B,B,D,D,C,A,B,D,C,D,B,D,D,D,C,A,B,D,D,A,A,D,D,B,C,D,A,A,A,C,B,C,B,A,C,B,B,D,C,D,C,A,C,A,A,D,A,A,D,A,B,C,C,D,B,D,C,B
18445191-3,C,B,B,A,C,B,A,A,B,D,C,D,D,D,D,B,D,D,B,D,B,C,A,D,C,C,D,C,A,A,C,B,B,C,B,D,C,B,B,A,C,B,B,B,C,C,A,D,A,B,D,A,B,C,C,D,A,D,A,B
9400388-1,C,C,C,C,C,C,D,C,A,A,A,A,D,D,B,C,B,A,B,B,D,C,A,A,C,C,B,C,A,A,C,D,D,B,C,D,C,C,B,B,C,D,B,C,D,B,A,D,A,C,D,C,B,A,C,D,A,D,D,B
18889018-0,C,C,C,C,B,B,C,A,B,D,A,D,D,D,B,B,B,A,B,A,A,C,A,D,,B,C,C,A,A,C,B,D,D,C,D,C,B,C,A,C,B,B,A,C,A,A,D,A,B,D,A,B,C,C,D,A,D,A,D
19696788-5,C,C,B,C,A,C,D,A,B,D,C,B,A,D,D,D,C,B,C,D,D,D,C,B,D,C,C,C,B,A,B,C,D,A,D,D,D,B,D,A,C,C,B,A,D,B,D,B,A,B,D,D,B,A,C,A,A,D,C,A
18848297-K,C,C,B,A,C,B,D,B,B,D,C,D,D,D,B,C,C,D,B,D,D,C,A,A,C,B,B,C,A,A,C,B,B,D,B,A,A,B,B,A,B,C,B,A,C,C,A,D,A,A,D,,B,B,C,D,A,C,C,D
18941918-K,C,C,D,B,B,B,B,A,B,D,A,D,D,D,B,D,C,B,B,A,A,A,A,C,C,B,B,C,A,C,B,D,A,C,A,A,D,D,A,A,C,B,B,A,C,B,A,C,B,A,A,B,B,B,A,D,B,B,A,D
18059634-8,C,B,B,B,D,A,B,B,B,D,C,C,B,D,B,C,C,D,B,D,C,C,A,B,B,C,C,C,A,C,C,A,B,C,C,A,C,B,C,A,A,C,B,C,C,A,D,D,A,B,D,A,B,B,C,C,A,D,B,B
17786195-2,C,C,B,D,C,C,B,B,B,D,C,B,D,D,B,C,C,D,B,D,D,C,A,A,C,A,B,D,A,A,C,D,B,A,B,A,C,B,C,A,C,C,B,C,C,D,D,D,A,A,D,A,B,C,C,B,B,D,C,B
19634215-K,C,C,B,B,A,A,A,A,B,D,A,A,C,D,B,B,C,B,A,D,D,C,A,B,C,C,B,C,A,A,A,A,B,C,C,D,C,C,B,B,C,C,B,B,C,A,A,D,A,B,D,A,B,C,D,A,A,D,D,B
15597108-8,C,C,A,B,A,B,B,A,B,D,C,B,C,A,B,B,C,B,B,D,C,C,A,D,C,D,B,A,D,C,B,C,D,C,A,D,C,C,B,A,C,D,A,A,C,A,A,D,A,B,D,B,B,A,A,D,A,D,D,B
17045711-0,C,C,B,D,C,C,B,B,A,D,C,A,C,D,D,D,B,D,B,D,C,C,A,B,C,C,B,C,A,A,D,A,B,C,D,D,C,B,B,D,C,D,B,C,C,A,A,D,A,A,D,C,B,C,C,D,A,D,D,D
17631880-5,B,C,D,A,A,C,B,C,C,D,C,B,D,D,B,B,D,B,B,D,D,C,A,C,C,B,C,C,A,A,A,C,B,D,B,A,C,B,B,D,C,D,B,C,C,A,A,D,A,A,D,A,B,C,C,A,A,D,D,B
17287566-1,C,C,C,B,C,A,D,B,B,C,C,D,C,D,A,B,A,D,B,D,A,C,,C,D,B,D,C,A,A,D,C,B,C,B,D,D,C,B,B,C,D,B,,C,A,A,D,A,B,D,A,B,A,C,D,A,C,C,D
17086651-7,C,C,D,A,B,D,B,B,D,D,C,A,D,D,B,B,C,D,B,D,C,C,A,D,C,C,C,C,A,A,C,A,B,C,C,A,C,B,D,B,C,D,A,A,C,A,A,C,A,A,D,C,B,A,C,D,A,D,C,B
16168009-5,C,C,D,B,D,C,D,A,B,D,A,A,D,B,,,B,D,B,A,D,C,A,,,,,A,,A,C,D,B,D,C,D,C,A,B,D,C,C,B,A,C,,A,B,A,A,D,A,D,A,,D,A,D,,D
16244748-3,C,C,A,B,A,B,D,D,B,D,A,A,D,D,B,D,C,D,B,,D,C,A,D,C,A,B,A,A,A,A,A,D,,B,A,A,B,B,A,C,B,B,A,C,A,A,B,A,D,D,B,B,C,A,A,A,B,D,B
14156684-9,C,C,B,B,C,B,D,B,D,D,A,A,D,B,B,B,C,D,B,D,D,C,C,D,D,C,B,A,A,A,C,A,C,D,B,D,C,B,C,A,A,D,A,A,A,A,A,D,A,C,A,A,B,A,C,D,B,D,B,B
17905158-3,C,C,D,D,C,B,B,A,B,B,C,A,B,D,B,C,C,A,B,D,D,B,A,B,D,C,B,A,A,A,C,B,B,C,B,D,A,D,B,A,C,C,B,A,C,A,A,A,A,A,D,A,B,A,C,A,A,D,B,B
18753097-0,C,C,B,B,A,C,D,C,A,C,C,C,C,D,D,B,C,A,D,A,C,B,A,D,C,B,B,B,A,A,C,B,B,C,C,D,C,B,A,A,C,D,B,A,C,C,D,D,A,A,D,B,B,C,D,D,A,B,D,B
12825595-8,B,C,B,C,C,C,D,B,D,D,A,D,D,D,B,A,C,D,B,C,C,A,A,C,C,C,C,C,A,A,C,B,B,C,B,A,C,A,C,A,C,D,C,A,D,A,A,D,A,A,D,A,B,A,A,D,A,D,C,B
18784312-K,D,C,B,A,B,B,B,B,B,D,A,D,D,D,A,C,C,A,B,C,D,C,A,D,C,C,C,C,C,C,C,D,D,C,C,A,C,D,B,A,C,C,B,C,A,A,C,D,A,A,D,B,D,C,C,A,A,D,C,C
18882248-7,C,C,B,B,A,D,D,A,B,D,A,D,D,D,B,C,C,D,D,D,D,C,A,A,C,B,C,C,A,A,C,D,D,C,C,A,C,B,B,B,A,B,B,A,C,D,B,D,A,A,D,B,B,D,C,A,A,D,A,B
18669472-4,C,C,B,C,B,B,C,B,C,D,C,A,D,D,B,C,C,A,B,B,D,C,A,A,C,C,B,C,A,A,C,B,B,C,B,C,C,B,B,A,C,D,A,A,C,B,A,D,A,A,D,B,C,C,A,B,A,D,D,D
18653839-0,C,C,D,D,A,A,C,A,B,D,C,B,C,D,D,B,A,B,B,D,B,C,A,A,C,C,C,C,A,A,C,B,B,D,C,D,C,B,A,B,C,D,B,B,C,D,B,D,A,A,D,B,A,A,D,D,B,D,C,B
14206774-9,C,C,B,A,C,C,D,B,B,D,A,D,D,D,B,C,B,D,B,D,D,C,A,D,C,B,D,B,A,A,B,C,B,C,A,C,C,D,B,D,C,D,B,A,C,A,A,D,A,A,D,B,B,C,B,D,A,B,A,D
18667014-0,C,C,B,C,C,B,D,B,B,C,B,A,D,B,B,A,C,D,B,D,A,C,B,A,C,C,B,C,C,A,C,D,B,C,D,A,C,B,B,A,C,D,B,B,C,C,A,D,A,B,D,B,B,A,C,D,B,D,B,D
12107884-8,C,C,B,C,A,C,D,B,A,D,C,D,D,D,B,C,A,D,B,D,D,C,A,A,C,C,C,C,A,A,C,C,B,C,B,D,C,B,C,D,C,D,A,A,C,A,A,D,A,A,D,A,B,C,A,D,A,B,D,B
19406076-9,C,C,B,B,C,B,B,B,B,D,C,D,D,D,B,B,A,A,B,D,B,C,B,A,C,C,B,C,D,A,C,C,B,C,D,D,C,B,B,D,C,B,B,C,C,A,B,D,B,B,D,B,B,C,A,D,B,D,D,D
19602719-K,C,C,C,C,B,D,D,A,A,A,A,D,C,D,B,A,C,A,D,D,D,A,D,C,D,C,C,C,C,A,B,C,D,D,D,D,C,B,C,B,A,B,A,D,C,C,C,A,A,B,D,B,B,B,A,D,B,D,D,D
18493288-1,C,C,B,B,C,D,B,C,B,D,A,D,B,D,B,B,C,D,B,D,A,C,A,B,D,C,C,A,B,A,C,C,B,C,D,A,C,B,D,B,C,C,B,A,C,A,B,D,A,B,D,B,C,B,A,B,A,D,D,D
18699846-4,A,D,B,D,A,C,D,B,B,D,C,D,D,D,B,A,C,A,B,D,D,C,A,A,A,C,C,C,A,A,C,B,B,C,C,A,C,B,A,A,C,C,B,A,C,C,A,D,A,D,D,B,B,B,C,A,A,D,B,D
19015357-6,C,C,B,B,B,B,D,A,D,D,C,D,B,B,D,D,D,A,A,D,B,C,A,C,C,C,C,A,A,A,C,B,A,A,A,A,A,B,C,A,A,D,B,C,D,A,B,B,A,A,D,C,D,D,C,D,B,C,D,B
19283336-1,C,B,B,B,C,B,C,B,B,D,C,C,D,D,B,C,C,A,B,D,B,C,A,B,C,C,C,C,A,A,D,D,B,D,D,D,C,A,B,A,C,D,B,A,C,C,B,D,A,C,D,A,B,A,C,D,A,D,B,D
17994723-4,C,C,B,B,A,B,D,B,B,D,A,D,D,D,B,C,B,A,B,D,D,C,A,B,C,B,B,C,A,A,C,A,B,C,D,D,D,B,B,A,C,B,B,A,C,A,A,A,A,A,D,B,B,A,A,A,B,B,D,D
19276607-9,C,B,B,B,C,B,A,B,A,D,C,D,B,D,B,B,D,D,A,C,D,C,A,D,A,C,C,C,A,C,D,C,B,C,D,D,A,D,A,B,C,B,B,A,C,C,B,D,A,A,D,B,B,C,A,B,A,B,D,B
15367571-6,D,C,B,B,C,B,D,B,B,D,A,A,D,D,B,B,A,D,B,D,D,C,A,A,C,D,B,C,A,A,C,C,B,C,C,A,C,C,B,A,C,D,B,A,C,A,A,D,A,A,D,A,B,C,C,D,A,B,A,B
19334594-8,C,C,B,C,A,D,B,B,B,D,C,A,D,D,B,C,A,B,B,C,B,C,A,B,B,C,D,C,A,C,C,A,B,D,A,D,C,B,A,A,A,D,B,C,C,A,A,C,A,A,D,B,B,B,A,D,A,B,D,D
18904677-4,C,C,B,C,A,B,B,B,B,A,C,A,D,D,B,B,C,D,B,D,D,C,A,A,C,C,B,C,A,A,C,C,B,C,B,D,C,D,B,A,A,D,B,A,C,A,B,D,A,A,D,D,B,B,C,D,A,D,D,D
19696890-3,C,D,A,C,B,B,B,C,B,A,C,D,D,B,C,D,C,A,B,B,D,A,C,B,D,B,B,C,A,A,C,C,D,C,D,D,C,D,A,B,C,C,B,A,A,A,A,B,A,A,D,B,A,C,C,D,A,B,C,B
17271192-8,C,C,B,C,A,B,C,A,B,D,A,B,D,D,B,D,C,D,B,A,C,C,A,A,C,B,D,C,A,A,A,C,B,C,B,D,C,A,B,A,C,D,B,A,C,A,B,D,A,D,D,A,B,A,A,D,A,D,C,D
18220091-3,C,C,B,B,C,B,C,B,B,D,C,B,D,D,B,C,C,D,B,D,D,C,A,A,C,C,D,C,A,A,C,B,B,C,B,C,C,B,B,B,C,D,B,A,C,A,B,C,A,A,D,A,B,A,C,D,A,D,C,B
18561589-8,C,C,B,C,A,D,D,B,A,A,D,A,D,D,A,B,C,A,B,C,B,A,A,B,D,C,D,C,B,A,C,C,B,C,A,D,C,D,A,B,A,C,B,B,C,B,A,D,A,A,D,B,B,C,C,A,A,D,D,D
18640266-9,C,C,B,C,C,B,D,B,B,D,A,A,D,D,B,C,C,D,B,D,D,C,C,B,C,C,B,C,A,A,C,D,B,C,B,A,B,B,D,A,C,D,B,A,C,A,D,D,A,A,D,C,B,A,A,D,A,B,B,D
15853969-1,C,,D,B,C,B,A,B,B,D,C,A,D,D,B,D,C,D,B,C,B,C,A,A,,C,B,C,D,A,C,C,B,D,,D,B,B,B,A,C,D,B,A,C,A,A,D,A,C,D,,B,C,C,D,A,D,C,D
18973353-4,C,C,B,B,D,B,D,B,B,D,C,B,D,D,B,A,C,D,B,D,D,C,C,C,D,C,B,C,A,A,B,D,B,C,B,C,C,A,B,B,C,D,B,A,C,A,A,D,A,A,D,B,B,D,C,A,A,D,C,D
19411630-6,B,B,A,B,D,C,D,A,C,C,A,D,D,D,C,D,D,A,B,B,D,C,A,C,C,C,C,C,A,A,C,D,C,C,C,D,C,D,C,D,A,C,B,A,C,D,A,D,A,C,D,A,B,A,C,B,A,D,D,B
18886292-6,C,C,A,D,C,B,A,B,B,D,C,D,C,D,B,A,C,A,D,D,D,C,A,C,D,C,B,C,A,A,D,B,B,C,B,D,C,B,A,B,A,D,A,B,C,A,A,D,A,A,D,B,B,A,C,D,A,C,C,B
19082041-6,C,C,A,B,B,B,B,D,B,D,C,B,D,D,D,C,C,B,B,A,D,A,B,B,C,B,B,C,A,C,C,A,B,C,D,D,C,A,B,A,D,D,B,A,C,A,A,A,A,C,D,C,A,A,C,D,B,D,D,B
14162070-3,C,C,B,B,C,B,D,B,B,D,C,A,D,B,B,C,C,D,B,D,D,C,A,A,C,C,B,C,A,A,C,B,B,D,B,D,C,D,C,A,C,D,B,A,C,A,B,C,A,A,D,B,B,C,C,D,A,D,D,D
18020112-2,D,C,B,D,C,B,B,A,B,D,A,D,D,D,B,C,C,D,B,D,D,C,A,B,D,C,B,C,C,A,C,B,B,C,B,D,C,C,B,A,C,D,B,B,C,A,B,D,A,B,D,B,B,A,C,D,A,D,D,D
19037171-9,C,C,B,C,C,B,A,B,B,D,A,D,D,D,D,B,C,A,A,C,B,A,C,A,D,B,D,C,A,A,B,C,B,C,C,A,C,D,B,A,D,D,B,C,B,A,A,D,A,A,D,B,A,A,C,A,B,D,C,C
18191795-4,C,C,D,A,C,B,B,B,D,D,A,B,D,D,B,C,C,A,B,D,D,C,A,C,C,D,B,C,A,A,C,D,B,D,C,D,A,B,B,A,C,D,B,A,B,A,B,D,A,A,D,B,B,D,C,A,B,D,D,D
19407553-7,C,C,B,B,C,C,A,B,B,D,C,D,D,B,B,C,B,D,A,D,A,C,A,A,A,B,B,C,A,A,C,B,C,C,B,D,C,D,A,A,C,B,B,A,C,D,B,D,A,A,D,A,B,A,C,A,A,D,D,B
18124213-2,C,C,B,B,C,B,B,B,B,C,A,A,D,D,B,C,C,D,B,A,D,C,A,C,C,B,C,C,A,A,C,C,B,C,D,A,C,B,B,A,A,D,B,B,C,C,C,D,A,A,D,A,B,B,C,D,B,C,D,D
18874643-8,C,C,C,C,C,B,B,A,B,D,A,A,C,D,B,B,A,C,A,A,D,C,A,B,D,C,B,C,A,A,A,C,B,C,A,D,C,B,A,A,A,D,B,A,C,C,B,D,A,B,D,B,B,A,C,D,A,C,C,B
18226884-4,C,B,B,B,C,C,D,A,B,C,C,B,B,B,B,C,C,D,B,D,C,C,B,B,C,A,B,A,A,A,D,D,A,A,B,D,A,B,B,D,B,C,B,C,C,A,A,D,A,A,D,B,C,A,C,D,A,B,D,D
19503961-5,C,C,B,C,C,D,A,B,B,D,A,B,D,D,B,B,C,A,B,D,D,C,B,C,D,C,C,C,A,A,C,D,B,C,D,D,C,B,B,A,A,D,B,C,C,D,A,D,A,A,D,B,A,B,C,D,A,D,C,D
18776135-2,C,C,B,C,C,B,D,C,B,D,C,D,D,D,B,B,C,B,B,D,C,C,A,C,A,B,B,C,A,A,C,D,B,C,B,A,C,B,B,A,C,C,B,A,C,A,A,D,A,B,D,B,C,C,C,D,A,D,A,B
19696137-2,C,C,B,C,C,B,A,D,B,D,C,B,D,D,B,C,C,D,A,C,D,C,A,C,C,C,B,C,A,A,C,C,B,C,D,D,A,B,B,D,C,D,B,A,C,D,B,D,A,A,D,B,B,C,C,D,A,C,B,D
18835914-0,C,C,A,C,C,A,C,A,B,D,A,D,D,D,C,C,C,D,B,D,D,C,A,B,D,C,B,C,A,A,C,B,B,D,C,A,C,B,B,A,C,D,A,B,C,C,B,D,A,A,D,A,B,C,C,D,B,D,C,D
17680309-6,C,C,B,B,C,B,D,C,B,D,A,A,D,D,B,A,A,B,B,D,D,A,B,B,C,D,B,C,A,A,C,D,A,A,C,A,C,B,B,A,C,D,B,A,C,C,A,D,A,C,D,D,B,A,C,D,A,D,B,D
17972579-7,C,C,B,A,A,B,D,B,B,A,C,A,B,D,B,C,C,D,B,D,D,C,B,A,C,B,D,C,A,A,C,C,B,D,B,A,C,B,A,A,C,D,B,A,C,A,A,D,A,A,D,B,B,A,C,A,A,D,B,D
18739624-7,C,C,D,D,D,D,D,C,B,C,B,D,D,D,D,C,B,C,C,C,C,C,A,D,B,D,C,C,A,D,B,C,B,C,C,D,C,D,B,B,C,D,B,A,C,A,A,C,A,A,D,B,C,A,D,D,B,D,D,C
19425077-0,D,C,B,D,A,B,B,C,B,B,C,D,B,B,B,B,D,A,A,C,D,A,A,D,D,D,B,C,A,A,C,A,D,A,D,D,D,B,A,B,C,A,A,A,A,A,C,D,A,B,D,B,B,C,C,A,A,D,C,D
18524854-2,C,C,B,B,A,C,B,B,B,D,C,C,D,D,B,C,C,D,B,D,D,C,A,D,C,C,C,C,A,A,C,B,B,C,C,D,C,B,B,A,C,D,B,B,C,A,A,D,A,C,D,B,B,C,C,D,B,D,B,D
