RUN,
18143033-8,C,C,C,C,A,B,A,D,B,C,B,D,B,C,B,A,C,C,C,C,B,C,,A,D,A,A,D,B,D,A,A,D,A,B,A,D,,B,B,A,A,A,D,D,C,B,D,C,C,B,B,B,C,D,B,A,D,B,C
18841182-7,C,C,D,B,B,B,D,C,A,B,C,C,B,C,B,A,B,C,D,C,B,C,B,C,A,D,B,B,C,B,D,B,D,D,B,B,B,B,B,A,C,A,C,,D,B,B,B,C,C,B,,B,C,A,,A,D,C,B
19358116-1,B,A,C,B,B,C,A,D,D,C,C,D,C,B,D,A,D,C,B,C,B,C,C,B,D,A,B,A,A,D,D,A,C,A,B,C,A,D,C,B,A,A,D,A,D,C,B,D,C,B,B,A,A,C,D,A,A,A,B,B
18781661-0,B,A,D,B,A,B,D,D,A,C,A,D,A,C,A,A,B,C,B,C,B,B,A,C,C,B,B,A,B,C,B,C,C,A,B,B,D,D,B,B,C,B,A,D,D,B,C,A,C,B,B,A,A,C,A,C,A,D,B,B
16583577-8,B,A,C,B,B,C,A,D,B,C,A,D,C,C,C,D,B,B,C,C,D,D,B,B,C,A,B,A,C,B,A,A,C,A,B,C,B,B,D,B,B,A,B,A,C,A,B,C,C,C,B,A,B,D,A,A,B,B,B,B
19538659-5,D,C,D,D,A,B,A,D,,C,C,C,A,B,,D,B,C,,D,A,C,,C,D,D,C,A,C,A,D,B,A,,B,D,C,C,B,A,A,A,C,,D,A,B,A,D,D,A,A,A,D,A,B,A,A,B,A
18774823-2,B,A,D,B,B,B,A,D,B,D,C,D,A,C,D,B,C,B,B,C,D,B,B,B,C,C,C,B,C,B,A,A,C,A,B,D,B,C,D,B,B,D,C,D,D,A,B,A,B,B,B,D,D,B,D,C,A,D,C,D
18476694-9,B,A,C,B,B,C,A,D,B,C,C,D,C,C,C,B,B,B,C,C,B,D,B,B,C,A,B,A,B,B,A,A,C,A,B,B,D,C,D,B,B,A,C,B,D,A,B,A,C,B,B,A,A,C,A,C,A,D,B,B
18342341-K,B,A,C,B,B,C,A,D,B,C,C,A,A,C,C,D,B,B,A,C,D,D,C,C,D,A,B,A,D,B,A,A,C,A,C,A,B,C,D,B,B,A,D,D,D,C,B,D,C,B,B,A,B,B,D,C,A,D,B,B
19049846-8,B,A,C,B,B,C,D,D,B,C,A,C,A,A,A,C,B,B,C,C,D,C,A,A,C,B,C,A,A,B,A,A,C,A,B,A,B,B,D,B,B,A,C,D,D,C,A,A,C,A,B,B,B,B,A,C,C,A,C,B
17395641-K,A,C,D,C,A,C,A,B,,C,A,D,,C,D,C,D,C,C,D,,C,A,A,D,A,D,D,C,C,A,A,D,A,B,D,D,D,B,B,A,A,D,,D,A,B,B,C,A,A,A,B,A,A,C,A,D,B,C
18800110-6,B,C,D,C,A,C,A,A,C,C,C,A,A,B,A,C,D,C,A,A,A,A,A,A,D,D,C,B,C,C,A,C,D,A,B,A,A,C,A,A,A,A,A,A,D,A,B,A,C,A,D,A,A,C,D,A,A,A,B,C
19126318-9,B,A,B,B,B,C,C,C,C,D,C,C,C,B,C,B,D,C,C,A,B,C,B,C,D,D,C,D,C,B,A,D,C,B,B,C,B,D,A,B,A,B,D,C,D,A,C,A,C,B,A,B,B,D,D,C,A,A,B,A
16155215-1,A,C,A,B,A,A,D,D,A,C,C,D,A,B,A,C,B,C,B,A,A,B,B,A,A,A,D,D,A,B,D,D,A,C,B,A,C,D,C,,C,A,B,C,C,C,B,B,C,,A,B,B,B,D,A,A,A,B,C
18723543-K,A,B,B,C,A,C,A,C,A,B,A,C,A,C,B,C,D,C,C,C,D,C,C,C,A,A,D,B,C,B,A,C,A,A,B,D,A,D,C,A,B,A,B,C,D,C,A,A,C,B,C,B,A,C,D,D,A,C,B,C
19075055-8,B,B,,D,A,C,A,D,A,A,C,D,A,C,A,C,D,C,B,A,,C,B,,D,C,C,A,C,B,D,C,C,C,,A,B,B,B,,D,D,A,,D,C,B,D,B,B,B,B,B,B,,C,C,C,B,B
18133416-9,C,C,D,B,A,C,A,D,B,C,C,A,C,A,A,C,C,C,C,C,D,D,B,B,C,D,B,A,C,B,D,A,D,A,B,A,B,B,B,B,C,D,C,D,D,A,C,D,C,C,A,D,B,C,A,D,A,D,B,A
19347201-K,D,A,C,B,B,C,A,D,B,A,C,D,,C,A,A,D,C,C,C,B,D,,B,C,A,B,A,C,D,D,B,C,,A,C,A,,B,,B,A,C,,C,C,A,C,C,B,B,A,B,B,D,A,A,D,B,B
19035255-2,B,A,A,B,B,C,A,D,B,B,C,D,A,C,C,A,B,B,A,D,B,D,B,B,C,C,B,A,B,B,A,A,C,A,B,B,B,B,D,D,A,A,C,D,C,A,C,C,A,C,B,A,B,B,A,B,C,D,A,B
19806324-K,B,A,C,C,A,C,A,D,B,B,C,B,B,A,D,B,C,B,C,D,D,C,A,A,B,A,C,A,C,D,D,C,C,A,D,C,D,D,D,B,B,D,D,A,C,A,C,A,C,C,A,B,B,A,D,D,A,D,B,B
19293397-8,C,B,C,C,A,A,A,B,A,C,C,C,A,C,A,D,C,C,C,C,B,B,B,A,D,D,A,A,C,C,A,C,C,A,C,B,A,D,C,A,C,B,D,A,C,A,C,B,C,C,B,A,B,C,D,C,D,A,A,B
19051356-4,B,A,C,B,D,A,A,C,A,A,C,D,C,D,A,C,C,C,D,D,B,C,C,A,C,A,B,B,C,D,B,A,C,A,B,A,B,C,C,B,A,A,B,D,D,A,B,A,C,D,B,B,A,B,D,C,A,C,B,C
18815571-5,D,A,C,C,A,A,A,A,B,A,C,D,A,D,A,B,B,B,D,C,B,C,A,B,D,A,C,B,D,D,D,D,D,D,B,C,D,C,D,,B,C,C,A,C,C,D,B,C,B,B,C,C,C,D,,A,C,D,B
18788941-3,B,A,A,C,A,A,A,D,D,B,C,C,C,A,A,A,C,B,A,C,D,B,B,B,A,A,B,A,C,B,D,A,C,D,B,A,B,B,D,A,A,A,A,C,D,A,B,B,C,B,B,A,A,A,A,C,A,D,A,A
19154469-2,C,C,C,B,A,C,A,D,,B,C,C,C,C,,A,,C,,C,B,C,,A,D,A,C,C,D,,A,C,D,,C,B,A,C,B,,C,A,,A,B,C,A,A,C,C,A,A,B,B,D,C,C,D,B,B
18253927-9,B,B,D,C,A,A,D,A,A,D,D,A,C,D,A,B,A,C,D,C,B,C,A,B,A,C,D,A,D,C,D,A,B,A,A,C,A,A,A,A,A,C,B,A,D,C,C,D,B,B,A,D,A,C,D,C,C,D,B,C
17705214-0,B,B,,C,A,,A,B,,,C,C,A,C,,A,B,C,D,C,,B,,,A,A,A,D,B,D,D,C,A,A,B,A,D,B,C,A,B,A,C,D,B,A,,C,C,B,B,,A,D,D,,A,D,B,C
18880411-K,A,B,C,B,B,D,A,D,B,C,A,D,A,A,A,C,D,B,C,C,D,D,B,B,D,A,C,A,C,B,A,A,C,A,B,B,B,C,D,B,A,A,C,A,D,D,C,D,C,B,B,A,A,A,D,C,C,D,A,C
19308382-K,B,A,C,B,B,C,A,D,B,A,C,D,C,C,D,A,C,B,C,C,D,D,B,C,C,A,B,B,B,B,A,A,C,A,B,C,B,B,D,B,A,A,C,C,D,A,C,A,C,B,B,C,B,B,A,C,C,D,C,A
19122432-9,A,B,D,B,A,A,D,B,A,A,B,B,A,B,D,C,C,C,C,A,B,B,B,A,D,D,B,A,C,C,D,D,D,A,B,A,C,C,D,B,B,A,B,D,C,A,D,D,C,C,B,B,B,A,A,D,A,D,B,A
18200054-K,B,A,C,B,B,C,D,D,C,C,C,D,C,C,D,A,C,B,C,C,D,D,B,B,C,A,B,A,B,B,A,,C,A,B,B,A,B,D,,A,A,C,D,D,A,C,A,C,D,B,A,B,B,A,C,A,A,B,C
18367808-6,B,C,C,C,A,A,A,A,C,A,C,A,A,C,A,C,C,C,C,C,D,C,B,C,A,B,D,D,B,D,D,A,D,A,B,A,A,B,D,D,A,A,B,D,C,C,D,D,C,B,B,A,B,A,D,D,A,D,A,B
19307597-5,B,B,C,C,A,C,,C,,C,C,D,C,B,C,A,,C,C,C,D,D,B,C,D,A,C,A,B,B,A,,C,A,B,,C,B,C,,A,,,,C,A,A,A,C,D,B,A,B,,A,C,A,D,B,C
17590608-8,B,A,B,B,B,C,D,D,B,C,C,D,C,C,C,A,B,C,C,C,B,C,B,C,C,A,B,D,B,B,A,A,C,A,B,B,D,C,C,B,B,A,C,D,D,C,C,A,C,B,C,D,B,B,D,C,A,D,B,B
19681700-K,B,A,B,B,B,C,A,D,D,C,C,D,A,C,C,A,B,C,D,C,B,D,B,B,C,B,C,A,B,B,D,A,C,A,B,A,D,B,C,B,A,A,C,D,B,A,C,A,B,B,C,D,A,B,A,C,A,D,C,B
19529173-K,B,A,C,B,B,C,A,D,B,D,C,D,C,A,C,A,C,B,D,C,D,D,C,C,C,A,B,A,B,B,D,A,C,B,B,B,D,B,C,B,B,A,C,D,C,A,C,D,C,D,B,A,B,B,A,C,A,D,B,C
17679436-4,B,A,B,B,A,A,A,B,B,A,C,B,A,C,D,A,B,C,C,C,D,B,B,B,D,A,C,C,B,B,D,C,C,B,C,B,D,D,C,D,A,A,C,C,D,A,C,A,C,D,B,B,A,B,D,D,B,D,D,A
18827288-6,D,,,C,D,,A,D,C,C,C,D,,C,C,A,B,B,C,C,,D,,B,,A,B,,,B,A,,D,A,,A,B,,,,,A,,,B,,,,,,,,,,,,,,,
12547303-2,B,A,C,B,B,C,A,D,B,C,C,D,C,C,C,A,C,B,C,C,B,D,B,B,C,A,B,A,B,D,A,A,C,A,B,B,D,B,C,B,B,A,D,D,D,A,C,A,C,B,B,A,B,B,A,A,A,D,A,B
18390346-2,B,A,C,B,B,C,A,D,A,C,C,D,C,C,B,A,C,B,C,C,B,D,B,B,C,A,B,A,B,B,A,A,C,A,B,B,D,A,C,B,A,A,C,D,C,A,C,A,C,B,B,A,B,B,D,C,A,D,A,B
18028193-2,B,A,C,C,C,C,D,D,B,C,C,D,A,C,C,A,C,C,C,C,B,B,B,A,D,B,C,A,B,B,D,A,D,A,B,A,D,B,C,B,B,A,D,C,C,C,C,A,C,C,C,A,B,B,D,C,C,D,B,C
19630677-3,D,D,C,B,B,A,A,C,B,B,C,B,D,C,B,C,A,B,C,C,D,D,A,B,D,A,B,C,C,C,D,A,C,A,A,B,C,D,A,B,B,A,B,D,C,A,D,A,C,B,C,A,B,B,D,A,A,D,D,A
17604056-4,B,A,C,B,B,C,A,D,D,A,C,D,C,A,C,A,C,C,B,C,B,C,C,B,A,A,D,A,B,B,A,C,D,A,B,B,B,B,C,B,B,A,D,C,B,A,A,A,C,C,A,A,B,B,C,C,A,D,A,C
19151132-8,B,A,C,C,B,C,A,D,A,C,A,D,A,A,C,A,C,B,D,C,D,D,B,A,C,A,B,A,C,B,A,A,C,A,B,B,D,C,C,B,B,A,D,D,D,A,B,A,C,C,B,A,B,C,D,D,A,D,B,B
18749793-0,B,A,B,B,A,A,C,D,B,D,C,D,C,D,A,A,B,C,C,C,B,B,,D,D,A,B,D,B,C,A,D,C,B,B,D,D,,C,B,B,D,A,,C,C,C,A,C,C,B,B,B,B,A,A,A,D,D,B
17046772-8,C,D,D,B,A,A,A,D,A,C,A,C,C,C,C,C,C,C,B,D,B,C,A,B,C,C,C,A,D,D,B,C,D,D,B,A,C,B,C,A,A,A,B,C,D,C,B,D,C,D,C,D,A,D,A,C,A,C,C,A
18211828-1,B,A,C,B,,A,A,D,A,A,C,B,,D,C,A,B,B,B,C,B,D,B,B,B,A,C,D,B,C,A,A,B,A,B,A,B,C,C,B,A,A,C,A,D,D,B,A,C,B,B,B,B,D,,C,C,D,B,B
18725638-0,B,A,C,B,B,A,A,D,B,C,C,D,C,C,C,B,B,B,C,C,B,D,B,B,B,A,B,A,B,C,A,A,C,A,B,B,B,C,D,B,A,A,C,D,D,A,C,A,C,A,B,A,B,B,A,B,A,D,A,A
18798608-7,B,A,C,B,B,C,A,D,,C,C,D,C,C,D,A,C,B,C,C,D,D,,C,C,C,B,A,B,B,A,A,C,A,C,B,C,C,C,B,A,A,C,C,D,A,C,A,C,B,B,A,B,C,D,,A,D,A,B
18699276-8,B,A,C,C,A,C,A,D,B,B,C,D,A,C,D,A,B,C,B,C,D,D,B,A,C,A,B,A,D,C,D,C,C,A,B,C,D,C,C,B,B,A,D,D,C,C,C,A,C,B,B,A,B,C,B,C,A,D,D,C
19643855-6,B,D,B,B,A,A,D,D,A,C,A,D,A,C,A,A,B,B,A,C,B,C,B,B,C,A,C,D,C,C,D,A,C,A,B,B,B,D,B,D,B,A,D,A,D,C,D,A,C,C,C,A,B,C,D,C,A,D,B,B
19646283-K,B,A,B,C,C,B,A,D,A,C,B,D,B,C,D,A,B,C,B,D,B,B,B,B,D,A,B,A,C,B,A,A,D,A,B,A,A,B,C,B,A,A,D,C,D,A,C,D,C,D,B,A,B,D,A,C,C,D,B,C
19356053-9,B,,,B,,C,C,D,,C,C,,,,,,C,B,C,C,B,C,,B,C,A,B,,C,,D,D,D,A,,,,B,,,,,D,,D,,C,A,C,B,B,A,B,B,B,,A,D,B,A
14258630-4,C,C,D,B,B,B,A,C,B,C,B,D,A,A,A,A,C,C,C,C,B,D,B,A,A,B,B,C,C,D,A,A,D,A,B,B,D,A,A,A,A,A,B,A,B,A,C,B,C,C,C,C,B,B,D,C,A,A,B,A
19317463-9,B,A,C,B,B,B,A,D,B,C,C,D,C,C,C,A,B,B,C,C,B,D,B,B,C,A,B,B,B,D,A,A,C,A,B,B,D,B,C,B,B,A,C,D,C,A,C,A,C,D,B,A,B,C,A,C,A,D,C,A
18022382-7,B,A,C,B,B,C,A,D,B,C,C,A,C,C,C,A,B,B,D,C,D,D,B,B,A,D,B,A,B,B,D,A,C,A,B,B,B,B,C,B,B,A,D,D,C,A,B,A,C,B,B,D,A,B,A,B,A,D,D,B
18118290-3,B,A,C,B,B,C,A,D,B,C,C,D,C,A,A,A,B,D,B,C,B,B,B,A,C,A,B,A,B,B,A,A,C,A,D,C,D,C,B,B,A,A,C,A,D,A,C,A,C,C,A,A,B,B,D,C,A,A,B,A
19319744-2,A,A,C,C,A,C,A,B,D,C,C,A,A,A,A,C,C,B,D,B,B,B,B,A,D,C,C,A,B,D,D,B,A,A,B,C,D,B,B,D,D,A,A,C,D,A,C,D,B,B,B,A,A,B,D,C,C,D,B,B
19113727-2,A,A,C,C,B,A,D,D,B,A,C,B,C,C,D,B,B,C,C,C,D,D,A,A,A,D,B,A,B,D,A,C,C,A,B,B,B,C,D,B,A,A,B,D,D,C,B,A,C,B,C,A,B,B,A,A,C,D,A,B
17051279-0,B,A,C,C,B,C,A,D,B,C,C,D,A,C,A,A,B,B,D,C,D,D,B,A,D,A,B,B,D,B,A,A,D,A,B,B,A,C,D,B,B,A,A,C,C,A,B,A,C,C,C,B,B,B,D,A,A,D,A,C
24789812-3,B,A,C,B,B,C,A,D,A,C,C,D,A,C,D,C,B,B,C,C,A,D,B,B,B,A,B,A,B,B,A,A,D,A,B,B,D,B,C,B,B,A,C,A,D,A,C,D,C,C,B,B,B,C,A,C,A,D,B,B
17398144-9,B,A,C,B,B,C,A,D,C,B,C,D,C,A,C,A,B,B,C,C,B,D,B,A,C,A,B,A,B,B,A,A,C,A,B,A,D,C,C,B,B,D,C,D,D,A,C,A,C,D,B,A,A,B,A,C,A,A,A,B
19135622-5,D,A,C,B,A,A,A,B,B,C,C,B,C,C,B,C,C,C,C,C,C,B,B,A,D,A,B,A,B,B,A,D,A,A,B,D,B,C,D,A,C,A,B,A,C,C,B,A,C,D,B,B,A,B,A,C,A,D,A,A
17874760-6,C,C,A,C,A,B,A,D,D,C,C,D,C,C,C,B,B,B,C,C,B,A,A,A,D,A,C,B,C,C,A,B,D,A,B,D,B,C,D,D,B,A,C,D,C,B,C,C,B,B,B,B,B,B,D,C,A,D,B,C
18769452-3,B,A,C,B,B,C,A,A,B,C,C,D,C,C,D,B,C,B,A,C,D,D,A,B,C,B,B,B,A,D,C,B,A,D,C,B,B,B,C,D,B,B,C,C,B,C,C,A,B,C,B,C,A,B,A,D,B,A,D,B
19343348-0,B,A,C,B,B,D,B,B,B,A,C,C,C,A,D,B,D,C,D,C,A,D,C,B,A,D,B,D,C,C,A,A,C,D,B,B,A,C,C,B,C,A,B,C,B,A,B,A,C,C,B,A,A,B,A,C,C,D,C,A
17307289-9,A,A,C,B,A,C,A,C,A,A,B,B,C,A,D,A,A,C,A,C,D,D,A,C,A,C,B,A,B,D,A,A,C,A,B,C,D,C,C,C,D,B,C,D,D,D,C,D,B,C,B,A,B,C,C,D,A,C,B,C
19484005-5,B,A,C,B,B,,A,D,A,,C,D,A,C,C,B,B,B,B,C,B,B,B,B,C,A,B,A,B,B,D,A,C,A,C,C,B,B,C,B,C,A,D,D,B,A,A,D,C,C,B,A,B,A,A,D,A,D,B,A
19142275-9,C,,D,B,A,B,B,B,,C,C,D,C,C,A,C,B,C,B,C,C,C,A,A,A,D,B,A,C,B,A,A,D,A,,C,C,D,A,B,C,A,D,B,B,C,B,A,C,D,A,A,A,B,A,,C,D,B,A
16142461-7,C,A,B,B,B,A,C,D,B,A,C,A,C,A,A,C,D,A,C,C,D,C,B,B,D,A,B,C,B,B,A,A,A,B,B,D,D,D,B,B,A,B,A,C,D,D,B,B,C,B,B,A,B,D,B,A,C,D,A,C
19601777-1,D,A,C,B,B,B,A,C,B,A,C,B,C,C,A,B,D,A,A,C,B,D,B,B,C,C,B,A,B,D,A,A,D,A,C,A,D,,B,D,A,A,,,D,A,C,A,C,B,B,A,B,C,A,A,C,D,B,C
19429572-3,B,A,C,B,C,C,A,D,B,C,C,D,C,C,C,D,C,B,C,C,D,D,B,C,C,A,B,A,B,C,A,A,D,A,B,A,D,B,C,B,B,C,D,D,D,A,D,A,C,D,B,A,B,C,A,C,A,D,C,B
18664482-4,D,C,C,C,A,B,A,D,B,C,C,D,C,A,B,C,B,C,A,C,D,B,B,B,D,A,B,D,B,B,A,A,A,A,A,D,D,B,B,B,B,A,A,C,D,D,B,A,C,A,B,A,B,B,D,C,A,D,B,C
19284714-1,C,B,C,B,A,A,A,B,D,B,A,C,A,D,A,B,B,C,B,C,B,D,B,A,D,B,C,A,C,C,D,C,C,D,B,B,C,C,C,B,A,A,A,D,D,A,B,D,C,A,C,A,B,B,A,C,A,D,D,A
19404241-8,C,D,B,C,A,C,A,D,C,A,C,B,A,C,D,C,B,A,A,C,B,C,A,A,A,D,C,A,A,C,D,A,C,A,B,C,B,D,C,A,A,C,C,A,D,C,B,D,C,D,C,A,B,C,A,C,A,A,B,A
17117270-5,B,A,A,B,A,C,D,B,B,C,C,D,C,A,D,C,D,C,C,C,C,D,B,B,B,D,B,D,B,B,B,C,D,A,B,A,D,C,B,B,C,D,C,B,D,C,C,D,C,B,B,D,B,C,A,D,A,C,A,B
14182407-4,B,A,C,B,B,C,A,D,B,C,C,D,A,,D,B,C,B,C,C,D,D,B,B,C,A,B,A,B,A,A,A,C,A,B,D,B,C,C,,A,D,C,C,D,A,C,A,C,C,B,A,B,C,D,C,C,D,B,B
19262926-8,B,A,C,B,B,C,A,D,C,C,C,C,A,A,C,C,C,B,C,C,B,B,B,C,D,A,D,B,B,C,A,B,D,A,B,C,B,C,D,B,A,D,D,C,D,A,D,A,C,B,B,A,B,B,D,B,A,D,A,C
19252179-3,B,A,C,C,C,C,B,D,C,B,A,A,C,A,C,B,A,C,C,C,D,D,B,B,A,A,B,A,C,B,D,A,D,A,C,B,D,D,C,D,B,A,D,D,D,A,B,A,B,D,B,D,B,B,A,C,A,D,B,A
19490671-4,D,A,C,C,B,B,A,D,B,D,C,A,A,C,D,C,C,B,C,C,D,D,B,B,A,A,B,A,C,B,B,A,D,A,B,B,B,C,D,B,B,B,D,C,D,A,B,A,C,D,B,A,D,C,A,B,A,D,D,C
18585875-8,B,A,C,B,B,C,A,D,B,A,C,A,A,C,C,B,D,B,C,C,D,C,B,B,D,D,B,A,B,D,B,A,C,B,C,B,D,B,C,B,B,A,D,A,D,C,C,A,C,B,B,C,D,C,D,C,C,D,D,B
18637939-K,B,A,C,B,B,C,A,D,C,C,C,D,C,C,D,A,D,B,C,C,D,D,B,C,C,A,B,D,B,C,A,A,C,A,B,C,D,B,C,B,A,A,A,D,D,A,B,A,C,B,B,B,B,C,D,C,A,D,B,B
18584222-3,B,A,C,B,B,C,A,D,B,C,C,B,C,C,C,D,C,B,C,C,D,B,B,B,D,A,B,A,B,B,A,A,C,A,C,A,B,C,D,B,A,A,D,D,D,A,B,A,C,B,B,A,B,B,A,C,A,D,D,C
18864241-1,D,C,C,C,B,D,A,D,A,A,A,A,C,C,C,B,D,B,C,C,B,D,B,B,C,A,A,C,C,B,A,A,C,A,B,C,B,B,C,B,B,A,A,C,C,A,D,B,C,D,C,A,B,C,D,C,C,D,A,D
19191820-7,D,A,D,C,B,C,A,D,A,C,B,B,C,D,D,C,D,C,C,C,B,C,B,B,D,A,B,A,C,B,D,A,C,A,B,C,A,C,D,B,B,A,D,C,D,A,C,D,C,B,B,A,B,B,A,C,A,D,B,A
19193291-9,B,A,C,C,B,,A,D,,,C,D,A,,,D,C,B,C,C,,C,B,C,C,A,B,A,C,C,A,A,C,A,,,B,C,D,C,D,A,B,,D,C,D,D,C,B,,,A,C,D,,A,D,D,B
19488133-9,B,A,C,B,B,C,A,D,C,A,C,B,C,C,D,D,C,B,C,C,B,D,B,B,C,A,B,A,C,B,A,A,C,A,B,B,D,B,C,B,B,A,D,D,D,A,C,A,C,D,C,A,B,C,A,C,C,D,C,C
18116596-0,B,A,C,B,B,C,A,A,B,C,C,A,A,C,B,C,C,C,C,C,D,D,B,B,D,A,B,A,C,B,A,A,C,D,B,B,D,C,C,A,A,A,A,C,D,C,C,A,C,B,B,D,A,D,A,C,A,D,B,B
19148463-0,B,C,D,B,A,B,A,B,B,A,B,D,A,B,D,C,B,C,C,C,B,B,B,B,A,B,C,A,C,B,D,A,C,A,B,B,D,D,C,B,A,A,D,D,D,C,B,A,B,A,A,A,A,D,D,D,D,A,B,B
19355143-2,B,A,C,D,B,C,C,D,C,C,B,D,A,B,A,A,D,A,A,D,B,B,B,B,A,D,B,A,C,B,A,A,C,A,C,A,A,D,C,B,A,A,D,D,D,C,C,A,C,C,B,C,B,D,D,C,A,D,C,A
16555581-3,B,A,C,C,B,A,A,D,C,C,C,C,A,C,A,A,C,B,A,C,D,D,B,C,C,A,B,A,B,B,A,A,D,B,B,B,D,B,D,C,C,A,A,D,D,A,C,A,C,B,B,C,A,C,A,C,C,D,B,B
15414001-8,B,C,,D,A,A,A,D,A,C,D,C,A,A,A,A,B,C,D,A,C,D,B,B,D,D,C,A,C,B,D,C,D,D,B,A,B,,C,B,B,A,B,,D,C,B,A,C,A,B,A,D,D,,B,,,,
17990128-5,B,A,C,C,C,C,B,A,A,C,C,A,C,C,A,B,C,C,D,C,D,C,C,A,B,B,A,B,D,B,B,A,B,C,B,A,C,B,B,C,C,A,D,C,D,A,B,A,C,D,B,A,B,A,B,C,A,A,A,A
19527792-3,,A,C,B,B,C,A,C,,C,C,A,C,B,,B,B,C,,C,,D,,,A,A,B,A,B,D,A,A,D,,B,,B,,D,,B,A,,,D,C,C,A,C,C,B,,B,C,A,A,A,D,A,A
19532372-0,B,A,C,B,B,A,A,D,B,A,C,C,A,C,C,D,C,A,C,C,C,D,B,C,C,D,B,A,C,C,D,C,D,A,B,D,D,B,C,C,C,A,C,A,D,A,C,D,D,D,B,A,B,A,D,C,A,D,B,A
19671957-1,B,A,C,B,B,C,A,D,B,C,C,D,,C,B,B,,B,,C,B,D,B,C,C,B,B,B,C,A,A,,D,A,D,C,D,C,D,,D,A,D,,D,A,C,B,C,D,B,,B,C,D,,C,D,B,B
