RUN,
18026906-1,B,C,D,A,D,D,B,C,D,A,C,B,B,B,B,B,A,C,A,B,C,C,D,B,C,B,D,D,A,A,C,A,B,C,A,D,D,A,C,D,A,A,D,D,C,B,A,A,B,B,D,D,B,D,C,B,D,D,C,B
19055363-9,B,C,C,A,D,C,B,C,C,D,C,C,A,B,B,C,D,C,D,B,C,D,D,B,C,A,D,B,A,A,C,B,D,C,A,C,D,A,C,B,A,A,D,D,D,D,C,A,B,C,D,C,D,D,C,C,D,C,D,C
19631982-4,C,C,C,A,B,D,B,D,C,C,B,C,B,B,B,B,B,D,B,B,C,C,D,C,C,A,D,D,D,B,B,C,B,C,A,A,D,A,D,D,A,B,B,D,C,D,A,A,B,D,A,C,B,B,B,B,D,D,B,B
19230025-8,B,D,C,A,B,C,B,B,C,A,C,C,A,B,B,D,B,C,A,B,C,C,D,B,B,C,A,B,A,B,C,B,B,C,A,A,A,A,C,D,A,A,C,B,C,D,C,A,B,B,C,C,B,D,C,C,A,B,C,C
19486320-9,B,C,B,C,B,D,B,D,A,A,A,C,C,D,B,B,B,A,B,B,D,C,D,C,C,C,D,B,D,B,C,B,B,D,A,C,D,C,B,D,A,D,D,D,D,B,C,D,A,A,D,B,A,D,C,B,D,D,D,A
19091927-7,B,C,B,A,D,D,B,B,A,D,C,C,C,C,B,D,A,C,A,C,C,C,D,B,C,C,D,B,A,C,C,B,D,C,A,A,D,A,D,D,C,A,D,B,B,A,A,A,B,D,B,C,C,A,C,D,D,D,D,C
19098332-3,C,C,C,A,B,D,B,B,A,A,C,C,A,C,B,D,A,A,A,B,C,C,D,D,C,A,C,B,B,B,A,B,B,C,A,D,D,A,A,D,A,D,D,B,C,D,A,A,B,D,B,A,D,D,C,D,D,D,C,C
18773733-8,B,C,C,A,B,C,B,B,B,A,B,C,B,D,A,D,A,C,A,B,C,C,D,B,C,A,D,C,A,B,C,C,B,D,A,D,D,A,B,D,D,A,D,A,B,D,C,C,C,C,D,A,D,D,B,C,A,B,C,B
19590891-5,A,D,D,B,B,D,B,D,A,C,B,D,A,C,A,B,C,D,D,D,D,C,C,B,B,A,B,D,D,A,D,B,D,A,A,D,D,C,C,D,B,D,B,B,B,D,B,A,A,A,A,D,D,D,C,B,D,D,C,A
19110720-9,B,D,C,C,D,B,A,D,C,A,C,A,B,B,B,B,B,A,A,B,C,C,A,B,C,A,A,B,C,B,A,C,B,D,A,C,D,A,B,D,B,A,D,C,B,D,A,D,D,A,B,C,B,D,C,C,A,B,B,C
19760480-8,B,C,C,A,B,D,B,D,D,B,C,C,C,C,A,D,A,C,B,D,C,C,D,B,C,A,D,B,D,B,C,B,B,C,A,C,C,A,A,D,A,A,D,D,C,D,C,A,A,D,D,C,C,D,C,C,A,B,C,C
18534900-4,B,C,C,A,B,D,B,B,A,A,C,C,B,C,B,D,A,C,B,D,C,D,D,B,C,A,D,D,A,A,C,B,B,D,A,C,D,A,C,D,A,A,B,B,D,D,A,A,C,D,C,C,D,D,C,C,D,B,C,C
18948362-7,B,C,C,A,B,D,B,C,A,A,C,C,C,D,B,D,A,A,A,B,C,B,D,B,C,D,B,D,B,B,C,B,B,C,A,B,C,A,B,D,A,A,A,C,B,D,C,A,B,B,B,A,A,D,C,C,D,C,C,C
18111055-4,B,C,C,A,C,C,A,B,B,A,A,C,B,B,B,B,A,C,B,B,D,C,D,B,C,C,C,C,B,A,C,A,B,C,D,A,D,A,D,A,A,D,C,D,B,B,B,C,A,D,C,C,D,D,A,C,D,B,C,C
18176041-9,A,C,A,C,B,A,A,B,A,C,C,C,A,B,B,D,A,C,B,B,D,D,D,B,C,C,D,D,B,A,C,A,B,D,A,C,D,C,B,D,A,B,D,D,C,B,A,A,B,D,B,B,D,D,C,C,D,B,B,B
19487154-6,B,C,C,A,B,C,D,D,C,A,C,C,B,C,A,D,A,C,A,B,C,C,D,B,C,C,D,B,D,B,C,B,B,D,A,C,D,A,B,C,A,A,C,B,C,D,C,A,B,A,C,C,D,D,A,C,D,B,C,C
15822953-6,C,C,C,A,D,D,B,B,C,A,B,C,C,C,B,D,A,D,B,B,C,D,B,B,B,B,C,B,A,A,C,B,B,D,C,C,D,A,C,A,A,A,C,D,C,B,C,C,A,D,B,C,D,B,B,A,D,D,D,B
18776731-8,C,C,C,A,D,D,C,B,A,D,C,C,B,B,B,D,A,D,D,B,B,C,A,B,C,C,D,C,A,A,C,B,C,D,A,C,C,A,A,D,A,A,D,B,B,B,A,B,D,A,C,C,C,D,A,B,B,C,C,B
17322637-3,B,C,C,A,B,D,B,D,A,C,A,C,A,B,B,B,B,A,A,D,C,C,D,B,C,C,D,D,D,B,C,A,B,C,A,D,D,A,C,D,A,A,D,D,D,D,B,A,B,A,C,C,C,A,A,C,D,C,C,C
18216917-K,B,C,C,A,B,D,B,C,C,A,B,C,B,A,B,D,A,D,C,A,C,C,D,B,D,B,C,B,A,B,C,D,B,C,A,A,D,A,B,D,B,A,C,A,C,D,C,A,C,C,C,C,A,D,B,C,B,B,B,A
18882357-2,A,C,D,A,D,D,A,C,C,B,C,B,C,D,D,B,A,D,D,C,B,C,D,A,C,C,A,B,A,B,A,C,B,A,B,C,D,A,C,C,B,A,D,B,B,D,C,D,B,D,D,B,B,D,A,C,D,D,B,C
19255574-4,B,C,C,B,B,C,A,C,C,B,B,B,B,C,A,D,B,A,D,D,C,B,D,C,C,C,D,C,D,B,C,B,B,C,B,B,D,C,D,A,A,A,D,B,B,D,D,A,B,A,D,B,D,D,B,C,D,B,B,C
19357913-2,A,A,B,B,B,D,A,D,A,A,C,C,C,A,B,B,C,D,C,B,C,D,C,B,B,A,D,B,A,A,C,B,B,D,A,A,D,D,D,C,A,C,D,D,B,B,A,C,C,A,D,D,D,D,C,A,D,A,C,D
18856606-5,B,C,B,C,B,C,B,C,C,A,C,B,A,A,B,B,A,C,B,D,A,C,C,B,C,A,C,B,A,A,C,B,B,B,A,A,A,A,B,C,A,A,D,D,C,D,C,C,A,C,B,A,A,B,C,C,D,C,C,C
18775971-4,B,C,C,D,B,C,D,C,A,B,C,A,C,D,C,D,B,A,B,C,C,B,D,C,C,A,D,A,C,B,A,C,C,C,D,A,D,A,D,D,A,B,D,A,C,D,B,D,B,D,B,C,A,B,D,B,C,C,C,C
18972896-4,C,D,B,D,B,A,B,B,A,A,C,C,B,A,B,B,B,C,B,D,C,C,D,B,C,C,C,B,B,B,C,B,B,C,D,D,D,B,A,D,B,A,C,B,C,D,C,A,B,C,B,A,D,D,D,D,A,B,C,B
18840955-5,B,C,D,A,B,D,A,B,C,D,C,A,B,B,B,D,B,A,A,D,C,C,A,B,C,B,B,B,B,B,C,B,B,C,A,C,D,A,B,D,C,A,D,B,B,B,C,A,B,A,B,C,C,D,A,A,D,D,C,D
19399685-K,B,C,C,A,B,D,B,D,A,D,C,B,B,C,B,D,B,C,A,A,C,C,D,B,B,C,D,B,A,A,C,B,B,C,C,C,D,A,C,A,D,C,C,B,A,D,C,A,B,A,C,D,B,D,B,B,D,D,B,C
18621382-3,B,A,C,A,B,C,B,D,D,C,C,D,C,D,B,D,A,A,A,C,B,C,D,D,C,C,D,D,B,A,C,B,B,D,A,C,C,A,A,D,B,A,D,B,B,D,B,C,B,C,C,D,A,D,C,C,D,B,C,C
18585823-5,B,C,C,A,B,C,B,B,A,C,C,C,B,A,B,D,B,C,A,C,C,C,D,C,C,C,A,B,A,D,C,B,D,D,C,C,D,A,C,D,B,A,C,D,C,D,C,C,B,D,B,B,D,D,C,C,D,D,D,B
18785049-5,B,C,C,A,B,C,B,B,A,A,C,C,B,D,B,B,A,A,A,D,C,C,D,B,C,A,D,B,A,B,C,B,B,C,A,D,D,A,C,D,C,A,C,B,C,D,C,B,B,A,C,C,D,D,B,A,D,B,D,B
19043212-2,B,C,B,D,B,C,C,B,C,C,C,C,C,D,A,D,B,A,A,C,C,C,A,B,C,A,B,C,A,B,C,A,B,B,A,A,D,A,B,D,A,A,D,D,B,D,C,A,B,A,D,C,C,D,B,B,D,D,C,C
19536192-4,B,C,C,A,D,C,A,B,C,A,C,C,B,C,B,B,C,C,A,D,C,C,A,B,C,C,D,B,B,B,C,B,C,B,A,B,C,A,C,A,A,A,D,B,C,D,C,C,B,D,C,C,D,D,A,B,C,B,C,C
19365701-K,A,D,D,D,B,D,A,C,D,D,C,C,A,D,A,D,A,D,A,C,C,C,D,B,C,C,B,B,A,B,D,B,B,C,A,A,D,A,C,D,A,D,B,D,C,D,D,A,B,C,B,C,D,D,C,B,D,D,B,D
18835498-K,A,C,B,A,D,A,A,C,C,A,A,B,C,B,B,D,B,D,A,B,A,D,B,B,C,D,D,C,C,B,C,B,C,C,A,B,D,A,C,D,A,D,D,B,B,D,C,A,B,B,D,A,D,D,B,C,D,C,B,C
19594677-9,B,D,B,A,B,B,D,C,A,B,C,B,D,C,A,D,B,A,B,D,C,B,B,C,C,C,D,B,A,A,C,C,B,C,A,C,D,A,C,D,A,A,B,B,B,D,B,C,B,C,D,C,D,A,C,C,D,B,C,B
18354892-1,B,C,C,A,D,C,B,C,C,A,C,C,B,B,A,D,A,C,B,C,C,C,D,C,C,C,D,B,B,B,C,B,B,C,D,D,D,A,B,C,A,A,C,B,C,B,C,A,B,A,C,C,D,D,A,B,D,D,D,C
19090246-3,B,C,B,A,B,C,C,C,C,B,C,A,B,B,B,B,A,D,A,B,C,C,D,B,C,D,D,D,A,B,C,B,B,C,A,C,D,C,C,D,A,A,B,D,C,B,B,B,B,C,D,D,A,C,A,C,D,D,A,C
18509779-K,A,C,A,A,D,C,C,D,A,A,C,A,B,B,A,B,A,D,A,D,B,C,D,C,C,A,D,D,C,D,C,B,A,D,A,D,B,C,A,B,A,A,D,A,B,D,C,B,A,B,D,B,C,D,D,A,D,A,C,D
18941764-0,A,A,C,A,D,D,B,C,C,C,C,C,A,D,A,B,B,A,B,D,B,D,B,B,C,B,D,D,D,A,C,B,D,C,D,D,D,A,C,C,C,D,D,B,B,D,B,A,B,B,C,A,D,D,A,C,D,B,C,B
18568185-8,B,C,C,B,B,C,C,A,A,D,C,C,B,D,B,B,B,B,A,C,B,C,D,B,C,C,D,C,A,B,C,B,B,D,A,B,D,C,D,C,A,D,D,D,A,D,C,B,C,D,A,C,B,A,B,B,D,D,B,B
19802738-3,B,A,C,D,B,C,D,C,A,D,C,C,C,D,A,B,A,A,D,B,C,D,C,A,C,A,D,D,A,A,D,B,B,C,A,D,D,A,D,D,C,A,D,D,C,D,C,C,B,B,B,C,B,A,B,C,B,B,D,D
18459556-7,B,D,C,A,D,C,C,B,A,A,C,C,B,B,B,D,A,C,A,B,C,C,D,B,C,D,D,B,D,B,C,B,B,C,A,C,D,D,B,D,A,D,B,D,D,D,B,A,B,C,B,C,D,D,A,D,D,B,D,C
19287152-2,B,C,C,A,B,D,D,B,D,D,C,C,B,C,B,D,A,C,A,D,C,C,D,B,D,C,D,B,D,B,C,B,B,C,A,A,C,A,A,A,A,A,C,B,B,D,C,A,B,D,D,A,D,D,A,C,D,B,D,C
19182798-8,B,C,B,A,B,C,C,B,A,A,A,C,C,A,D,B,B,C,A,D,C,C,D,C,C,C,C,A,A,C,C,B,B,C,A,B,D,A,A,A,B,C,D,D,C,D,A,B,C,D,C,A,D,D,D,C,D,B,C,B
18956310-8,D,C,B,B,D,D,B,B,C,A,C,C,B,C,B,C,A,D,B,A,C,C,D,B,C,D,C,B,A,A,C,B,B,D,A,C,C,B,B,A,B,D,C,C,C,B,C,C,B,D,C,B,D,A,A,B,D,B,C,D
18458252-K,B,C,A,D,B,C,B,D,A,A,C,C,A,C,A,D,A,A,A,D,C,C,D,B,C,A,D,A,D,A,C,B,B,C,A,D,D,A,D,C,A,A,C,D,C,D,B,A,B,C,C,C,D,A,D,C,D,B,A,C
18060388-3,C,C,B,A,B,B,C,A,A,D,A,C,D,B,B,B,B,A,A,D,C,C,D,B,C,C,D,D,B,B,C,B,B,D,A,C,C,A,C,C,B,A,C,B,B,D,C,A,B,B,C,A,A,A,C,B,C,C,B,D
19044383-3,B,A,B,C,D,C,B,D,A,A,C,C,C,C,B,B,A,C,B,B,C,C,C,D,C,A,D,B,A,A,C,C,B,C,A,C,C,A,D,D,A,D,B,D,C,D,C,A,B,A,D,D,D,D,B,C,B,C,B,B
18494831-1,B,C,B,A,D,D,B,C,C,A,A,C,C,C,C,B,A,C,A,B,B,D,D,B,C,C,A,B,B,D,B,C,D,D,A,C,A,C,A,A,C,A,C,B,C,D,B,C,B,C,C,B,A,D,C,B,A,D,D,C
19208938-7,B,C,B,A,B,D,B,B,C,A,C,C,B,C,B,D,A,C,A,D,B,D,D,B,C,C,D,D,C,A,C,B,B,A,A,C,D,A,B,D,A,A,D,B,B,A,A,A,B,C,D,C,D,D,C,C,D,B,C,C
18728472-4,B,C,A,A,B,C,A,C,C,C,C,C,C,D,B,B,B,D,A,B,C,C,D,B,C,C,A,C,A,B,C,A,C,D,A,C,D,A,C,D,A,A,D,B,C,D,A,C,B,A,C,B,B,D,A,C,B,B,D,C
19560671-4,B,C,C,A,B,C,A,C,A,A,B,C,B,C,B,D,A,C,A,D,C,C,D,B,C,C,B,B,A,B,B,B,B,B,A,B,D,A,A,C,B,D,C,B,B,D,B,A,A,D,C,D,D,D,C,C,D,C,B,B
19367467-4,B,D,B,B,C,C,A,C,C,D,C,C,B,D,B,D,B,C,B,D,B,D,D,C,C,C,C,B,A,A,D,B,B,D,A,A,A,A,D,C,A,B,C,A,D,D,A,C,B,A,B,A,D,D,D,A,D,B,C,B
19350998-3,B,C,B,A,B,C,B,C,A,A,C,C,C,D,B,D,A,C,C,C,C,C,A,B,C,C,D,A,D,B,C,B,B,C,A,C,D,A,B,D,C,C,C,D,B,B,C,A,B,A,A,A,D,D,A,C,D,B,C,A
19729372-1,B,C,C,A,B,C,C,C,A,A,C,C,B,D,A,D,A,C,B,D,C,C,D,B,C,A,A,C,A,B,D,B,B,C,A,C,D,A,C,D,B,A,D,B,B,D,B,A,B,B,C,A,D,D,A,C,D,D,A,C
18237644-2,B,A,C,A,B,C,B,C,C,B,C,B,B,C,C,B,A,C,D,C,C,C,D,B,C,A,A,B,A,D,B,B,B,D,A,D,C,C,C,D,A,D,C,D,B,D,C,B,C,D,D,C,B,D,C,C,D,B,A,B
19110702-0,B,C,C,A,B,D,B,B,C,A,C,C,B,D,A,D,A,A,A,D,C,C,D,B,C,A,D,B,B,A,C,C,B,C,A,C,D,A,C,C,D,D,D,C,C,D,B,A,B,A,C,D,B,D,B,B,D,B,C,C
18767246-5,B,C,C,D,D,C,B,D,C,A,C,C,B,B,B,B,A,D,A,B,C,C,D,B,C,B,D,B,C,D,C,B,B,C,A,D,D,A,C,D,A,D,C,B,B,D,C,A,C,B,C,B,D,D,A,B,B,B,B,C
19370887-0,A,C,A,A,B,A,C,C,B,A,C,C,C,D,B,C,A,D,A,D,D,D,B,B,C,A,C,D,D,D,B,C,C,C,B,B,D,A,C,D,B,C,C,B,C,B,C,D,D,A,D,B,C,B,C,B,C,B,B,B
18012635-K,A,C,C,D,B,C,D,D,C,A,C,B,C,B,B,D,A,A,D,C,C,C,D,B,C,C,D,C,D,B,C,B,B,C,A,A,D,A,C,D,C,A,C,B,C,D,C,C,B,,C,C,D,D,D,C,D,D,D,B
20092283-2,D,A,B,D,D,C,D,D,C,C,C,B,D,C,A,D,B,D,B,B,C,C,D,D,C,A,D,C,A,A,C,C,A,B,C,B,C,A,C,A,A,D,B,B,B,D,A,B,B,C,B,D,C,D,A,C,A,B,A,B
10069688-6,B,C,B,A,B,C,B,A,C,B,B,C,C,B,B,B,A,A,D,D,B,D,A,B,A,B,B,A,C,A,C,A,B,D,C,D,A,A,A,D,D,C,C,A,A,D,,,,D,,,,D,D,C,D,C,A,B
19303320-2,B,C,A,D,D,C,C,D,C,B,C,C,B,C,A,D,D,D,A,D,C,C,D,B,C,B,D,A,A,B,D,B,B,C,D,C,D,A,C,B,A,A,D,C,C,D,A,A,C,D,C,C,C,D,B,C,C,C,C,C
19339877-4,C,C,B,A,A,C,A,D,A,D,C,C,D,C,A,B,D,B,C,B,C,C,A,B,C,B,A,B,D,B,B,B,A,D,D,A,D,B,D,B,B,D,D,C,C,D,C,D,A,C,C,C,B,C,B,C,B,D,B,A
19466539-3,A,C,C,D,B,D,B,C,A,B,B,C,C,D,A,B,A,A,D,B,C,C,D,C,C,D,D,B,A,B,B,B,B,B,A,A,C,A,C,D,B,C,C,C,A,B,C,D,B,D,A,C,D,D,A,D,D,B,D,D
17674551-7,B,C,C,A,B,D,B,B,C,A,B,C,B,B,A,D,A,B,A,C,B,C,D,B,C,A,D,C,A,B,C,B,B,B,A,C,D,A,C,D,A,A,D,B,B,D,C,A,B,A,D,C,D,D,D,C,D,B,B,A
19537641-7,D,C,B,A,D,C,B,C,C,A,C,C,B,D,B,B,C,C,A,B,C,C,A,B,C,C,D,A,A,C,B,B,B,B,A,A,D,A,C,B,B,A,D,D,C,D,B,B,A,A,C,A,D,D,C,C,D,B,D,C
18847928-6,B,C,C,A,B,D,B,B,C,D,C,C,C,A,B,B,A,C,B,D,C,C,D,B,D,C,D,B,A,B,C,B,B,C,A,A,D,A,B,D,A,A,C,B,C,D,A,A,B,B,C,C,D,D,A,C,D,B,C,C
17941360-4,B,C,B,A,B,C,D,B,A,A,C,C,C,A,B,B,A,C,A,D,C,C,D,A,C,C,A,B,A,A,C,C,C,C,A,D,D,A,B,D,D,A,D,D,B,D,C,A,D,D,B,C,B,D,A,C,A,B,C,C
19169746-4,B,C,A,C,B,C,B,B,C,A,C,C,C,D,A,B,A,D,D,D,C,C,D,C,C,C,D,C,A,B,C,B,C,D,D,C,D,C,A,B,C,A,C,B,C,D,C,A,B,D,B,A,D,D,C,B,A,A,C,A
18020759-7,A,C,C,A,B,D,B,B,D,A,C,C,C,C,B,D,A,C,A,D,C,C,D,B,C,A,D,C,A,B,C,B,B,B,A,A,D,A,B,D,A,D,C,B,D,D,C,A,B,C,A,C,D,D,B,C,D,B,C,B
19508534-K,D,C,C,D,B,A,C,B,C,C,C,C,A,C,A,B,A,B,A,C,C,C,D,D,C,B,C,B,B,B,C,B,B,C,A,C,D,A,B,C,A,A,D,B,C,D,C,B,B,C,B,C,D,,C,D,D,D,B,C
18729324-3,B,C,A,B,C,C,B,D,C,C,C,C,D,D,B,B,A,A,B,D,B,C,D,C,C,B,C,D,A,D,D,D,B,D,A,A,D,A,C,C,C,D,D,B,C,D,A,C,B,A,C,A,B,D,C,C,B,B,B,B
19758206-5,D,C,D,C,B,A,D,C,A,A,A,D,A,D,B,D,D,C,C,B,C,C,D,C,D,C,C,D,B,B,D,B,B,A,A,D,D,A,B,D,D,D,D,A,B,B,C,B,A,D,D,B,B,D,A,C,B,C,C,B
19065814-7,B,C,B,B,B,C,C,B,C,A,A,C,A,B,B,D,A,C,B,D,B,C,D,B,C,D,C,B,D,B,B,B,C,B,A,C,D,A,B,D,A,A,D,B,B,D,B,A,D,D,B,C,D,D,A,C,D,A,B,C
16719521-0,B,C,,A,D,A,B,D,A,C,A,C,C,B,B,A,B,C,,D,C,D,B,C,C,D,,C,B,,C,A,B,C,B,B,D,A,C,,,C,D,B,C,D,C,B,B,,,C,A,,A,C,C,C,C,D
19346462-9,C,C,A,A,D,D,A,C,A,D,C,C,C,C,B,D,B,D,C,C,B,C,B,B,C,C,C,B,A,B,D,A,B,D,A,B,D,C,D,C,B,A,B,D,C,D,C,C,D,B,D,C,D,D,D,C,D,D,C,B
19481413-5,B,C,B,A,B,D,B,C,A,C,C,C,C,B,A,D,A,A,C,B,B,C,D,D,C,C,D,B,A,B,C,A,C,B,A,B,D,A,D,B,B,D,D,B,B,D,A,C,B,C,D,C,D,D,A,C,D,D,B,C
19725268-5,B,C,C,C,B,D,A,D,C,A,C,A,B,C,B,B,A,A,C,B,C,A,D,B,C,C,D,B,C,B,C,B,C,C,A,D,A,A,C,C,A,D,B,C,C,D,C,A,B,A,A,C,C,B,A,C,D,B,B,C
19585061-5,B,C,C,A,D,A,B,C,C,A,C,C,B,B,A,D,A,A,A,B,C,C,D,A,C,D,D,B,A,B,C,B,B,C,A,A,D,C,A,C,C,D,D,B,B,B,A,C,B,A,C,B,D,D,A,C,D,C,C,B
19533166-9,B,C,C,A,B,D,B,B,C,A,C,C,B,C,B,D,A,C,A,D,C,C,D,B,C,C,C,C,A,B,C,B,B,C,A,A,D,A,C,D,A,A,C,B,B,D,C,A,B,D,C,B,D,D,B,C,D,B,C,C
19341959-3,B,C,C,A,D,C,B,C,A,B,C,C,B,A,,C,C,A,A,D,B,C,D,A,C,C,D,B,,A,C,B,C,B,A,C,C,A,B,D,D,A,D,D,C,B,B,C,B,A,B,D,C,A,,,D,B,,D
19348578-2,B,C,B,D,B,D,B,C,A,A,A,C,C,D,B,B,A,C,A,D,C,D,A,B,C,C,D,D,A,B,C,B,B,D,A,D,D,A,C,B,A,D,D,B,B,D,A,A,B,C,B,C,D,D,C,A,D,B,C,B
19439572-8,B,C,B,A,B,D,B,B,D,A,C,C,B,D,A,B,A,C,A,D,C,C,D,B,C,C,D,B,A,B,C,B,B,C,A,C,D,A,C,D,A,A,C,B,B,D,C,A,B,A,C,C,D,D,B,C,D,B,D,C
18413672-4,C,C,A,A,B,C,D,C,C,B,C,A,B,B,B,D,A,B,A,B,B,C,D,B,C,B,C,D,A,A,C,D,B,D,A,A,D,A,C,D,C,A,D,B,C,B,C,C,D,C,B,B,B,C,C,B,A,B,C,C
19236020-K,C,C,C,C,B,D,B,B,D,B,C,C,,C,A,D,A,,A,B,C,C,A,B,C,A,B,C,D,A,C,B,A,C,A,C,D,D,,B,A,A,D,B,B,,B,C,B,B,A,C,A,C,B,C,D,B,,B
19111332-2,B,C,C,A,D,C,D,C,A,A,C,D,B,C,B,B,B,D,D,D,C,B,D,C,B,A,D,B,A,A,C,B,A,C,A,C,C,A,C,A,C,A,D,A,B,D,B,C,A,C,B,B,A,C,D,B,A,B,B,D
18659055-4,B,C,C,A,D,C,C,B,B,A,C,B,B,D,B,D,A,A,A,B,D,C,D,B,B,C,C,B,A,B,C,C,C,D,A,C,A,A,C,B,A,A,C,D,B,D,A,B,B,A,B,C,C,D,A,B,A,A,C,C
19169165-2,B,C,C,A,B,D,D,B,A,B,C,C,B,D,B,B,B,D,A,D,C,C,D,C,C,D,C,B,A,B,D,B,B,B,A,C,C,A,C,B,A,C,C,B,C,D,B,A,B,D,D,C,D,D,A,C,D,C,D,C
16050853-1,B,C,B,A,B,D,B,D,D,D,C,C,C,D,B,D,A,C,A,B,C,C,D,C,C,C,D,B,A,B,C,B,B,C,D,D,C,A,D,C,B,A,C,D,D,D,C,C,A,D,A,C,D,A,D,C,D,B,D,D
17247672-4,A,C,C,A,C,B,A,B,C,A,B,A,D,B,B,C,A,B,D,C,A,C,B,B,C,C,D,B,A,C,C,D,B,C,D,D,D,C,D,D,A,A,C,B,A,B,A,C,B,C,B,D,D,D,C,A,C,D,B,B
19314780-1,B,D,B,C,D,C,,C,A,C,C,C,C,D,B,B,A,D,B,B,C,C,D,B,C,C,D,B,,B,C,B,B,D,C,A,D,C,C,D,C,A,D,D,,D,C,A,A,,C,,D,,C,A,B,C,B,A
19508775-K,D,A,C,D,D,D,A,B,A,A,C,D,B,B,B,D,A,B,B,B,C,C,A,B,C,C,C,B,B,B,B,B,B,C,A,A,C,C,B,B,D,D,D,C,C,D,A,A,C,D,B,C,D,D,C,C,D,A,B,D
19516523-8,B,C,C,A,B,D,C,B,C,A,C,A,A,C,B,B,A,C,A,B,C,D,D,A,C,C,D,B,A,B,C,A,B,C,A,D,D,A,C,C,A,A,C,D,B,D,C,A,B,B,C,B,A,D,C,A,C,B,B,B
18707662-5,B,C,B,A,D,B,B,B,C,C,C,B,C,B,B,B,A,A,C,D,C,C,D,C,C,B,B,C,D,C,C,B,B,A,A,A,A,A,C,D,A,A,D,D,A,D,C,C,B,D,B,D,B,D,A,B,D,B,B,D
17255232-3,A,C,A,A,D,A,D,C,A,C,D,C,A,B,D,B,A,C,A,D,B,D,A,A,C,C,C,B,A,A,C,C,B,D,A,A,D,C,B,C,B,A,D,B,C,B,A,B,D,C,B,C,B,A,,C,D,B,B,D
16917921-2,B,A,D,A,B,C,D,D,C,A,B,A,D,B,C,D,B,D,B,B,C,C,D,C,D,C,B,D,C,C,C,B,D,C,A,C,D,C,C,A,B,D,D,B,C,D,B,B,B,D,B,D,A,D,C,B,A,A,A,A
19443763-3,D,C,B,A,D,C,C,B,C,A,B,C,C,D,A,B,B,C,B,D,C,C,D,C,C,A,C,B,A,A,C,B,B,C,A,C,D,A,C,A,A,A,D,B,B,D,A,A,C,C,D,D,D,C,B,C,D,B,A,B
17474703-2,A,C,B,A,B,A,C,B,C,A,C,A,A,C,B,B,B,A,D,D,A,C,C,B,B,C,D,D,A,B,C,B,B,D,B,B,D,C,B,A,A,A,D,D,B,D,C,D,B,D,D,C,D,D,A,A,A,A,C,B
17707107-2,B,C,C,A,B,D,B,B,C,A,C,A,B,C,B,D,A,C,A,D,C,C,D,B,C,C,D,B,A,B,C,B,B,C,A,B,D,A,C,D,A,A,C,D,B,D,C,A,B,A,C,C,D,D,A,A,C,B,D,C
19095656-3,B,C,C,A,B,D,B,B,A,A,B,C,A,D,B,D,A,C,A,D,C,C,A,D,D,C,D,B,A,B,C,B,D,B,A,D,C,A,B,D,A,A,B,B,B,B,C,A,B,D,B,C,D,D,B,C,D,D,C,C
19056354-5,B,C,A,A,B,C,D,C,D,B,C,C,D,D,B,B,B,A,A,D,B,C,A,C,C,C,D,D,B,A,D,A,D,D,A,A,D,C,C,C,D,A,D,B,C,D,A,D,A,A,C,B,D,D,B,C,D,D,C,B
19309746-4,B,C,C,C,B,C,D,B,B,A,B,D,B,B,B,D,B,C,A,B,C,C,D,B,C,A,A,B,A,B,B,B,B,C,A,C,D,A,C,A,A,B,D,B,D,B,B,D,B,B,B,A,B,D,B,B,D,C,A,B
19898947-9,B,C,B,D,B,D,B,B,C,A,C,C,B,C,B,D,A,D,D,C,C,A,D,C,C,C,D,C,B,B,C,B,B,C,A,C,D,C,D,B,A,A,C,B,C,D,A,A,B,D,B,C,D,A,C,C,D,D,C,C
18809240-3,B,C,C,A,D,D,B,B,D,A,C,C,C,A,A,D,B,C,A,D,C,C,D,B,C,D,D,C,C,B,C,B,B,C,A,A,D,A,C,D,A,A,D,B,C,D,C,A,B,D,D,C,D,D,C,C,D,B,C,C
15117344-6,B,A,C,A,D,D,,B,C,A,C,C,C,C,B,B,A,D,A,D,C,C,D,B,C,,D,B,A,B,C,B,B,C,A,A,D,A,C,D,C,A,C,B,B,D,C,A,B,,D,A,D,D,C,,D,B,C,C
19590123-6,D,C,C,A,B,D,B,B,D,D,C,C,A,D,B,D,A,C,C,D,C,C,D,B,C,C,D,B,D,B,C,B,B,C,A,C,D,C,C,B,A,A,B,B,B,B,C,A,B,A,B,A,D,A,A,C,D,D,C,C
18850982-7,A,C,C,D,D,C,B,D,A,D,A,C,A,B,B,D,A,A,B,D,C,C,A,B,C,C,A,B,B,A,B,B,B,C,A,A,C,A,D,D,A,D,D,B,C,D,B,A,B,C,A,C,D,D,A,C,D,B,D,C
19208858-5,B,A,C,D,D,C,C,C,A,A,C,C,B,D,B,D,A,C,B,D,C,C,D,B,C,A,C,C,D,B,B,A,B,A,A,A,D,C,B,A,B,A,D,B,D,D,A,C,B,A,C,A,A,D,C,C,D,B,D,B
19412656-5,B,D,B,A,D,D,C,C,C,A,B,C,B,D,A,D,A,B,B,B,C,C,D,B,C,C,C,D,A,B,C,B,C,C,C,C,D,C,B,A,A,A,C,A,C,D,A,B,B,D,D,B,D,B,D,C,A,D,C,B
19266435-7,B,C,B,C,B,D,B,C,A,C,B,A,A,A,B,B,A,A,A,C,C,C,D,B,C,B,D,B,A,B,C,B,B,C,C,C,D,B,B,D,A,A,D,D,B,D,C,C,B,A,B,B,D,D,C,D,D,A,C,C
19565320-8,C,C,D,A,B,C,B,C,A,A,B,C,A,B,A,B,B,C,D,D,A,C,C,B,C,C,D,B,A,B,C,B,B,D,A,A,D,A,B,A,B,A,D,C,C,D,A,A,B,D,C,A,C,D,C,A,B,B,C,C
19415367-8,D,C,C,A,B,C,B,D,D,C,C,C,C,A,B,B,A,C,B,C,C,D,A,D,C,C,C,D,D,B,C,B,B,D,A,A,D,A,C,D,B,A,D,B,B,D,A,B,C,C,B,A,D,D,A,C,D,B,C,A
19387822-9,A,C,B,C,B,C,A,D,C,C,C,C,,B,A,D,A,C,,D,C,D,D,D,C,A,A,B,A,A,B,B,B,C,C,A,D,B,C,C,A,,B,D,C,D,A,C,B,,,,D,,C,B,D,B,C,C
18962590-1,D,D,D,A,B,C,A,D,C,C,C,C,B,B,B,B,B,A,A,C,B,C,A,A,D,C,A,C,B,B,C,A,B,A,D,B,D,A,D,D,A,D,D,B,B,D,A,A,D,D,D,D,B,B,D,B,D,A,D,D
19541272-3,B,C,C,A,B,D,B,B,C,A,C,C,B,D,A,B,A,C,A,D,B,C,D,B,C,A,C,C,A,B,D,B,B,C,A,C,D,A,C,D,A,A,C,C,B,D,C,A,B,D,B,C,C,D,B,A,B,A,C,C
19509541-8,B,C,D,A,B,D,A,C,A,B,C,C,C,B,B,D,D,A,A,B,B,C,D,C,C,A,C,D,A,A,C,B,C,D,A,C,C,A,C,C,C,A,D,D,B,D,B,D,B,C,B,A,C,D,D,C,A,B,B,B
19247888-K,C,C,A,D,B,D,B,C,A,B,C,C,D,B,B,B,A,C,A,B,B,D,A,B,D,B,A,A,C,A,B,B,C,D,A,B,D,B,C,D,A,D,D,B,C,B,B,B,B,D,B,B,D,A,C,A,D,B,B,B
19597722-4,B,C,C,A,D,C,B,C,C,C,B,C,B,C,A,D,A,B,A,D,C,C,D,B,C,C,A,B,A,B,C,D,B,B,A,A,D,C,C,D,A,A,D,B,A,D,C,C,B,D,B,C,D,A,C,B,D,C,B,D
16547110-5,A,C,C,A,B,D,B,B,A,D,C,C,B,D,B,D,A,A,D,D,C,C,D,B,C,A,D,B,B,B,C,B,B,B,A,C,D,A,B,D,A,A,D,B,B,D,A,A,B,B,B,C,C,D,A,C,D,C,C,C
19552593-5,B,C,D,D,D,C,A,A,A,B,C,A,C,A,A,B,C,B,C,D,A,A,A,C,C,C,D,B,C,C,C,A,B,D,A,A,C,C,C,D,B,D,C,A,A,D,A,C,B,A,D,B,D,D,C,C,A,D,B,B
19757954-4,C,C,C,A,B,D,B,D,A,A,B,C,C,D,A,D,A,D,A,D,C,D,D,B,C,A,C,C,D,A,C,A,B,B,A,A,D,A,A,C,B,A,A,C,C,D,A,A,B,C,C,C,D,D,C,B,D,B,C,B
19403239-0,B,C,B,D,B,C,B,D,D,A,C,C,C,C,C,A,A,A,A,D,B,C,D,B,C,C,A,B,C,B,C,B,B,C,A,D,D,A,C,D,A,A,B,B,D,B,C,A,B,D,A,A,D,C,C,C,D,B,B,B
19146046-4,C,C,D,D,B,C,B,B,A,B,D,C,D,B,B,D,B,D,A,B,C,D,D,B,B,C,C,D,C,A,D,B,C,C,A,B,D,A,D,D,C,B,D,B,C,D,A,B,B,A,D,A,D,D,C,C,D,C,A,C
17198269-3,B,C,B,A,C,A,B,B,C,A,C,C,C,A,C,B,A,A,A,C,B,C,D,B,C,C,C,D,A,A,B,B,B,D,A,A,A,A,B,D,D,A,D,B,C,D,C,A,B,A,B,C,C,A,C,C,D,C,,C
18649917-4,B,C,C,A,B,D,B,B,C,D,B,A,C,C,B,D,A,C,A,C,C,C,D,B,A,C,D,C,D,C,C,B,B,C,C,C,D,C,D,C,A,C,D,D,A,D,C,A,B,D,A,A,B,B,A,C,D,C,A,C
19243191-3,D,C,B,A,B,C,C,C,C,A,C,A,B,C,C,D,A,A,A,D,A,C,D,B,C,D,D,D,A,B,C,B,B,B,A,A,D,A,C,A,B,A,D,B,C,B,C,D,A,D,C,D,B,D,A,C,D,B,D,B
19223700-9,D,C,C,A,B,D,B,D,C,A,C,C,C,B,B,D,A,C,A,D,C,C,D,D,C,B,D,B,A,B,C,D,C,C,A,C,D,C,D,B,B,A,D,B,C,D,A,A,B,C,C,D,D,D,A,C,D,B,D,D
18493503-1,B,C,C,D,B,D,B,B,B,A,C,C,B,D,A,D,A,C,A,D,C,C,A,B,C,C,D,B,A,A,C,B,B,D,C,A,D,A,A,D,A,A,C,B,B,D,C,A,B,C,C,C,C,D,A,C,D,D,C,C
19515663-8,B,C,A,D,B,C,C,C,C,C,C,B,D,C,B,B,A,A,D,B,C,C,D,B,C,B,C,B,B,B,D,B,B,C,A,B,D,A,C,D,A,A,D,A,B,B,C,A,B,B,C,C,D,D,A,C,A,A,A,B
19297669-3,B,C,C,A,B,D,B,D,C,B,C,C,C,D,B,D,A,A,A,D,A,C,D,B,C,C,D,D,C,B,C,B,B,A,A,C,D,C,D,D,A,A,D,B,C,D,A,A,B,B,C,A,B,A,A,B,C,A,C,C
19104706-0,C,C,C,A,D,D,C,B,C,A,B,C,B,D,B,D,A,D,D,D,A,C,D,B,C,C,D,C,A,D,C,B,B,A,D,A,D,A,C,D,A,A,D,B,B,D,C,C,B,B,A,C,A,D,C,C,D,B,B,C
18405105-2,A,C,D,A,B,C,A,C,A,A,C,C,B,B,B,B,B,C,A,B,C,A,D,B,C,D,D,C,A,A,C,B,B,C,A,A,D,A,B,D,A,D,C,B,D,D,A,A,C,C,B,C,D,D,C,C,D,B,B,B
19389337-6,C,C,B,D,B,D,C,C,D,D,B,A,A,C,C,B,B,A,A,D,B,A,D,B,C,A,C,D,B,A,C,A,C,B,A,D,D,C,C,D,B,D,D,C,C,D,C,C,B,A,B,A,B,D,B,B,C,C,B,B
19127896-8,C,C,A,B,D,D,B,D,A,A,C,C,C,D,D,D,D,C,B,D,B,C,A,D,C,C,D,B,D,D,C,B,C,D,A,C,D,C,C,D,C,D,B,C,B,D,C,A,D,A,B,C,C,C,C,C,A,B,A,C
18451067-7,B,C,C,C,B,D,B,B,A,A,C,C,C,D,D,C,D,D,B,B,C,C,D,B,C,A,A,B,A,D,B,C,A,D,B,D,D,A,A,B,B,D,D,C,D,D,A,D,B,B,D,D,D,D,B,C,D,D,A,D
19316640-7,B,C,C,A,B,C,B,B,D,A,C,D,B,D,B,B,B,B,A,B,D,C,A,B,C,C,B,B,B,B,B,B,A,B,A,A,C,A,D,C,A,D,B,D,C,C,C,A,B,A,D,C,C,A,C,C,C,B,D,C
18286531-1,A,C,C,A,B,C,D,C,A,B,C,C,B,C,B,B,A,A,A,D,C,D,D,B,B,C,D,B,D,B,A,A,B,C,B,C,D,A,B,A,A,A,C,B,A,D,C,A,B,C,B,C,D,D,C,C,D,D,C,B
19446790-7,B,C,D,A,B,D,A,C,C,C,C,C,D,B,B,B,A,C,C,D,C,C,D,B,C,A,D,B,A,B,C,B,B,C,C,C,A,A,C,D,B,A,D,B,C,D,C,B,C,D,C,D,D,D,C,C,B,B,C,C
19591654-3,B,C,C,A,B,A,A,A,C,C,C,A,B,C,B,D,B,C,D,D,C,C,D,B,B,B,D,B,A,B,C,B,C,C,A,C,D,A,C,A,B,A,D,B,B,B,A,B,B,A,D,C,B,D,B,C,A,C,C,D
19300096-7,C,C,C,A,B,D,A,C,C,A,C,C,C,B,B,A,B,A,A,D,C,A,D,B,C,C,D,D,A,A,C,B,C,A,A,A,D,A,B,C,D,A,D,B,A,B,B,A,B,A,C,A,C,D,A,C,D,B,C,D
19664404-0,C,C,C,A,D,A,C,B,C,B,C,C,D,C,B,B,A,B,D,C,C,D,C,B,D,C,D,D,A,B,C,C,B,D,A,C,A,C,D,D,D,A,B,D,D,D,B,C,D,D,D,B,B,D,A,D,D,B,C,D
16009385-4,B,C,C,B,B,D,A,D,A,A,C,C,B,B,B,D,A,A,B,D,B,C,B,B,B,C,D,B,A,B,C,B,B,B,A,C,D,A,B,C,A,B,D,B,B,B,C,C,A,C,C,B,C,D,A,B,D,B,B,B
19346826-8,B,C,A,D,D,D,C,B,A,C,C,C,A,A,B,D,C,C,B,A,B,D,D,B,C,D,C,B,A,B,A,A,C,D,A,C,D,C,C,D,B,B,D,D,B,D,A,C,B,A,A,D,C,B,D,A,D,D,A,B
19414480-6,C,C,C,A,B,D,D,B,D,C,C,C,C,C,A,B,A,A,D,B,C,D,A,B,C,C,C,C,B,A,C,B,B,C,D,C,D,A,A,D,C,A,C,B,C,D,B,A,B,B,A,B,A,D,C,B,D,C,C,A
19474362-9,C,C,B,C,B,D,A,D,D,D,C,C,C,C,B,D,B,D,B,A,C,C,D,A,C,A,C,B,B,D,C,A,B,D,A,D,D,C,C,D,A,A,B,B,D,D,C,B,B,D,A,C,D,D,A,C,D,B,C,B
17254774-5,C,D,B,A,B,D,B,C,A,B,B,C,B,D,B,C,A,D,A,D,B,C,A,B,C,A,D,D,B,B,C,B,B,C,A,C,D,A,A,B,A,A,C,B,C,D,B,B,B,B,C,D,D,D,C,C,D,B,C,C
19175513-8,,C,A,D,C,C,C,C,A,B,D,C,B,B,A,D,A,C,D,C,B,C,D,C,D,C,D,D,B,A,B,B,B,D,D,A,D,D,D,D,D,A,D,B,C,D,C,A,D,D,D,B,B,D,C,B,A,D,B,B
18679374-9,A,C,B,D,B,C,C,A,A,A,B,C,C,D,B,D,C,C,A,C,A,D,A,B,D,C,A,D,A,B,B,D,D,D,A,A,A,A,C,D,A,A,B,D,C,D,A,A,B,C,B,C,C,D,A,B,D,C,A,C
17407778-9,B,C,C,A,B,D,B,B,C,A,C,C,B,C,B,D,A,A,A,D,C,C,D,B,C,A,D,B,A,B,C,B,B,C,A,C,D,A,C,D,A,A,D,B,C,D,C,A,B,B,D,C,D,D,A,C,D,B,C,B
19623621-K,B,C,C,C,B,C,A,D,A,C,B,C,C,B,D,B,A,C,A,D,C,C,D,B,C,B,D,D,A,B,C,B,B,A,C,A,D,A,C,D,B,B,D,B,C,D,C,A,A,A,C,D,D,D,A,C,D,B,C,C
18572275-9,B,C,A,A,D,D,C,B,A,A,C,C,B,C,B,D,B,D,A,D,C,C,D,A,C,A,D,D,B,A,C,B,D,B,C,B,D,A,C,A,C,A,D,B,B,D,A,B,B,A,C,D,D,A,C,C,D,C,B,B
19271068-5,C,C,C,A,B,D,A,B,A,A,C,C,A,C,B,D,A,C,A,D,B,C,C,B,C,C,D,C,D,A,C,B,B,C,A,C,D,A,D,D,A,A,D,B,C,D,C,A,B,C,C,D,D,D,B,C,D,B,C,C
18892203-1,D,C,C,A,B,D,C,B,A,A,C,C,B,D,B,B,A,B,B,D,B,C,C,B,B,A,C,B,D,D,C,B,B,D,A,D,D,B,A,C,A,D,D,D,C,D,B,A,D,C,B,C,D,D,A,B,D,B,C,B
19480369-9,B,C,C,A,D,C,D,D,C,A,C,C,B,C,B,D,A,C,A,D,C,C,D,B,C,C,D,B,A,B,C,B,B,C,A,C,D,A,C,C,A,D,D,D,B,D,C,A,B,A,B,C,D,A,C,D,D,C,D,D
19490464-9,B,C,B,D,B,C,B,C,C,B,A,C,B,A,B,B,A,C,B,C,C,C,D,B,C,D,B,B,D,B,C,B,B,D,C,C,D,A,B,C,A,C,D,D,C,D,A,A,A,C,D,C,D,D,D,A,D,A,D,B
19085062-5,B,C,,A,B,D,B,B,D,D,C,C,B,D,B,D,B,A,A,D,C,C,A,B,D,C,D,B,A,A,C,A,B,,A,B,D,A,C,D,A,,D,B,,D,C,A,,A,,C,D,,D,C,A,B,,C
17670355-5,B,C,C,A,B,A,C,B,A,C,C,C,C,B,B,D,A,A,A,A,A,D,D,A,C,D,B,B,D,B,C,B,B,B,A,A,D,C,A,D,C,B,B,B,B,B,B,A,B,D,B,B,D,D,C,B,D,B,D,B
19521040-3,B,C,B,C,B,C,D,D,C,A,C,C,B,C,D,D,A,C,C,D,C,D,D,B,B,C,C,D,D,B,C,B,C,D,A,A,D,B,C,C,A,A,B,D,B,D,C,B,B,C,C,B,C,B,C,C,D,D,D,B
18679381-1,C,C,B,C,B,C,B,C,C,C,A,C,B,D,B,B,A,C,A,D,A,C,D,B,C,C,D,A,A,B,C,B,D,D,C,B,B,A,A,D,B,D,D,B,C,D,B,C,B,C,B,C,D,D,A,B,D,B,B,D
19640498-8,A,C,B,A,C,C,B,C,A,C,C,C,B,A,B,B,B,A,B,B,D,C,D,B,C,D,D,D,D,B,A,B,C,C,A,A,C,A,B,A,C,A,D,B,D,D,C,B,B,B,C,B,D,D,D,B,C,C,C,D
18780606-2,C,C,B,A,A,C,A,C,A,A,C,D,C,B,C,B,B,D,A,C,D,D,C,A,A,B,C,D,A,D,B,B,D,D,A,A,A,C,C,D,B,C,C,D,D,D,B,D,A,A,B,A,B,C,A,D,C,A,B,A
17915574-5,B,C,D,A,B,C,B,C,C,C,C,C,A,B,A,B,A,D,D,D,B,C,D,A,C,A,D,B,A,A,D,B,B,A,D,A,A,C,C,D,D,B,C,B,C,B,A,C,C,C,C,B,C,D,A,C,D,C,A,C
18912889-4,B,C,C,D,D,D,C,B,A,A,C,C,C,B,B,D,B,C,D,B,C,C,D,B,C,C,C,B,A,C,C,B,B,C,A,D,D,A,C,D,A,A,D,B,B,D,C,A,B,A,B,C,D,D,A,B,D,B,B,B
18387111-0,B,C,C,A,B,D,C,C,C,A,C,C,C,B,B,B,B,C,A,D,B,C,D,B,C,D,A,B,A,B,C,B,B,C,B,A,D,C,C,C,B,A,C,B,B,B,D,C,B,C,C,A,B,D,B,B,D,A,C,B
19132223-1,B,C,C,A,B,C,D,B,C,C,C,C,B,B,A,D,A,C,A,D,C,C,A,B,A,B,C,C,C,B,C,B,B,C,B,A,D,A,B,D,A,C,D,D,B,B,C,A,B,C,D,A,D,D,B,C,D,C,C,B
17571264-K,B,C,C,A,B,A,B,B,A,A,B,C,D,B,B,B,B,C,A,D,C,C,D,B,C,A,C,B,D,A,C,B,B,C,A,C,D,A,D,D,B,D,C,B,C,B,C,C,B,D,C,C,D,C,C,B,A,B,D,D
19473677-0,C,C,C,A,D,D,C,D,C,C,C,C,B,D,B,B,A,C,B,D,C,C,D,B,C,C,C,B,A,B,D,D,A,D,B,A,D,A,C,D,C,D,D,B,A,D,C,A,B,A,C,C,A,D,A,C,D,C,A,C
18028437-0,C,C,C,A,B,A,B,D,D,A,C,C,C,C,A,D,A,C,A,D,C,A,A,B,A,C,D,B,D,D,D,B,C,C,B,C,D,C,C,C,A,D,D,A,B,D,A,A,B,D,B,C,D,D,B,B,B,B,C,B
18973601-0,C,C,A,A,B,C,C,A,A,A,C,B,B,C,B,B,B,C,C,A,C,C,D,B,C,C,D,C,A,A,C,B,B,C,D,C,D,A,B,C,A,A,D,D,B,D,C,A,B,D,A,C,D,D,A,D,B,C,C,B
16958417-6,B,C,C,A,B,D,B,D,C,D,C,A,A,A,B,D,A,A,A,D,C,C,B,C,C,C,C,B,D,B,C,B,B,D,A,C,B,A,C,A,A,A,D,B,D,D,C,A,C,A,D,C,B,D,A,D,D,D,D,B
19726675-9,C,C,A,A,B,A,B,B,A,D,C,A,C,C,A,D,D,D,C,B,A,C,A,B,C,A,D,B,D,B,C,B,B,D,D,B,D,C,D,C,A,A,C,D,B,B,B,C,D,D,D,C,D,D,C,C,A,B,D,C
18067322-9,B,C,C,A,B,C,B,D,C,D,C,C,B,D,B,B,A,D,A,D,C,B,D,B,C,C,D,B,A,A,C,B,B,C,A,A,C,A,B,C,A,A,C,B,B,D,B,A,B,D,D,D,D,D,B,C,D,D,D,C
19105505-5,B,C,D,A,B,C,C,D,C,A,C,C,D,C,B,D,B,B,B,B,C,A,D,B,B,C,D,B,A,C,B,B,C,C,A,A,C,A,D,D,B,A,D,B,B,B,B,A,B,A,C,C,D,D,D,A,B,A,C,B
19532412-3,B,D,D,A,B,D,C,C,A,B,C,C,D,B,B,B,A,A,C,D,D,D,D,B,C,B,D,D,A,C,D,B,B,B,B,C,D,A,C,A,A,A,A,D,C,D,C,A,B,A,D,D,D,D,D,C,D,B,A,C
19483686-4,B,C,B,A,B,A,C,D,A,C,C,C,C,C,B,D,A,C,C,C,D,C,D,B,C,A,B,B,B,D,C,B,B,D,A,A,D,C,B,D,A,D,D,A,A,C,A,D,C,C,C,A,D,C,A,C,D,B,C,B
19255397-0,B,C,C,A,B,A,B,C,A,D,C,C,B,C,B,D,B,A,A,D,C,C,D,C,C,C,D,B,B,A,C,A,B,B,C,A,D,A,D,A,A,D,D,B,B,D,C,A,B,A,D,C,D,B,C,C,D,D,C,C
17939871-0,B,C,C,A,B,C,C,B,C,A,C,C,B,A,B,D,A,C,B,D,C,A,D,B,C,C,D,C,A,B,C,B,B,C,A,C,D,A,C,D,C,A,D,D,D,D,C,A,B,D,B,C,C,C,A,C,D,B,C,C
19510717-3,B,D,B,C,B,D,B,C,D,D,C,A,B,C,B,A,A,C,B,D,C,C,D,B,C,C,C,D,A,A,B,B,B,A,C,C,D,C,C,D,A,D,D,D,B,D,C,C,B,D,B,C,D,D,A,C,D,B,C,C
19293479-6,B,D,C,C,B,A,A,C,A,B,D,C,C,B,A,D,A,C,D,C,B,C,A,B,C,A,C,D,B,A,B,B,B,C,D,D,C,A,D,A,B,C,D,B,C,D,B,C,B,A,D,B,D,C,C,B,D,B,B,C
15170224-4,A,C,C,D,B,A,B,D,B,A,C,B,B,C,A,D,C,A,A,B,C,D,D,B,D,A,D,B,A,A,C,A,A,D,A,D,A,A,C,A,B,D,B,A,D,D,B,A,A,B,D,D,B,B,C,B,C,A,C,D
19261384-1,A,C,C,D,D,C,C,C,D,C,C,C,C,C,C,B,C,C,A,D,C,C,D,B,C,B,D,B,D,B,B,B,B,D,A,A,C,B,B,D,B,A,D,B,C,D,C,B,B,A,B,C,C,D,C,C,D,B,A,B
19375186-5,D,C,C,D,B,C,D,C,A,A,C,C,B,C,B,B,B,A,A,C,A,C,B,B,B,B,D,B,A,D,C,B,B,B,A,D,D,A,C,D,C,A,D,B,C,D,A,A,B,D,B,A,D,B,A,C,D,D,C,C
19525097-9,B,C,C,C,D,C,B,B,A,A,C,C,B,C,B,B,A,A,B,C,C,D,A,B,C,C,D,D,A,D,B,B,C,C,A,D,D,A,A,D,C,A,D,D,A,D,C,C,B,A,D,B,D,D,A,B,D,B,B,B
19521434-4,B,C,A,A,B,B,C,C,A,C,C,C,B,C,C,D,A,A,A,D,B,C,D,B,C,C,D,B,A,B,D,B,B,B,A,A,D,A,C,D,C,D,B,B,B,D,C,C,B,C,B,C,B,A,C,B,B,C,B,D
19209055-5,C,C,B,A,B,D,B,B,A,A,C,C,B,C,A,B,A,C,A,D,C,C,D,B,A,C,D,C,D,B,A,B,B,B,A,C,D,A,C,C,D,A,D,B,D,D,C,A,C,C,D,C,D,D,C,C,D,C,C,C
17317084-K,A,C,C,A,B,A,C,D,C,A,C,A,B,D,C,D,A,A,D,B,C,D,D,B,C,D,C,B,B,A,B,B,B,C,A,C,D,D,B,D,A,A,D,B,B,D,A,C,B,C,B,B,D,C,A,B,D,C,C,C
18587118-5,B,C,B,D,B,C,D,D,A,B,C,C,C,D,B,D,A,C,C,C,B,C,D,B,C,A,D,B,C,D,A,B,B,D,A,B,D,A,C,C,A,A,D,B,C,B,A,C,C,D,D,A,C,A,C,D,D,C,A,B
18833160-2,C,C,B,A,D,C,B,C,A,A,C,C,C,C,A,B,B,C,B,B,C,C,D,B,C,C,D,B,D,D,C,B,A,D,A,C,D,C,B,D,B,A,D,B,C,B,B,A,B,A,C,C,D,D,C,C,D,B,D,B
19339660-7,B,C,C,A,B,D,D,A,A,C,B,C,B,C,B,D,C,B,D,B,B,D,D,C,A,D,B,C,D,A,C,B,B,D,B,A,C,B,C,D,C,A,C,D,B,B,A,B,B,D,C,D,B,A,C,D,C,A,B,B
19195049-6,B,C,A,D,B,B,C,B,A,C,B,C,A,D,B,B,C,D,A,B,C,C,D,C,C,B,D,D,A,A,A,A,C,B,A,A,D,A,C,B,D,A,D,D,C,B,B,C,A,D,D,B,A,D,B,C,C,B,A,D
18655261-K,B,C,C,A,B,D,B,C,A,A,C,C,B,C,B,B,A,B,A,B,C,C,D,B,C,D,C,B,A,B,C,B,B,C,A,C,D,A,B,D,A,A,B,D,B,D,C,C,B,A,C,D,A,A,A,C,D,B,C,B
18799580-9,A,C,D,A,B,D,B,C,C,A,C,C,A,C,B,A,C,C,A,D,C,C,D,B,C,C,D,C,D,A,C,B,B,C,A,C,D,C,C,C,A,D,C,B,C,D,C,A,B,B,C,C,D,D,A,C,D,D,A,B
19480189-0,B,C,C,A,B,A,A,D,A,B,C,C,B,C,B,D,B,A,D,C,C,C,D,B,C,C,D,B,B,B,C,B,C,C,A,C,C,A,C,D,A,C,D,B,A,D,C,A,D,D,C,B,B,D,A,D,D,D,B,C
18542484-7,B,C,C,A,B,C,B,B,C,D,C,C,B,C,B,D,A,C,A,D,C,C,D,B,C,C,D,A,A,B,C,B,C,C,C,D,D,A,D,D,C,A,D,B,B,B,B,A,B,D,D,C,C,D,D,C,D,B,B,C
19363411-7,B,C,A,A,D,C,D,D,A,C,C,D,B,C,A,B,A,A,A,D,B,D,B,C,C,A,C,B,B,C,D,B,B,D,C,C,A,B,D,D,A,D,D,C,C,D,C,D,B,B,C,C,A,D,C,C,B,B,B,A
19906670-6,D,C,C,A,D,D,B,B,C,A,C,C,C,C,B,D,B,D,A,C,C,C,D,B,C,A,D,B,A,B,B,B,B,C,A,C,D,A,C,A,B,A,D,B,C,D,A,A,B,D,C,C,D,D,B,C,D,D,C,C
19009701-3,B,D,C,A,B,D,B,C,D,A,C,C,B,C,B,D,B,C,A,D,B,C,D,A,C,A,D,B,C,B,C,C,C,B,C,C,C,C,C,B,C,A,C,B,B,D,C,A,A,D,B,D,B,D,A,C,D,B,C,C
17218128-7,B,C,C,A,C,C,B,C,A,C,C,C,C,C,A,B,B,A,B,B,C,D,A,A,C,A,D,B,B,A,C,B,B,D,A,B,D,C,D,A,B,D,D,D,C,D,B,D,B,B,D,A,C,D,C,D,D,C,C,B
19262064-3,B,C,A,A,B,D,B,D,A,A,C,C,C,B,C,D,A,D,A,D,C,C,D,B,C,C,B,C,A,B,C,B,C,C,A,D,D,A,B,D,A,A,C,B,B,D,C,A,B,D,C,C,D,D,A,C,D,A,C,C
19740439-6,B,C,C,A,B,A,D,B,C,B,C,C,C,A,B,B,C,D,A,D,C,D,B,B,D,A,D,B,A,B,C,B,B,B,A,C,B,C,C,B,A,A,D,C,D,D,A,C,B,B,B,C,D,D,C,C,C,C,A,B
19541732-6,A,C,C,A,B,C,B,C,A,C,C,C,B,D,A,D,B,C,A,D,B,D,C,A,C,A,D,D,A,A,B,D,A,D,A,A,D,B,C,D,C,C,D,B,B,D,A,D,B,A,A,A,B,D,C,B,B,A,A,D
18578498-3,B,C,C,D,B,C,A,C,A,A,C,A,B,D,A,B,A,C,B,C,C,C,D,B,A,D,D,B,B,D,C,B,B,D,A,C,D,C,C,A,D,A,D,D,C,B,D,D,C,C,C,B,D,D,B,B,D,B,C,D
19363768-K,B,C,C,A,B,C,B,B,A,A,C,C,B,C,A,D,D,C,B,C,C,C,D,B,C,C,D,B,A,B,C,B,B,D,A,C,D,A,D,A,A,D,D,D,C,D,A,A,A,D,D,C,C,D,C,C,D,D,A,B
18658392-2,C,C,D,A,B,B,A,B,A,B,C,C,C,B,A,D,A,A,B,D,D,C,D,B,C,C,D,C,B,B,C,B,A,C,C,A,D,C,C,C,C,D,D,B,C,B,C,C,B,D,D,C,A,D,B,B,D,D,D,B
17647006-2,A,C,C,A,D,D,C,B,A,A,C,C,B,D,B,B,A,A,B,D,C,C,A,A,C,A,C,B,D,A,C,B,D,D,A,A,C,C,D,D,A,D,D,B,C,D,C,A,B,D,B,D,C,D,B,C,C,B,B,A
19365607-2,B,C,C,D,D,C,B,D,A,C,B,C,C,C,B,C,A,A,A,B,C,C,A,B,C,A,A,D,D,D,D,B,B,D,A,C,D,C,C,C,A,D,C,B,B,D,B,B,A,A,D,C,C,D,C,B,D,C,D,B
18449825-1,C,C,C,D,B,D,C,B,C,A,A,C,C,D,B,B,A,A,B,D,C,C,D,B,C,C,D,B,A,D,C,C,B,D,A,D,D,A,D,D,A,D,C,D,C,B,B,A,D,,D,C,A,D,C,C,D,C,A,C
19597141-2,B,C,C,A,D,D,B,B,D,A,C,C,B,C,B,D,B,C,A,D,C,B,D,B,C,C,D,B,D,B,D,B,B,C,A,C,D,A,B,C,A,A,B,C,A,B,B,A,B,B,D,D,C,D,C,C,D,B,D,C
19043155-K,B,C,C,A,B,D,B,B,C,B,C,C,C,C,A,D,B,C,D,B,C,C,D,A,C,C,D,B,D,B,C,B,C,B,A,C,A,A,B,A,B,A,D,D,B,D,C,A,D,D,C,D,D,D,C,C,D,D,D,C
19125276-4,B,C,B,A,D,D,A,B,C,D,C,C,B,C,B,D,A,D,A,A,C,A,D,B,C,C,A,B,A,B,C,B,B,D,A,B,D,A,C,D,C,A,B,B,C,D,C,A,B,A,B,C,D,D,A,C,C,D,C,C
19126841-5,C,D,C,B,D,C,D,D,D,C,B,C,D,B,A,D,A,C,A,B,A,D,D,B,C,C,C,A,B,B,D,B,A,B,D,C,D,A,D,D,A,C,D,B,D,D,C,B,A,A,B,A,D,D,C,C,D,B,A,D
18785106-8,C,C,C,A,B,D,B,B,C,A,C,C,C,B,B,D,B,B,A,D,C,C,D,B,C,A,A,C,A,B,C,B,C,B,A,C,D,A,C,D,A,A,C,B,D,D,C,A,B,D,C,C,D,D,A,C,D,B,C,B
18781432-4,A,C,B,A,B,C,D,B,A,A,C,A,A,C,B,B,A,D,C,B,C,C,D,B,D,D,C,C,A,A,C,B,C,C,C,C,D,A,D,D,A,A,D,B,C,B,C,A,B,B,D,C,D,D,A,A,D,B,D,C
18579119-K,A,C,C,A,B,B,B,C,C,C,C,C,B,B,A,B,A,C,A,C,B,D,D,B,A,C,D,D,A,D,D,B,B,D,A,C,C,C,A,D,A,C,D,B,C,D,C,A,B,D,B,A,D,D,C,B,D,C,A,D
18295355-5,A,C,A,A,B,D,A,D,A,D,A,B,B,B,B,D,A,A,B,B,B,C,A,C,C,C,D,B,A,A,C,A,C,A,A,A,D,C,C,C,A,D,D,B,B,B,B,B,A,C,C,D,C,D,C,C,D,B,A,C
18571733-K,C,C,C,A,B,D,B,D,C,A,C,C,B,C,A,B,B,A,A,D,B,C,D,A,C,A,C,B,C,B,C,B,B,D,A,C,D,A,B,C,D,C,C,B,C,D,C,D,D,C,C,C,A,D,C,B,D,C,,A
19474691-1,A,C,A,D,D,D,B,B,D,C,C,C,A,D,B,B,B,D,C,C,A,B,C,A,C,A,C,B,A,B,C,B,D,A,A,C,C,A,A,D,B,A,C,B,C,D,A,B,B,A,C,C,A,D,B,A,B,B,A,C
17715763-5,B,C,C,A,B,C,D,C,C,B,D,C,C,B,A,D,A,D,A,B,C,C,D,B,C,C,D,B,A,A,C,A,C,A,A,D,D,D,C,A,C,A,D,C,D,B,C,A,B,C,A,B,B,B,C,C,D,B,D,B
19665162-4,B,C,C,A,D,C,B,C,A,A,B,C,C,C,B,A,D,C,B,D,C,C,D,D,D,C,A,C,D,B,C,C,B,A,A,D,D,C,B,B,A,A,C,C,C,D,A,B,B,C,B,C,D,A,B,C,D,B,C,B
18418324-2,B,C,A,A,B,A,C,C,A,C,C,C,C,D,D,B,D,A,A,C,B,C,D,C,C,A,D,D,A,A,B,B,C,B,A,A,C,A,B,D,B,A,D,B,C,D,A,D,B,C,C,A,C,D,D,C,C,C,B,B
18038666-1,A,A,B,A,B,D,B,C,A,A,C,C,,D,B,D,D,C,B,C,B,C,D,,C,B,C,B,A,B,C,C,B,B,A,C,D,A,C,A,A,A,D,D,C,D,C,A,C,,,D,D,D,A,B,D,B,A,B
19299026-2,B,A,C,A,B,D,B,D,D,A,C,C,B,D,B,D,A,C,A,D,C,C,D,C,C,C,D,B,A,B,C,B,B,C,A,C,D,A,B,D,C,A,C,B,B,D,C,A,B,D,B,C,D,D,C,C,D,D,C,C
19472964-2,B,D,A,C,B,D,B,B,C,A,C,C,B,D,B,B,B,C,A,C,C,C,D,B,C,C,D,D,C,B,C,A,B,C,C,C,D,A,A,D,A,C,D,B,B,D,C,A,B,A,C,D,D,D,C,C,D,A,C,A
18808253-K,B,B,C,A,B,D,B,C,A,B,C,B,B,D,A,B,A,A,D,D,C,C,D,B,C,C,D,A,A,B,C,B,B,B,A,D,D,C,C,D,A,A,D,D,C,D,C,C,B,D,D,B,D,C,C,C,D,C,D,A
19872835-7,B,C,C,A,B,D,B,C,C,A,B,C,B,C,B,D,A,C,D,C,C,C,D,C,C,C,D,B,D,C,C,B,D,D,A,C,D,C,C,C,A,A,D,B,D,D,C,C,A,C,D,C,D,D,C,C,D,B,A,B
14605185-5,B,D,A,A,B,A,C,C,A,D,B,C,A,B,B,D,A,A,D,D,C,C,C,A,C,C,D,B,D,B,C,B,B,B,A,D,D,C,B,D,A,D,A,B,C,D,B,A,B,A,C,D,D,C,C,C,D,B,D,B
17720562-1,B,C,C,C,D,D,B,B,A,D,D,C,B,B,C,B,A,A,B,B,C,C,A,B,A,C,B,B,A,A,C,A,B,C,A,C,D,C,B,D,A,A,C,C,D,D,C,A,B,A,D,C,B,D,B,A,A,A,C,B
19330708-6,B,C,B,A,B,C,D,D,C,D,C,B,C,D,B,D,B,A,C,D,C,C,A,B,C,A,D,B,C,B,B,B,B,D,A,A,C,A,B,D,A,A,A,B,C,D,C,C,A,D,B,B,D,D,C,C,A,B,A,C
18938932-9,B,C,C,A,D,D,B,C,C,A,C,C,B,A,B,D,A,C,A,D,C,C,D,B,C,A,B,B,A,B,C,B,B,C,A,B,D,A,B,C,A,A,C,C,B,D,C,A,B,D,B,B,D,D,A,C,D,B,C,C
19155149-4,B,C,A,A,B,A,A,C,C,C,C,B,B,B,B,D,A,B,B,B,C,D,D,A,A,A,C,D,B,B,C,B,B,C,A,A,D,C,C,B,A,D,C,D,C,D,B,C,A,A,A,C,D,D,C,C,D,D,D,D
18966748-5,A,C,B,A,D,B,C,C,D,D,C,C,A,C,A,D,A,D,B,B,A,B,B,A,C,A,A,D,D,B,C,A,D,D,A,B,D,B,A,D,B,B,D,B,B,B,A,C,C,A,C,D,D,D,C,B,D,D,C,B
19404464-K,,D,D,A,B,D,B,C,C,A,A,C,C,B,B,D,A,A,A,B,D,C,D,B,C,D,C,C,B,C,C,B,C,C,A,C,D,A,C,D,A,D,D,D,C,D,C,C,B,A,A,A,B,C,C,C,B,B,A,B
17346669-2,B,C,A,A,B,C,D,B,A,C,C,B,C,A,A,D,A,C,B,B,C,D,D,C,C,A,B,A,A,D,C,A,B,D,A,D,D,C,A,C,B,A,D,B,D,B,C,C,B,D,D,A,C,D,C,C,D,D,D,B
19293037-5,B,C,B,A,D,C,D,A,C,A,C,C,B,C,B,C,B,C,D,D,C,D,D,B,C,C,D,B,A,B,D,B,C,D,A,C,D,A,C,C,B,C,D,B,C,D,C,C,B,C,C,A,D,D,C,C,D,C,C,B
19414319-2,B,C,C,A,B,D,B,D,C,A,B,C,B,D,A,D,A,C,D,D,C,C,D,C,C,B,D,B,A,B,C,B,B,C,A,D,D,A,C,D,B,A,D,B,C,D,A,A,A,B,D,C,D,D,B,C,A,C,C,C
19681078-1,B,C,A,C,B,A,A,D,C,A,B,B,C,B,A,D,A,B,C,C,C,C,D,D,C,C,A,D,A,B,B,B,B,D,A,C,A,A,A,D,A,D,D,C,A,B,C,C,A,D,B,C,B,D,C,C,A,C,A,A
19575164-1,A,C,A,C,D,C,B,C,A,A,C,C,C,B,B,B,B,D,A,B,C,D,A,B,C,D,D,B,D,B,C,C,B,D,A,C,D,A,A,C,D,D,D,D,D,D,B,A,A,B,B,A,B,B,C,C,C,B,C,B
19021266-1,B,C,C,A,B,C,B,C,A,B,B,C,B,A,A,B,B,D,A,D,B,C,D,B,C,C,D,C,A,A,B,B,B,C,C,C,D,A,C,D,A,A,D,B,C,D,B,A,B,A,C,B,D,D,B,C,D,D,B,D
18677585-6,C,C,C,A,D,D,B,C,C,A,A,C,C,C,B,D,A,A,A,D,C,C,D,B,C,D,D,B,A,B,C,C,B,A,A,C,D,C,B,C,A,A,D,B,A,D,C,A,B,A,C,C,D,D,A,C,B,C,C,B
19380530-2,C,C,A,A,B,D,D,C,C,D,B,C,B,B,D,B,A,C,A,D,C,C,D,C,C,D,D,D,D,A,C,A,B,C,A,A,D,A,C,B,A,B,D,B,B,D,A,C,B,D,C,C,A,D,C,B,D,B,D,C
19359004-7,B,C,B,A,B,D,D,B,A,A,C,C,C,D,B,B,A,C,C,B,C,B,A,B,C,C,D,C,A,B,C,B,C,D,A,D,D,A,D,D,A,A,D,B,C,D,B,A,B,C,D,C,D,D,C,A,D,C,C,C
18822208-0,B,C,C,B,B,D,B,C,A,A,C,C,B,A,B,D,A,C,A,D,C,C,D,B,C,A,D,B,A,B,C,B,B,B,A,C,D,A,B,D,A,A,D,B,B,D,C,A,B,C,A,C,D,D,A,C,D,D,D,C
18681172-0,B,C,C,A,B,D,B,B,C,D,C,C,B,C,A,B,A,C,A,D,C,C,D,B,C,C,D,B,D,B,C,C,B,B,A,A,D,A,B,D,A,A,D,B,C,D,C,A,B,D,D,C,D,C,C,C,D,A,C,C
18926127-6,B,C,B,A,B,C,D,B,D,A,C,B,B,A,B,D,B,C,B,D,C,C,D,B,B,C,D,C,D,A,C,B,B,D,C,C,A,C,C,C,A,A,B,B,C,D,B,B,B,B,C,C,A,D,A,D,D,B,B,B
19610395-3,C,A,B,A,D,D,A,D,A,A,C,C,C,C,B,D,B,C,C,D,D,C,B,D,C,C,D,B,A,B,D,C,B,C,C,C,C,A,C,D,B,A,B,D,B,D,C,A,B,A,B,C,D,D,A,C,D,C,C,B
19550558-6,A,C,C,A,B,D,B,C,C,A,C,C,D,D,B,D,A,C,C,D,D,C,D,A,C,D,D,C,A,B,C,C,B,C,A,A,D,A,C,A,B,A,D,C,B,D,A,A,B,A,C,D,D,D,C,C,D,C,C,C
19448921-8,A,C,B,A,C,C,A,B,A,A,D,A,C,D,B,C,C,D,D,D,B,C,B,C,D,C,C,D,D,D,C,B,B,D,D,A,D,C,C,B,D,A,B,B,B,D,B,C,B,D,B,C,D,C,B,B,D,D,A,B
18424161-7,B,C,B,D,B,C,A,D,C,A,B,C,B,D,C,B,A,A,C,D,C,C,D,B,C,D,D,C,D,A,C,B,B,C,A,B,D,A,C,A,A,A,C,B,B,D,C,A,C,C,B,C,D,D,A,C,A,B,B,C
19558125-8,A,C,D,A,D,C,C,D,C,D,C,C,C,D,B,A,B,C,A,C,A,C,D,D,C,C,D,B,D,A,C,B,B,D,A,A,C,C,C,C,A,D,A,D,B,D,A,A,B,A,B,A,D,D,C,C,D,B,A,C
19362210-0,B,C,C,D,B,D,B,C,A,A,C,C,C,B,B,D,A,A,A,C,C,C,D,C,C,A,D,B,A,B,C,B,B,C,A,B,C,B,B,C,A,D,D,B,C,D,C,C,B,D,C,C,B,D,B,C,D,B,B,B
19773280-6,A,C,B,C,C,C,D,A,C,A,C,A,B,C,A,B,A,B,A,B,C,C,D,B,C,C,A,B,A,B,C,A,B,C,A,D,D,C,B,B,A,A,D,B,C,D,C,B,B,A,B,C,D,D,B,B,D,D,C,B
17700501-0,C,C,B,D,B,C,C,C,A,B,B,C,B,C,D,D,A,A,A,C,B,B,D,B,C,D,D,C,B,B,C,B,B,D,A,D,D,C,A,A,A,A,B,A,C,D,A,D,B,D,D,B,A,D,C,C,D,A,C,B
18510192-4,B,C,A,A,B,D,B,D,A,C,C,C,A,D,A,D,A,C,D,D,C,C,D,B,C,D,D,B,D,A,C,B,B,C,A,D,D,C,C,C,A,A,C,B,C,D,B,A,B,C,D,C,D,D,C,B,D,B,C,C
19766737-0,B,C,C,B,B,C,B,C,C,D,C,C,C,D,B,D,B,C,A,D,B,C,A,B,C,C,B,B,A,B,C,B,B,D,B,C,D,C,C,B,A,A,D,D,C,B,C,A,A,B,D,B,C,D,B,B,A,B,A,C
19154488-9,A,C,A,C,B,D,A,C,A,B,C,A,D,B,C,D,A,C,A,C,C,D,A,B,C,D,D,A,B,B,B,B,B,C,D,A,A,C,D,D,B,D,D,B,C,D,C,C,C,D,A,C,D,D,D,B,D,C,C,B
19463129-4,C,C,C,A,B,D,B,B,A,A,C,A,B,C,A,D,A,C,D,D,B,A,A,C,C,C,D,C,A,B,B,C,B,C,A,A,C,C,D,D,B,A,C,D,C,D,C,B,B,A,A,C,A,D,A,B,D,C,B,C
18228244-8,A,C,C,C,B,C,C,B,D,A,B,C,A,D,B,B,A,C,A,D,B,C,D,B,D,C,A,B,A,D,C,B,B,D,B,C,D,D,C,B,A,C,D,D,A,B,B,C,B,A,B,A,C,D,C,C,D,C,B,C
19113723-K,B,C,B,A,B,C,D,C,C,B,C,C,C,A,B,D,B,A,A,D,C,D,D,B,C,C,D,B,A,A,C,B,C,D,D,C,D,A,C,C,D,A,D,D,C,B,C,C,B,D,D,C,A,B,A,C,A,B,C,B
18531326-3,A,C,B,A,D,C,C,B,C,A,A,C,C,D,C,D,D,A,D,B,B,C,D,B,C,D,C,B,D,B,C,A,C,C,A,C,D,A,B,C,A,A,C,B,C,D,B,B,B,C,B,D,A,D,C,B,D,B,D,D
18978671-9,B,C,D,A,B,C,B,B,C,A,C,C,C,B,A,B,A,B,B,D,A,C,B,C,C,C,A,B,B,B,D,C,C,B,A,C,D,B,A,C,A,A,C,D,B,B,C,A,B,A,B,C,D,D,C,C,D,C,C,C
19577151-0,B,C,D,C,B,C,D,C,D,A,D,C,C,D,B,B,B,D,A,C,A,D,D,B,C,C,A,B,B,A,C,C,B,D,D,A,C,D,B,B,B,B,D,D,A,D,C,C,D,A,B,D,A,C,C,B,A,D,B,A
18108624-6,B,C,A,A,B,C,D,D,C,D,B,C,D,D,B,D,A,C,D,B,A,D,D,B,C,A,D,B,B,D,B,B,B,D,D,A,D,A,C,A,B,A,D,D,B,B,A,C,B,C,D,D,B,D,A,,D,A,A,D
19106932-3,A,C,B,A,B,C,C,D,A,C,C,C,C,D,B,B,A,C,A,B,D,D,A,B,D,C,D,D,B,A,C,D,B,D,A,B,D,B,B,D,A,A,D,D,C,D,B,B,B,A,C,A,B,D,A,C,A,B,A,B
18959498-4,D,C,B,A,D,C,B,C,C,A,C,C,B,C,B,D,B,D,A,D,C,C,D,B,C,C,D,B,A,B,C,C,B,B,A,D,D,A,B,D,A,A,D,B,B,D,B,C,B,B,B,C,C,D,C,C,D,B,A,A
19299778-K,D,C,A,A,B,D,B,B,C,A,B,B,C,C,C,B,C,A,A,A,B,C,D,B,C,A,D,B,A,D,D,A,C,D,D,D,D,B,C,C,B,D,B,D,D,D,C,B,D,C,C,A,D,D,C,C,D,B,B,B
19091817-3,B,C,C,A,B,C,B,B,A,A,C,C,B,A,B,B,A,A,A,A,C,C,D,B,B,C,D,B,A,B,C,B,B,B,A,C,C,A,C,A,A,A,C,B,B,D,C,A,B,D,B,C,D,D,A,C,B,B,C,C
17805887-8,C,C,D,A,B,C,A,D,A,D,C,C,C,D,B,D,D,B,C,B,D,C,D,B,C,A,D,A,A,B,D,A,B,D,C,B,D,B,C,B,B,D,D,B,C,B,C,A,B,C,D,C,B,C,A,A,D,D,C,A
18635564-4,B,C,C,A,B,D,B,B,D,A,C,A,C,C,B,D,A,C,A,D,C,C,D,B,C,C,D,C,D,B,C,B,B,C,A,C,D,A,C,C,A,A,D,D,B,D,C,A,B,D,B,C,D,D,B,C,D,B,D,B
18487915-8,B,C,A,D,D,C,C,B,C,A,C,C,B,D,B,B,A,A,A,D,C,C,D,B,C,A,A,B,A,B,C,B,B,D,A,D,D,C,C,C,C,D,C,D,D,D,A,D,B,C,B,C,D,D,B,B,D,D,B,A
19308191-6,B,C,C,A,B,A,A,B,A,A,C,C,B,C,B,D,B,C,A,D,A,C,D,B,C,C,C,C,A,B,C,B,B,D,A,A,D,C,B,D,A,A,D,B,B,D,A,A,B,A,D,C,D,D,A,C,D,B,B,C
17850100-3,A,C,C,A,B,D,B,C,C,C,C,C,C,A,B,B,A,C,A,D,C,C,D,B,B,A,B,B,D,B,C,B,C,A,A,C,D,A,C,A,A,D,B,D,B,B,B,A,B,A,B,C,D,C,A,B,B,B,D,B
18423493-9,B,C,B,A,B,D,B,C,A,C,C,C,C,C,C,B,B,A,A,C,B,C,D,D,C,D,D,B,A,B,C,A,B,C,A,A,D,A,C,A,A,D,C,B,A,D,A,A,B,D,D,C,D,D,C,C,D,C,C,C
16781649-5,B,C,C,A,B,D,B,C,C,A,C,C,C,A,B,D,A,C,A,D,C,C,A,B,C,C,B,B,D,B,C,A,B,C,D,D,D,A,B,D,A,A,C,C,C,B,C,A,B,C,D,B,D,C,A,C,D,C,D,C
18732300-2,C,D,B,A,B,C,D,C,A,C,C,C,B,B,B,C,A,A,A,C,B,B,D,B,C,D,D,A,B,B,C,A,B,D,A,D,D,C,A,C,A,C,B,A,C,D,A,D,B,A,D,B,A,D,C,C,D,C,C,B
19241125-4,C,D,A,A,B,D,A,D,C,D,C,C,C,D,B,B,D,C,B,D,B,D,D,B,B,C,C,D,A,B,C,B,B,B,A,A,D,C,C,C,D,C,D,C,D,D,B,A,B,A,B,D,D,D,B,C,D,D,C,C
16513208-4,,C,B,D,B,D,B,A,A,,C,C,,C,A,,,B,,D,C,,D,,C,A,D,B,D,B,C,B,B,B,A,C,D,A,C,,A,B,D,,B,,A,,,,D,,D,D,,,A,B,D,B
18032636-7,D,C,C,A,D,C,B,D,C,A,C,C,B,C,B,B,D,B,A,B,B,C,A,B,C,C,D,C,B,B,C,B,B,D,C,A,D,A,D,D,C,D,D,D,C,D,C,A,B,D,D,C,D,D,B,C,D,B,B,D
18985873-6,A,C,A,D,B,C,B,D,D,C,C,C,A,A,B,D,A,C,C,C,C,C,A,B,C,C,B,B,A,A,C,A,B,D,A,A,D,A,C,D,C,A,D,B,C,B,B,C,A,A,D,D,C,D,A,C,D,D,B,D
19164989-3,D,C,C,A,B,D,B,B,C,A,B,C,A,D,A,C,A,C,A,C,C,C,D,B,C,C,D,B,A,B,B,B,B,B,A,B,D,A,A,B,A,A,C,B,D,B,C,A,B,B,D,C,B,C,B,C,D,C,C,C
19833606-8,B,C,C,A,B,C,B,D,A,C,C,A,C,A,B,D,A,A,C,D,C,C,A,B,B,D,D,B,B,B,C,C,C,C,C,A,D,A,C,D,D,A,B,B,C,D,C,B,B,D,B,C,D,D,A,C,D,D,D,A
15649789-4,B,C,C,A,B,C,B,C,C,A,B,C,A,C,B,B,A,A,A,D,C,C,D,B,C,C,D,B,D,B,D,B,B,C,A,C,D,A,C,B,C,C,C,B,B,B,C,A,B,D,D,D,D,D,C,C,B,B,B,C
18971858-6,A,C,D,A,B,C,B,D,A,A,C,A,B,C,B,B,B,C,A,B,C,C,D,B,C,C,C,D,A,B,B,B,B,D,C,C,D,D,C,D,A,B,C,D,C,D,C,A,B,C,C,C,D,D,A,C,D,D,A,C
17941477-5,A,C,C,C,B,C,D,B,A,D,C,B,B,B,B,B,A,A,D,D,A,B,D,B,C,A,D,B,A,D,C,B,B,D,A,A,D,C,D,D,B,D,B,B,C,D,A,B,B,A,B,B,C,D,B,C,D,A,B,C
18451309-9,B,C,B,A,B,D,B,B,C,A,C,C,B,D,B,D,B,C,A,C,C,C,A,B,C,C,D,B,A,B,C,B,B,C,A,C,D,A,C,D,A,A,C,B,D,D,C,A,B,A,C,C,D,D,B,C,D,B,C,B
19186926-5,B,C,C,A,B,D,B,D,A,D,B,C,B,C,B,D,D,C,D,C,C,C,D,C,C,D,D,B,B,D,D,C,D,C,A,A,B,A,C,D,C,A,D,B,B,B,B,D,C,A,D,A,D,A,A,C,B,A,C,A
17308244-4,B,D,D,A,C,C,A,C,C,C,B,C,B,D,A,D,A,A,A,C,A,C,D,B,C,C,C,B,C,B,D,B,B,B,D,A,C,A,B,B,A,A,D,D,D,B,C,A,B,D,C,C,D,C,C,C,D,B,D,D
16421210-6,A,C,A,A,D,D,B,B,A,A,C,B,C,D,B,D,A,C,D,B,C,C,D,D,C,C,C,C,B,B,C,B,B,D,A,C,D,C,C,D,A,D,D,B,C,D,C,A,B,D,C,A,B,D,C,B,A,C,B,C
17155058-0,B,C,C,A,B,C,C,D,A,B,C,C,C,C,B,D,A,A,B,B,B,C,B,A,A,C,B,D,B,A,C,B,B,D,A,A,D,A,C,D,D,A,D,D,B,C,C,B,D,A,C,B,D,A,D,C,A,D,A,B
13684620-5,D,C,D,A,D,D,B,C,C,A,C,C,B,A,B,D,A,A,A,B,B,C,D,B,C,D,D,D,A,C,C,B,B,C,C,D,D,A,A,B,A,D,D,B,C,D,C,C,D,D,D,C,D,C,D,D,D,B,B,B
19387812-1,A,C,B,A,B,D,B,B,C,A,C,C,D,C,B,B,A,A,B,D,C,B,D,D,C,C,D,D,D,B,C,B,B,B,A,D,D,D,D,C,B,C,B,D,C,D,A,D,B,A,B,A,D,D,A,B,D,C,C,A
19020148-1,B,C,A,A,D,A,D,C,C,A,C,A,B,C,B,D,D,B,B,B,A,C,D,D,C,C,B,A,A,A,C,B,B,D,A,D,D,C,D,D,B,A,D,B,C,D,C,A,A,C,B,A,A,D,C,A,D,D,C,C
19571866-0,B,C,A,A,B,D,B,D,C,D,B,A,C,C,B,D,A,C,A,D,B,C,D,B,C,A,D,C,B,B,C,B,C,C,A,C,D,A,C,D,A,A,C,B,B,D,A,A,A,A,B,C,C,D,A,C,D,C,B,D
17301351-5,B,C,D,A,B,C,D,B,A,D,C,D,C,A,C,B,C,A,A,C,C,B,B,B,C,A,D,A,D,B,D,B,D,C,C,B,D,C,D,D,A,B,A,B,B,B,C,D,B,A,C,D,C,C,D,B,D,C,C,B
18650714-2,B,C,C,A,B,D,B,C,A,A,C,C,C,A,B,B,B,A,A,C,C,C,D,B,C,A,C,A,B,A,C,B,B,D,C,C,D,A,D,A,D,D,D,C,A,D,B,B,D,A,B,A,B,D,A,D,D,D,C,C
19193699-K,B,C,C,A,B,D,B,B,C,D,C,C,B,C,B,D,B,C,D,A,C,C,D,B,C,A,,B,A,B,C,C,B,C,A,D,D,C,C,D,D,A,C,C,B,D,C,A,B,D,C,C,B,D,B,C,D,D,,C
17860133-4,B,C,B,A,B,A,C,B,C,A,B,C,C,C,C,B,A,B,A,B,C,C,D,B,C,D,D,B,D,A,C,A,B,A,A,B,D,C,B,C,A,A,D,B,D,D,D,A,A,D,A,C,D,D,A,C,A,B,C,B
18666911-8,C,C,C,A,B,D,C,D,A,A,C,B,A,C,A,D,D,C,A,D,C,C,D,B,B,C,B,A,A,B,C,B,B,C,A,A,A,A,B,D,B,A,C,B,A,D,C,A,B,B,B,A,D,D,A,B,D,B,D,B
18148301-6,B,C,B,A,D,C,C,D,C,D,B,C,C,D,B,D,A,C,A,D,C,C,D,B,C,A,D,D,B,B,C,B,B,C,A,A,D,A,A,D,A,A,D,B,,B,B,,,D,B,C,D,,C,C,D,B,,C
18942011-0,A,C,C,A,B,C,C,C,A,A,C,C,B,D,B,B,B,C,B,B,C,C,D,B,C,C,D,B,A,B,C,B,B,B,A,C,D,A,C,B,A,A,C,B,B,D,C,A,B,A,D,C,D,D,A,B,D,B,C,C
18986413-2,A,C,D,A,B,C,B,D,A,C,C,B,,A,B,B,B,A,A,B,C,,D,B,C,A,B,,A,C,B,B,B,D,A,A,C,C,D,C,A,C,D,D,B,B,C,B,D,D,B,C,A,B,C,B,A,C,D,C
18593414-4,B,C,A,A,B,D,B,D,C,A,B,A,A,D,B,B,A,B,B,B,C,C,D,B,C,C,D,C,A,A,C,B,A,C,A,A,D,A,C,D,A,A,C,D,D,D,C,A,B,D,C,C,D,D,A,B,B,B,C,B
18164305-6,B,C,C,D,B,C,D,D,A,A,B,A,C,C,B,B,A,D,A,B,B,B,A,A,D,C,B,D,A,A,C,B,A,B,A,A,D,A,A,A,B,D,C,B,C,B,C,C,C,A,C,D,D,D,B,B,D,D,A,C
19691870-1,A,C,C,A,B,C,C,B,C,D,C,C,C,A,A,B,A,D,C,D,C,C,D,B,C,A,A,D,A,B,B,B,B,D,D,A,D,C,C,C,A,A,D,D,B,D,B,B,A,D,B,A,D,D,A,B,D,D,C,B
19668293-7,B,C,B,A,B,D,B,A,B,A,C,C,C,C,B,D,A,C,D,D,C,A,D,D,C,C,D,D,B,C,C,B,C,C,A,C,C,A,C,D,A,A,D,D,C,B,B,C,B,A,C,B,D,D,C,C,D,C,D,C
19446027-9,A,C,C,A,B,C,B,D,C,C,C,C,B,D,B,D,A,C,A,B,B,C,D,C,C,B,C,A,A,A,C,B,B,B,A,D,C,A,D,A,A,C,D,A,C,D,A,C,A,A,C,C,D,D,A,D,D,B,A,C
19608157-7,B,C,C,A,B,C,B,C,C,A,C,C,B,C,B,D,A,C,C,B,C,C,D,A,C,C,D,B,A,B,C,D,B,B,C,C,D,A,B,D,A,A,D,C,C,D,C,A,B,A,C,C,A,D,A,C,D,B,C,B
15716318-3,B,C,C,A,B,C,B,B,A,A,C,C,B,B,B,B,B,C,B,D,C,C,D,B,C,C,D,D,A,A,C,A,B,D,C,C,D,C,C,D,A,C,D,D,B,D,C,B,B,A,B,C,D,D,C,A,B,B,A,C
19533853-1,B,C,C,A,B,D,D,C,A,C,C,C,A,B,B,D,B,A,B,D,C,D,D,B,C,C,D,B,A,A,C,A,C,C,A,C,D,A,D,D,A,A,D,B,B,B,B,C,B,D,B,C,D,D,C,C,D,B,B,C
18737451-0,B,C,A,A,B,C,B,B,C,A,C,C,C,C,C,B,A,C,A,D,C,C,D,B,B,C,D,B,B,B,C,B,C,C,A,A,D,A,A,D,A,A,D,B,B,D,C,A,B,B,C,B,D,D,A,C,D,D,C,C
14720888-K,D,C,A,B,B,C,B,C,C,C,C,B,D,D,C,B,A,A,C,C,B,D,D,B,C,C,C,B,B,A,C,A,B,C,D,A,D,A,A,D,A,C,D,C,B,D,C,B,B,B,B,A,D,D,A,C,A,D,C,B
19488037-5,D,C,C,A,B,D,C,B,C,A,C,C,B,D,B,B,A,C,D,D,C,C,D,B,C,C,D,B,A,B,C,B,B,C,A,C,D,C,C,D,A,A,D,B,B,D,B,C,B,A,B,A,D,D,D,C,D,B,D,B
18407704-3,C,C,C,A,B,D,A,C,A,A,C,A,B,D,B,B,A,C,A,D,B,A,D,B,C,C,C,B,B,C,C,C,A,C,A,A,A,A,D,C,C,A,D,D,A,D,B,B,C,D,B,D,A,D,A,D,B,B,D,C
18625042-7,B,A,B,D,B,C,D,B,C,A,C,C,B,B,A,B,A,B,A,C,B,C,B,B,B,A,B,B,B,D,C,B,C,C,A,C,A,A,C,D,A,A,D,B,C,B,C,A,B,A,C,C,D,D,A,B,D,B,B,B
18402961-8,C,A,C,A,B,A,D,D,C,A,C,C,B,D,B,D,A,C,A,D,B,C,D,B,C,A,A,B,A,A,C,B,B,C,A,D,D,A,C,B,A,A,C,B,A,D,A,D,C,B,A,B,A,D,B,C,D,B,C,D
16365546-2,D,C,D,A,B,D,B,D,C,D,C,A,B,C,B,D,A,B,A,C,C,C,D,B,C,A,C,B,A,B,C,B,B,D,C,D,D,D,A,B,A,A,C,C,B,D,B,A,B,D,C,C,D,D,A,A,A,B,D,C
19574606-0,C,C,B,C,B,D,B,B,A,A,C,C,B,C,A,B,B,D,B,D,C,C,D,A,C,C,D,D,A,A,B,B,B,D,A,C,D,C,B,A,A,A,D,C,B,D,C,D,B,D,B,D,D,D,C,C,D,B,D,A
19786208-4,B,C,D,B,D,C,A,B,C,A,C,C,C,C,B,B,A,A,A,A,A,C,D,C,C,C,C,C,A,A,C,B,B,C,A,C,D,A,D,A,A,A,D,B,C,D,C,C,B,A,D,C,D,A,A,C,D,A,D,C
15178038-5,A,A,D,A,B,A,D,D,C,C,C,C,C,B,B,B,B,A,C,C,C,D,D,C,C,C,D,B,A,B,D,B,B,B,A,A,D,A,A,C,B,A,D,B,C,D,A,A,B,C,C,C,D,C,C,C,D,C,C,C
18493715-8,D,C,A,A,B,C,D,D,C,A,C,C,C,B,B,B,C,D,B,B,D,B,D,B,C,A,C,B,A,D,C,B,B,D,A,D,D,C,A,C,D,A,C,D,C,D,C,D,B,A,B,C,D,A,D,C,D,B,C,B
18978520-8,B,C,B,D,B,C,D,C,A,C,C,C,C,D,B,C,A,A,D,D,C,C,D,B,D,D,D,D,A,B,D,B,B,C,D,D,D,C,C,C,D,D,B,D,A,D,A,C,B,A,D,A,D,A,C,C,A,B,B,B
18280780-K,B,C,D,A,B,D,B,B,D,C,C,C,B,C,B,D,A,C,A,D,C,C,D,B,C,C,D,C,A,B,C,C,B,D,A,C,D,A,C,D,A,A,C,B,B,D,C,A,B,D,B,A,D,D,A,C,D,D,C,C
19507117-9,C,C,C,A,B,C,B,C,C,C,C,C,B,D,B,D,A,C,A,D,B,C,D,B,C,C,D,D,A,B,C,B,B,C,A,A,D,C,B,D,B,A,C,B,B,B,A,C,B,D,B,C,D,D,B,C,A,A,D,B
18088462-9,B,C,C,A,B,D,B,D,C,A,C,C,B,D,D,B,B,B,D,D,C,C,D,B,C,C,D,C,A,B,C,B,B,C,D,A,D,A,A,D,A,A,D,B,B,D,C,A,B,D,C,C,D,D,A,C,D,B,C,C
19112173-2,B,C,C,A,B,D,B,B,C,A,C,C,B,A,B,D,A,B,A,D,C,C,D,B,C,B,C,B,A,B,C,B,B,B,C,C,D,A,A,C,A,A,D,B,D,D,C,A,B,D,C,C,D,D,A,D,B,B,B,B
17992136-7,B,C,C,A,B,D,B,B,C,A,D,C,B,C,D,B,A,C,B,D,C,D,D,B,C,C,C,C,A,B,C,C,B,C,A,C,D,A,C,D,A,A,C,D,C,D,B,A,A,D,C,A,D,C,C,C,D,A,C,C
18584236-3,B,C,B,A,B,D,B,C,C,D,C,D,D,D,B,B,B,D,C,D,C,C,D,B,C,B,D,C,A,B,C,C,B,C,A,C,D,C,B,D,D,A,D,B,D,D,A,A,B,D,B,A,A,D,A,C,D,B,B,B
18306224-7,B,C,C,A,B,D,B,C,C,A,C,C,B,C,B,D,A,A,A,C,C,C,D,B,C,C,D,B,A,B,C,C,B,C,A,C,D,A,C,D,A,A,D,B,B,D,C,A,B,D,C,C,D,D,A,B,D,B,D,C
19365927-6,B,C,C,A,B,C,A,C,C,C,C,C,B,B,B,D,B,A,A,D,C,C,D,B,C,C,D,B,A,B,C,B,B,C,A,B,D,A,C,B,A,A,C,B,C,D,A,A,B,A,C,C,D,D,A,C,A,B,C,B
17296010-3,B,C,C,A,B,D,B,D,C,A,C,C,C,D,B,D,A,A,B,C,C,,D,B,C,C,B,D,,,C,B,B,D,A,C,C,A,,C,A,A,D,D,,B,C,,B,,,,D,D,C,D,D,,,B
19415343-0,B,C,B,D,B,C,D,B,C,A,C,C,B,D,B,D,A,C,A,B,C,C,D,B,C,D,D,B,A,B,C,B,B,B,C,A,D,A,C,D,A,A,C,D,B,D,C,A,B,B,D,C,B,D,A,C,D,B,D,C
19411522-9,C,D,D,D,B,D,B,D,A,C,C,C,A,D,B,B,A,C,D,D,A,C,D,C,C,C,A,C,A,A,D,B,C,C,D,C,D,A,C,D,C,C,A,D,C,B,A,C,B,A,B,A,D,D,C,C,C,D,A,C
18937277-9,B,C,B,A,B,C,B,B,A,A,C,C,B,C,B,B,D,A,A,B,C,C,D,B,C,C,D,B,A,B,C,B,B,D,A,C,D,A,C,A,A,A,C,B,C,D,C,A,B,A,D,B,B,A,C,C,D,B,C,C
19389206-K,B,C,C,A,B,C,B,B,A,C,C,C,B,C,B,D,A,C,A,D,C,C,D,B,C,C,D,B,A,B,C,B,B,C,A,A,D,A,C,D,A,A,D,B,D,D,A,A,B,D,C,C,D,D,A,C,D,B,D,B
18964519-8,D,C,A,A,D,A,A,D,A,B,C,C,C,B,D,D,D,D,A,B,C,C,D,B,C,A,B,A,A,B,C,A,B,A,C,D,A,A,A,C,D,A,B,D,C,B,A,A,C,A,D,A,B,D,D,B,D,B,D,D
18498150-5,B,C,C,A,D,D,A,C,C,B,C,A,B,D,B,B,B,A,B,D,C,C,D,C,C,C,D,B,A,B,C,B,B,D,D,C,C,A,B,D,A,B,D,D,C,D,C,A,B,A,C,A,D,D,C,C,D,C,B,B
19530883-7,B,C,C,A,B,D,B,C,C,A,C,C,B,C,B,D,A,A,B,A,C,C,D,B,A,B,D,C,A,B,C,B,C,D,B,C,D,A,C,D,A,A,B,B,B,D,A,A,B,C,D,C,D,D,C,C,D,C,C,C
19711315-4,B,C,C,A,D,B,C,C,C,A,C,C,D,C,B,D,A,C,B,D,C,C,A,B,D,C,D,D,A,B,C,B,B,B,D,C,A,A,B,D,B,A,C,B,C,D,C,A,B,D,C,C,D,D,A,B,A,B,A,A
18349746-4,,D,C,A,B,C,B,C,A,A,C,C,C,B,B,D,B,,A,D,C,C,D,B,C,C,D,C,D,B,C,A,C,C,A,B,D,A,C,D,A,A,C,B,C,B,C,A,,D,A,C,,D,C,C,D,D,C,B
18262673-2,B,C,B,A,B,C,C,C,A,C,C,C,C,C,A,B,A,A,B,D,C,D,D,B,D,C,C,D,A,A,D,B,B,C,C,C,C,C,B,D,A,A,B,B,B,B,A,B,A,B,B,A,D,D,B,C,D,D,C,B
19465362-K,A,C,B,A,D,C,C,B,A,C,B,D,C,B,B,D,A,A,A,C,C,C,C,B,C,A,B,B,A,B,B,B,B,C,A,A,C,C,C,A,D,C,B,D,A,C,B,D,B,D,D,B,A,D,A,B,A,D,C,C
19339985-1,D,C,C,D,B,C,A,B,A,D,C,C,D,B,B,D,A,A,B,C,C,C,B,B,D,B,D,D,B,B,C,A,D,D,C,C,C,A,C,D,A,C,D,B,C,D,B,A,A,D,B,C,C,D,B,A,D,B,B,C
19407038-1,C,C,D,A,D,D,A,B,C,A,C,C,D,C,B,D,A,A,A,D,A,C,D,B,B,C,D,B,D,B,C,C,B,C,A,C,D,A,C,C,A,A,C,B,C,D,A,A,B,A,A,C,D,D,A,C,D,B,D,C
19243427-0,B,C,C,A,B,C,D,D,D,A,C,C,B,C,B,B,A,C,B,D,C,C,D,B,B,A,D,B,A,A,D,B,D,D,A,C,D,A,C,B,A,A,D,B,C,D,B,A,B,A,D,C,D,D,A,A,D,C,B,C
18435891-3,B,C,A,A,B,D,B,B,A,A,C,C,B,B,A,D,A,B,A,D,A,C,D,B,C,A,C,B,A,A,B,B,B,C,A,C,D,A,A,D,A,D,C,B,B,D,B,A,B,A,A,C,B,D,A,C,D,D,B,C
15342808-5,A,C,B,A,B,D,B,B,C,C,B,A,A,C,B,B,B,C,B,D,D,C,A,B,C,D,D,D,D,B,C,B,B,C,C,C,D,C,C,C,A,A,D,C,C,D,B,C,B,D,D,D,D,D,B,B,D,B,B,D
19783904-K,C,C,A,B,D,C,C,D,A,A,D,B,C,C,A,D,A,A,B,D,C,C,D,A,C,C,C,B,A,B,C,B,A,C,A,C,A,A,A,D,B,B,D,B,B,D,C,A,B,A,B,A,C,D,C,C,C,A,D,D
7730875-K,B,C,B,A,B,C,D,C,A,A,C,C,C,A,C,D,A,A,B,B,D,C,A,B,B,C,D,B,D,A,A,C,B,D,D,B,C,A,C,D,A,A,D,B,C,D,C,A,B,C,B,B,B,D,C,C,B,B,D,B
19345612-K,B,C,B,A,B,D,B,B,C,A,C,C,D,C,A,D,A,C,B,D,C,C,D,D,C,A,C,B,D,B,C,B,B,B,A,A,D,A,C,D,C,A,D,D,B,D,A,C,B,A,C,C,B,D,A,C,D,B,D,B
19091807-6,,C,C,D,D,D,A,C,C,,B,A,C,C,A,D,B,A,B,D,D,A,D,B,C,C,D,A,C,D,C,A,C,B,A,C,D,A,C,,D,A,C,B,B,B,C,B,,D,A,A,B,A,D,C,D,D,B,C
18816573-7,B,C,B,B,A,C,B,D,C,C,C,D,C,D,B,A,C,C,A,B,B,D,D,C,C,C,B,B,A,A,C,A,B,A,A,D,D,B,D,C,B,D,C,B,C,D,C,C,D,B,A,C,C,A,C,C,D,B,A,C
16288429-8,B,C,A,A,D,A,C,C,A,A,C,C,A,A,B,B,A,C,A,D,A,B,D,B,C,C,D,B,B,D,C,A,B,D,A,C,D,A,C,D,B,D,D,D,B,D,B,C,B,B,D,C,D,D,C,C,D,D,C,C
19558084-7,B,C,B,C,D,C,A,D,B,C,C,B,C,C,B,D,D,A,A,C,D,B,D,A,D,C,D,C,B,B,D,D,B,B,C,C,A,B,B,D,A,D,D,C,C,B,C,C,D,A,B,C,C,C,A,C,B,D,B,D
18348755-8,A,C,C,A,B,C,C,C,C,A,C,C,C,D,B,B,B,D,D,B,D,A,C,B,C,A,D,C,A,B,C,B,A,A,A,C,D,B,C,D,B,A,D,B,C,D,C,A,B,D,B,C,D,D,A,C,D,B,D,C
19389661-8,B,A,A,A,C,C,C,B,A,B,B,B,A,B,A,C,B,D,D,B,D,C,C,B,C,A,D,C,A,D,C,B,B,B,A,C,D,A,D,D,A,A,C,B,B,D,A,A,B,B,C,B,A,D,B,B,D,A,C,B
18768164-2,C,C,C,A,B,D,B,C,A,A,C,C,B,B,B,D,B,C,B,D,C,C,D,B,C,C,A,B,A,B,C,A,B,B,A,C,D,A,C,A,B,A,A,D,D,B,C,C,D,D,C,C,D,D,A,D,D,D,D,C
18342250-2,B,C,C,A,B,C,B,D,A,C,C,C,B,C,D,D,A,C,C,D,A,C,D,B,C,C,D,B,B,D,B,B,B,D,B,C,D,A,D,B,C,A,D,B,B,D,A,A,B,B,D,A,A,A,D,C,B,B,C,B
19396992-5,A,A,C,A,D,C,C,B,A,D,B,C,B,D,A,B,A,C,D,B,B,D,D,A,C,C,B,B,B,D,C,B,B,D,A,A,D,A,A,C,A,D,D,A,A,B,A,A,C,B,A,A,D,C,C,A,D,D,C,B
16376569-1,B,C,C,A,B,D,A,B,C,A,D,C,B,B,B,D,B,B,B,D,C,C,D,B,C,C,C,B,D,B,C,B,B,C,C,C,A,A,D,C,B,D,D,C,B,D,C,C,B,D,A,C,D,D,C,A,D,B,C,C
19742130-4,A,C,A,D,B,C,C,B,A,B,C,C,B,D,B,B,A,D,A,B,C,C,A,A,C,B,A,B,A,D,D,A,B,B,A,A,D,A,C,D,D,D,D,B,C,B,B,A,B,D,D,A,B,D,C,B,D,A,A,D
18812016-4,B,C,C,D,B,C,B,D,A,A,C,B,C,D,A,B,A,A,B,A,C,C,D,B,C,B,D,B,B,C,C,A,A,C,A,B,D,A,B,D,A,A,C,B,B,B,C,A,D,B,C,C,A,D,C,B,D,A,B,B
17494882-8,D,C,C,A,B,C,C,A,C,A,C,C,B,D,B,B,B,C,B,B,B,C,D,B,C,C,D,B,A,B,D,A,B,A,D,A,D,A,B,D,B,B,D,B,D,D,B,C,B,D,C,C,D,D,A,D,D,D,B,C
19478336-1,B,C,B,D,B,C,D,B,C,A,A,B,C,D,B,D,B,A,B,B,A,D,D,C,C,C,D,C,C,B,C,B,B,B,C,C,D,A,D,C,A,D,D,B,A,B,D,A,B,D,B,B,D,D,B,C,C,D,B,B
19822440-5,B,C,C,C,B,D,B,B,C,B,C,C,C,C,B,D,B,D,B,B,B,D,A,A,D,C,D,B,A,B,D,B,B,B,A,A,D,A,D,D,A,C,B,B,B,D,B,A,B,C,C,B,D,D,A,D,D,B,C,B
19477590-3,B,C,D,D,D,C,D,C,C,B,C,A,C,C,B,B,B,C,B,B,B,C,B,C,B,A,D,B,A,A,C,B,B,D,C,A,D,A,C,D,A,C,D,B,C,D,C,C,B,C,C,C,D,D,A,B,A,B,C,B
19300086-K,B,C,A,D,B,D,C,B,B,A,C,C,C,D,B,D,D,C,A,C,C,C,D,B,C,A,D,B,B,B,C,C,D,B,A,D,D,A,C,D,C,A,C,C,D,D,C,A,A,C,B,D,D,A,A,C,D,C,D,C
19771391-7,A,C,B,A,B,A,A,C,C,A,C,C,B,C,B,A,A,A,A,C,C,C,D,C,C,D,D,C,A,D,C,B,B,D,A,A,C,D,B,D,A,A,C,B,C,D,B,C,B,D,D,C,A,D,A,C,D,A,C,C
19289864-1,B,C,B,C,D,C,A,D,A,D,C,C,D,C,D,B,A,B,A,B,D,B,D,B,C,C,B,B,B,B,C,D,B,B,A,B,D,A,A,C,C,A,D,D,B,B,C,A,B,D,C,C,D,D,D,C,C,C,A,B
17065971-6,B,C,C,A,D,D,B,A,C,B,C,C,B,D,A,D,C,A,A,B,B,D,D,B,C,D,C,C,A,A,C,A,B,D,A,A,C,A,A,C,B,D,D,A,B,D,A,A,B,B,D,C,D,D,C,C,D,C,A,C
15038621-7,B,C,C,A,B,D,B,B,C,A,C,C,A,C,B,D,C,C,A,D,A,C,D,B,C,C,A,B,A,B,C,C,C,C,A,C,D,A,B,A,A,A,D,B,B,D,C,A,B,A,C,C,A,D,A,C,D,B,C,C
19133882-0,B,C,B,A,B,A,A,B,C,A,C,C,A,C,D,D,A,D,C,C,C,C,D,B,C,C,C,A,A,A,C,B,C,C,A,C,C,C,B,B,D,A,D,B,C,D,A,A,B,C,D,C,D,D,D,B,D,B,C,C
19019964-9,B,A,A,A,B,A,C,C,C,A,C,C,C,B,C,B,B,C,B,B,C,C,D,B,C,C,D,B,B,B,B,A,B,B,C,A,D,C,C,B,B,D,A,B,B,D,A,B,B,D,B,B,D,C,C,C,D,B,D,C
17489663-1,B,C,D,A,B,A,B,C,C,A,C,C,C,C,B,D,B,A,C,C,B,C,C,D,C,D,C,C,D,B,C,B,B,C,A,D,D,A,C,D,A,C,D,D,C,A,B,C,B,B,B,A,D,C,C,C,D,D,A,B
19669564-8,B,A,B,A,B,C,B,B,C,A,C,C,B,C,B,D,A,A,D,D,C,C,B,B,C,B,D,B,A,B,B,C,C,C,A,B,D,A,C,D,A,A,D,D,B,D,C,A,B,C,C,A,D,D,A,B,D,C,D,A
19246673-3,B,C,B,D,B,C,B,C,A,C,B,B,B,C,A,D,A,D,A,B,A,C,D,B,C,D,D,D,B,B,C,D,B,D,A,C,C,A,B,C,B,C,C,D,B,C,C,A,B,A,D,C,D,D,C,B,D,C,A,C
13897156-2,A,C,B,A,B,C,B,C,A,B,C,C,C,B,A,B,B,D,B,C,B,D,D,B,C,C,D,B,A,A,C,B,B,D,C,A,D,A,B,A,A,A,D,B,A,B,B,C,B,A,B,C,A,A,C,C,A,B,C,B
19597279-6,D,D,D,A,B,C,B,A,C,C,C,C,A,D,B,B,B,A,A,C,B,C,B,A,C,C,D,D,D,B,C,A,B,B,A,A,D,A,C,D,A,A,D,B,B,D,C,D,D,D,C,D,D,D,D,C,D,D,A,D
18806674-7,C,A,C,A,B,C,C,C,A,A,C,C,D,D,B,B,A,C,B,C,A,C,A,D,C,C,D,C,B,C,C,B,C,C,A,C,D,A,C,D,C,D,C,B,C,D,B,C,B,B,C,B,D,D,B,B,D,D,C,C
19121382-3,B,C,B,A,B,C,D,C,C,A,B,C,A,D,B,B,A,D,A,D,A,C,D,B,C,A,D,B,B,A,C,B,B,D,A,D,D,A,C,C,A,A,C,D,C,D,B,A,B,D,C,D,D,D,B,B,D,B,C,C
13662587-K,A,C,A,D,B,D,D,B,A,A,B,C,B,D,A,B,C,A,B,D,C,C,D,B,A,B,B,D,C,D,C,B,B,A,A,C,D,A,D,C,B,C,B,B,B,D,B,C,C,C,C,C,B,C,C,B,D,C,C,A
19937881-3,A,C,C,A,B,C,C,D,C,C,C,C,C,C,B,B,A,A,A,B,B,C,D,C,C,C,D,C,A,B,C,B,B,B,C,A,D,A,B,A,A,B,C,B,C,D,A,B,B,A,D,D,D,D,A,C,D,B,C,B
19445704-9,B,C,C,A,D,C,B,D,C,C,C,C,B,D,B,D,A,C,A,A,B,C,D,B,C,C,D,A,A,A,C,B,B,D,A,D,D,C,C,D,A,A,D,C,C,D,B,C,B,A,C,C,D,D,A,B,A,C,A,B
19331521-6,A,D,A,A,B,C,D,C,A,C,C,C,C,D,B,B,A,C,A,D,C,C,B,C,C,C,D,D,A,A,C,A,A,C,A,C,D,A,C,D,B,C,D,B,D,B,C,D,B,C,B,C,B,D,A,C,D,B,C,D
19430598-2,C,C,B,A,D,D,B,B,A,C,C,C,C,A,A,D,B,D,B,B,C,B,A,B,C,C,D,C,A,B,C,A,B,B,A,C,D,D,B,A,A,A,C,B,C,D,B,A,B,B,D,D,D,D,D,C,D,D,C,C
19300946-8,C,C,B,A,B,D,B,C,C,A,C,C,A,B,B,C,A,D,C,B,D,D,A,B,C,C,D,B,A,B,D,B,B,A,A,C,D,C,D,D,A,D,B,C,A,D,B,A,D,C,D,C,C,D,A,B,A,D,D,B
19611591-9,C,C,C,A,C,D,A,C,A,B,C,C,C,D,A,D,A,C,B,D,B,C,A,B,C,D,D,B,B,B,D,B,B,D,A,A,C,A,D,B,B,B,D,B,B,D,C,D,B,A,B,C,A,D,D,B,D,B,C,B
19653510-1,B,C,A,C,B,D,B,C,C,A,C,C,B,D,C,B,B,A,A,D,C,C,D,B,C,D,D,B,A,B,C,B,B,B,A,C,D,A,C,A,A,C,B,B,B,B,B,C,B,D,D,C,C,D,B,B,A,B,B,D
18961409-8,B,C,A,A,D,D,B,B,A,B,C,C,A,C,B,C,A,C,C,D,C,C,D,C,C,A,D,C,C,B,B,B,B,B,C,D,D,A,C,D,A,C,D,B,B,D,A,C,B,D,A,A,D,B,A,A,B,B,A,C
18531218-6,B,C,C,A,B,C,D,C,A,C,C,C,B,A,A,D,A,C,B,B,C,C,A,B,B,C,D,C,D,C,C,B,C,C,A,C,C,C,C,C,A,A,C,B,A,D,A,A,B,,B,,A,D,C,C,D,B,C,B
18761113-K,B,D,D,A,D,C,D,B,D,C,C,C,C,C,C,D,B,C,A,A,C,C,B,C,C,C,D,B,A,B,C,B,B,A,A,B,D,A,A,D,B,A,B,B,B,B,B,C,B,D,C,C,D,B,A,C,A,B,B,C
18337682-9,B,C,C,A,B,D,B,B,C,A,B,C,B,B,B,D,A,C,A,D,C,C,D,B,C,C,D,B,A,B,C,B,B,C,A,C,D,A,A,A,A,A,C,B,B,D,C,A,B,D,B,C,D,D,A,C,D,B,C,C
18106709-8,A,D,C,A,B,C,D,D,A,A,C,C,A,B,B,D,A,A,B,B,A,D,A,B,C,A,B,D,A,A,C,B,C,C,A,C,D,C,C,A,D,A,B,B,C,D,A,C,B,B,A,C,D,A,C,B,D,B,D,B
19020266-6,B,C,C,A,B,D,B,B,D,A,C,C,C,A,B,D,B,A,D,D,C,C,A,B,A,D,D,B,A,B,C,B,B,C,A,C,D,A,C,D,A,A,B,B,C,D,C,A,B,D,C,C,D,D,A,C,D,B,C,B
19197828-5,B,C,B,A,D,D,A,D,C,B,C,C,C,D,B,B,A,A,B,D,B,C,D,B,C,A,C,B,A,B,C,B,B,C,D,A,C,A,B,C,C,A,D,B,D,D,B,D,B,D,D,B,D,B,C,C,D,B,C,B
18811032-0,B,C,C,A,B,A,D,B,A,B,C,C,C,A,B,D,B,D,A,D,B,C,D,A,C,C,D,B,A,B,C,B,A,D,A,C,D,A,C,D,B,D,C,C,B,D,A,A,B,B,B,C,D,D,A,C,C,D,C,B
18860917-1,B,C,B,A,B,C,D,C,C,C,C,C,C,C,B,D,A,C,D,A,A,B,D,B,C,B,D,B,A,B,C,C,B,A,A,A,A,A,A,D,A,D,B,B,B,B,A,A,D,A,D,C,D,D,A,C,D,B,D,C
19083987-7,B,C,C,A,D,C,B,D,C,B,C,C,B,C,B,B,A,C,A,D,C,C,D,B,C,D,D,B,A,B,D,B,B,C,A,C,D,A,B,D,A,A,D,D,B,D,C,A,A,A,D,C,D,D,C,C,C,C,D,C
19216122-3,C,C,A,A,B,C,C,B,A,D,B,A,A,C,B,B,A,A,D,A,B,C,D,B,C,C,A,B,B,B,D,A,B,B,A,A,A,A,D,A,B,A,A,D,C,D,A,A,B,D,C,C,B,A,C,C,A,B,D,A
18670490-8,B,C,B,A,B,C,A,C,A,B,C,C,B,D,B,B,B,C,A,C,A,C,D,B,C,D,C,B,A,A,B,A,B,D,A,C,D,A,C,D,C,A,D,B,D,D,A,A,B,A,C,D,A,B,A,C,D,A,C,A
19825026-0,B,B,C,C,B,D,A,C,C,D,C,C,B,C,B,D,A,C,A,D,C,C,A,C,C,B,C,B,A,C,B,B,B,B,A,D,D,A,C,C,A,A,C,B,C,D,B,C,B,D,C,C,D,D,A,B,B,B,B,C
18405477-9,B,C,B,D,B,D,B,C,A,A,A,C,C,B,B,D,A,C,C,B,C,D,D,A,C,C,D,B,D,B,B,B,B,D,A,C,D,C,A,B,A,D,D,B,C,D,C,C,B,D,B,D,D,D,A,C,D,D,A,B
19100570-8,B,C,A,A,D,A,C,B,A,B,C,C,C,D,B,B,B,B,A,B,B,D,A,B,C,C,D,D,A,B,D,A,A,B,B,A,D,A,A,D,C,C,A,B,B,D,B,B,B,C,C,C,D,A,A,C,D,C,A,B
19373679-3,B,C,D,A,B,C,C,B,A,A,C,C,B,C,B,D,A,B,A,D,C,C,D,B,B,C,A,B,B,B,C,C,B,B,A,A,D,A,A,D,C,A,C,B,B,D,C,A,B,D,B,C,D,D,C,C,D,B,B,B
19571942-K,B,C,B,D,B,C,A,C,D,C,C,C,A,A,B,B,B,C,B,D,C,C,D,A,C,C,D,B,B,B,C,B,B,C,A,C,D,C,B,D,C,A,C,B,C,D,B,C,B,A,C,A,D,D,C,C,D,C,C,D
19111132-K,B,A,B,A,B,D,B,C,A,C,D,B,C,B,C,B,B,C,B,D,A,C,D,B,D,D,A,B,D,C,C,C,A,C,A,A,D,B,B,D,A,A,D,B,C,D,A,A,B,C,B,B,A,D,C,C,D,C,C,A
17190066-2,A,C,B,A,B,D,B,D,A,A,C,C,C,D,B,D,A,A,B,B,C,C,A,C,C,A,B,B,A,A,C,B,A,C,A,C,C,C,C,A,B,C,D,B,C,D,C,D,B,D,D,A,C,D,A,C,D,B,B,C
17928432-4,B,C,C,B,C,D,B,C,A,B,C,C,C,B,C,A,A,D,A,A,A,A,A,A,A,C,A,B,B,B,C,C,D,C,D,D,C,C,C,C,C,C,C,D,D,D,D,D,A,C,C,C,B,C,D,C,D,D,D,D
13435486-0,A,D,C,A,B,D,B,B,C,A,C,C,B,C,B,D,A,A,A,D,C,C,D,B,C,C,D,C,A,B,C,B,C,C,A,A,D,A,C,C,A,A,B,C,B,D,C,A,B,D,D,A,D,D,C,B,D,B,C,C
19176582-6,A,C,A,B,D,C,C,D,A,C,C,B,C,D,C,B,A,C,C,B,C,C,D,B,B,C,D,A,A,B,C,A,C,C,A,A,D,A,C,B,B,D,D,D,B,D,C,B,B,A,B,C,D,A,A,C,A,D,C,B
19253074-1,D,C,B,A,B,C,B,D,B,D,C,C,B,B,B,D,A,A,B,B,C,C,D,B,C,C,D,B,A,B,C,A,B,C,D,C,D,A,C,D,A,A,D,D,B,D,B,D,B,C,D,C,A,D,A,B,D,C,B,B
19399976-K,B,C,C,D,B,C,C,C,A,C,C,C,C,C,A,D,D,C,A,D,C,C,D,B,C,C,D,B,B,B,B,B,B,D,A,A,D,A,B,D,B,A,D,B,C,D,C,B,B,A,B,C,C,D,A,C,C,B,A,B
17702082-6,B,C,C,A,D,D,B,D,A,A,C,C,B,C,B,D,A,A,B,D,C,C,D,B,C,C,C,B,A,A,C,B,B,B,A,A,D,A,C,C,A,A,C,B,D,D,B,A,B,B,C,C,D,D,D,C,D,A,C,C
19554983-4,B,C,C,D,B,C,B,B,C,D,C,C,C,A,B,B,B,D,D,C,C,C,D,D,C,C,D,B,A,A,C,B,A,C,A,C,C,A,D,D,A,C,C,B,C,B,C,C,B,A,C,B,D,D,C,C,D,D,C,D
24782115-5,B,C,D,D,B,D,B,C,C,B,C,C,B,D,B,B,A,D,D,D,C,C,D,B,C,C,A,B,A,B,C,B,C,C,C,B,D,A,C,D,D,D,D,B,C,B,A,C,B,A,B,C,D,D,A,B,D,A,C,C
19349354-8,A,D,A,D,D,D,B,B,A,D,B,C,B,A,D,D,A,C,A,A,C,B,B,A,B,C,D,B,A,B,C,B,B,D,D,B,D,A,C,D,C,A,B,B,C,B,B,A,B,D,D,C,D,D,A,C,C,C,A,B
19843458-2,A,C,B,A,D,A,D,C,C,B,D,B,C,D,B,C,A,A,C,C,C,C,B,A,C,C,B,A,A,B,C,C,B,C,C,C,D,A,A,B,A,B,D,D,A,D,C,A,B,D,A,C,C,C,C,C,D,D,A,A
19699237-5,B,C,C,A,B,D,B,B,A,C,A,B,C,D,A,D,A,A,B,D,C,C,D,C,C,A,B,B,A,D,C,B,A,C,A,B,D,A,C,D,A,C,D,B,B,D,A,D,B,D,B,D,A,D,A,C,A,A,B,D
19180220-9,B,C,B,A,B,C,A,C,A,D,B,C,B,C,B,B,A,D,D,B,C,C,D,C,C,A,B,D,A,B,D,A,C,D,A,D,C,C,C,D,B,D,C,D,C,B,B,C,B,D,B,C,D,A,A,B,A,A,C,C
18640461-0,C,C,B,A,B,C,B,C,A,A,C,A,C,C,B,B,B,C,A,B,C,C,D,B,C,B,D,B,A,B,C,B,B,C,A,A,D,A,B,C,A,A,D,D,C,D,A,A,B,A,C,C,A,D,D,C,D,B,D,C
18765270-7,B,C,A,A,B,D,B,B,C,A,C,C,C,B,B,D,A,C,C,B,C,C,D,D,C,C,D,B,D,A,D,A,A,D,B,D,D,C,C,D,A,C,D,D,C,B,B,A,B,D,B,C,A,D,C,B,D,B,A,C
19694423-0,C,C,C,D,B,D,B,C,C,A,A,C,C,B,B,D,A,C,A,B,C,C,D,D,C,C,D,C,A,B,B,B,B,A,A,D,C,C,B,C,A,A,D,D,D,D,B,A,B,A,C,D,D,D,A,C,D,C,C,A
19387413-4,B,C,D,A,B,C,B,C,A,A,C,D,C,B,B,D,B,B,A,D,C,D,D,D,C,C,D,D,B,B,B,A,A,B,A,A,C,A,C,C,B,D,D,A,C,D,A,B,D,A,D,B,D,D,D,C,D,C,D,D
16877705-1,A,C,B,D,B,C,D,D,D,D,B,C,C,C,A,B,A,B,B,D,C,C,D,B,C,B,D,C,A,B,C,B,C,C,C,C,C,A,A,B,A,D,C,B,C,D,B,A,B,B,C,C,D,C,C,C,D,B,C,B
18755771-2,B,D,C,A,D,C,A,B,C,C,C,C,B,B,A,B,B,A,A,C,D,B,D,B,C,A,C,B,A,B,C,B,B,A,B,B,D,A,A,D,B,D,D,D,C,B,C,A,D,D,D,C,D,D,B,B,D,C,B,B
19504758-8,B,C,B,D,D,C,C,B,A,B,C,C,B,B,A,D,A,C,A,D,A,B,D,B,C,C,D,B,A,A,C,B,B,D,A,B,D,A,C,D,A,C,B,A,C,D,C,A,B,B,C,C,C,D,A,C,D,B,C,C
18950715-1,A,C,C,A,B,D,D,B,D,A,C,C,B,B,B,B,A,C,A,B,B,C,D,B,C,C,D,A,B,B,C,B,B,D,A,C,D,A,B,D,A,A,A,B,C,D,C,A,B,D,A,C,D,B,A,C,C,B,A,B
19490424-K,B,A,B,A,B,C,B,B,D,A,C,C,C,D,C,B,A,A,D,D,C,C,A,B,C,D,B,B,D,B,C,B,C,D,A,C,A,C,C,D,C,D,D,B,C,D,C,A,B,D,C,D,C,D,A,A,C,C,C,B
18636796-0,B,C,C,A,B,C,B,C,C,C,C,C,C,C,B,D,A,A,A,D,C,C,D,B,C,C,D,B,A,A,C,B,B,C,A,B,C,A,A,D,B,A,D,B,B,D,C,C,B,C,C,C,D,D,A,C,D,D,C,C
18870983-4,B,C,B,A,B,D,B,B,C,A,C,C,C,D,B,B,A,C,D,C,C,C,D,A,C,A,D,B,D,A,C,A,B,D,D,C,D,A,B,D,A,B,D,D,D,B,B,A,B,A,C,C,B,D,A,C,A,B,A,C
19185965-0,B,C,C,D,B,C,A,B,D,A,B,C,C,C,B,B,A,A,A,B,C,C,D,B,C,C,D,C,D,D,C,B,B,C,C,C,D,A,C,D,D,C,B,B,B,D,C,A,B,D,C,B,D,D,A,B,D,B,D,C
16319144-K,D,C,B,A,A,C,C,D,C,A,C,C,D,C,D,B,C,C,A,D,D,D,A,D,C,B,B,B,A,D,D,A,C,D,D,A,D,A,B,D,A,D,A,A,A,A,A,B,D,C,B,D,C,C,D,A,A,B,A,D
25007742-4,B,C,C,A,D,D,B,B,C,C,C,C,C,B,B,D,A,C,D,D,C,C,B,B,D,C,D,B,D,B,C,B,B,C,C,A,B,A,B,C,A,A,C,B,B,D,C,C,B,D,D,C,D,D,C,D,D,B,C,A
18690677-2,B,C,C,A,B,D,B,D,C,A,C,C,D,C,B,D,A,C,A,D,C,D,D,B,C,B,D,B,C,B,C,A,B,B,C,A,D,A,C,D,A,A,D,B,B,D,C,A,B,A,C,D,D,D,A,C,D,B,D,B
19111618-6,B,C,B,A,B,A,B,C,C,D,C,C,C,C,A,D,A,C,B,D,C,C,D,B,C,C,D,A,D,B,C,A,B,C,A,C,D,A,B,D,B,A,D,B,B,C,C,A,B,A,D,A,D,D,B,C,D,D,A,C
19292416-2,B,C,C,A,D,D,B,B,C,C,C,C,B,C,B,D,A,D,A,D,C,C,D,B,C,B,C,B,A,B,C,B,A,C,A,C,D,A,B,D,A,A,D,B,D,D,C,A,B,D,C,C,C,D,C,C,D,B,D,C
19353818-5,B,C,B,C,B,C,C,,A,B,C,C,C,B,C,B,B,,D,C,A,,D,,C,C,,B,B,B,C,B,B,A,A,A,D,C,C,A,B,,D,C,C,D,B,,B,D,C,B,C,D,A,C,A,D,,D
19311204-8,B,C,C,A,B,D,B,B,C,A,C,C,B,D,B,D,B,A,A,D,C,C,D,B,C,C,D,B,A,B,C,B,B,D,A,B,D,A,B,D,A,A,C,B,B,D,C,A,B,B,B,A,D,D,A,C,D,B,C,B
18650418-6,B,C,C,A,B,D,B,B,C,A,C,C,A,C,B,D,B,D,A,D,A,D,C,B,D,A,D,B,A,D,B,B,B,B,C,B,A,A,B,A,A,B,B,D,B,B,B,B,B,D,B,C,A,B,A,C,A,C,A,B
19335637-0,A,D,C,A,B,D,B,B,C,D,C,C,B,C,B,D,A,D,A,B,C,C,D,B,C,C,D,B,A,B,C,B,B,C,A,A,C,C,C,D,A,D,C,D,C,D,C,A,B,D,B,C,D,D,C,B,D,C,C,B
19950255-7,B,C,C,A,D,D,B,B,A,A,C,C,C,B,A,D,A,D,A,D,C,C,D,B,C,B,C,C,A,B,C,B,B,B,A,B,D,A,C,B,A,A,D,B,B,D,C,A,B,B,C,C,D,D,A,B,D,B,D,C
19595387-2,B,C,C,A,B,C,B,D,C,A,C,C,B,C,B,D,A,C,A,D,C,C,A,B,C,B,D,B,A,B,C,B,B,C,A,C,D,A,B,D,A,A,C,B,B,D,C,A,B,D,B,C,D,D,A,B,D,B,C,C
19017917-6,B,C,C,C,B,C,C,B,C,A,C,C,B,A,A,B,A,A,D,B,B,C,D,B,C,B,A,B,B,A,C,B,B,A,C,C,D,C,C,C,B,A,C,D,B,B,C,C,B,D,C,B,D,D,A,C,A,C,C,B
17872762-1,B,C,D,A,D,C,C,B,A,B,C,C,B,A,D,B,B,B,A,D,B,D,D,B,B,C,D,B,A,B,D,A,A,C,A,A,D,A,C,B,A,D,D,B,D,D,A,D,A,D,C,C,A,D,A,C,C,B,C,B
19314904-9,C,C,C,C,B,D,D,D,C,A,C,C,C,C,A,D,A,B,A,D,B,C,D,B,C,C,D,B,D,A,C,B,C,C,C,A,D,C,C,D,B,A,D,B,B,D,C,A,A,A,C,C,B,D,C,B,A,B,D,C
19175310-0,B,C,D,B,B,C,B,D,A,C,B,C,D,A,A,B,A,D,B,C,C,C,D,B,C,A,A,B,C,B,C,B,B,B,A,A,D,C,B,B,B,D,B,B,C,B,B,C,D,A,B,C,D,D,D,C,D,C,A,C
13559920-4,A,C,C,A,D,D,B,B,D,D,C,C,C,B,B,B,A,B,A,D,C,C,D,B,C,C,D,C,D,A,C,D,B,D,A,B,D,A,C,D,A,A,D,D,C,D,C,D,B,A,D,C,D,D,A,C,D,B,D,D
15638108-K,B,C,A,A,B,C,A,B,C,A,C,C,B,D,B,D,A,A,D,C,C,C,D,B,C,C,D,C,A,B,C,B,B,C,D,A,C,A,C,C,B,A,D,B,B,B,C,A,B,D,C,C,A,D,C,B,D,D,D,B
18350257-3,B,C,B,A,B,D,D,B,C,A,C,C,C,A,B,D,A,C,A,D,C,C,D,B,C,C,B,B,B,B,C,B,B,B,A,A,D,A,D,B,B,A,C,D,B,D,C,A,B,D,C,D,D,B,C,B,D,C,D,C
19303095-5,C,C,C,D,B,D,B,D,C,B,C,B,B,C,B,B,B,A,B,C,C,C,A,A,C,D,D,D,A,B,A,C,B,A,A,C,A,D,D,A,C,A,D,A,B,B,C,D,B,A,C,C,D,B,A,D,D,D,A,B
18618397-5,A,C,C,C,B,A,B,C,A,B,C,C,C,D,B,C,A,D,D,D,C,A,C,D,D,C,B,B,A,D,C,B,B,D,A,C,C,C,C,D,A,B,C,B,B,C,C,A,B,D,A,B,C,D,D,B,A,B,C,C
19309881-9,D,C,C,A,B,C,B,B,C,D,C,C,D,B,A,D,A,A,C,D,C,C,B,B,C,D,A,C,A,C,B,B,A,D,A,B,D,A,C,D,D,A,D,D,B,D,A,C,B,A,D,C,A,A,A,C,A,C,D,B
18730674-4,B,C,A,A,B,C,D,C,D,B,C,C,B,B,D,C,B,A,A,D,D,A,D,B,C,A,A,C,D,B,C,B,A,D,A,A,B,C,C,A,B,C,D,B,B,D,C,C,B,D,C,C,D,D,B,C,D,A,C,A
19740851-0,B,C,C,A,B,C,B,C,D,D,C,C,C,A,C,D,A,B,A,C,C,A,D,B,C,C,B,B,A,B,C,B,B,C,D,C,D,A,C,B,A,A,D,B,B,D,A,A,B,D,B,A,D,D,A,C,D,C,A,C
19355980-8,C,C,B,B,B,D,A,C,A,D,C,C,C,D,B,D,A,D,C,C,D,D,B,B,B,B,B,B,A,C,C,B,D,C,A,B,A,C,C,C,B,D,A,B,C,B,B,A,A,B,B,C,D,D,B,B,D,B,A,D
18844300-1,B,C,B,D,B,C,B,C,C,A,B,C,B,B,B,B,A,A,C,B,C,C,A,B,C,A,D,D,A,B,C,B,B,C,A,C,D,A,B,D,B,C,D,B,C,B,B,C,A,A,B,C,B,B,C,C,D,B,B,D
19356577-8,B,D,C,A,B,C,A,B,A,D,C,C,C,B,C,D,D,C,C,D,D,C,D,B,C,A,B,B,B,A,C,A,B,D,C,A,C,A,C,A,B,A,D,C,C,B,B,C,B,D,C,B,C,C,A,C,D,D,D,B
18975353-5,B,C,C,A,B,C,B,C,A,D,C,C,C,C,B,B,A,D,A,D,C,C,D,B,C,C,D,B,A,B,C,B,B,B,A,C,A,A,D,C,C,A,D,B,C,D,B,A,D,D,C,A,C,D,A,C,D,B,A,B
18244833-8,B,C,B,D,B,C,C,A,C,D,C,B,B,C,A,C,C,C,B,D,C,B,C,B,B,B,D,A,A,B,C,B,B,A,C,B,D,A,B,D,D,A,C,B,B,D,C,A,C,A,D,A,D,B,A,B,D,B,C,C
19198494-3,B,C,D,D,D,D,B,C,C,A,B,C,A,D,B,D,B,A,B,D,A,C,B,A,C,B,D,B,A,B,C,B,B,B,B,D,D,A,B,D,B,A,D,D,B,D,B,C,A,D,B,A,D,B,B,D,D,B,C,D
18767757-2,B,C,C,A,B,C,C,D,A,A,D,C,C,C,B,C,B,C,A,D,C,C,D,B,C,C,D,A,A,B,C,B,B,B,A,C,C,A,C,D,A,A,D,B,B,D,C,A,B,D,B,C,C,A,B,C,D,B,D,C
18500462-7,D,C,B,A,B,C,B,B,A,A,C,D,A,B,B,B,B,C,B,C,D,C,B,B,C,C,B,D,A,A,C,B,B,D,A,A,D,A,D,D,A,A,D,B,B,B,B,B,B,A,B,D,D,D,A,B,B,B,C,B
19082066-1,C,C,C,A,B,C,B,D,C,A,A,B,B,B,B,D,A,B,C,C,C,C,C,B,C,A,D,B,A,B,C,A,B,D,A,D,D,A,B,A,A,B,D,C,B,D,D,A,B,D,C,A,D,C,A,B,D,A,D,C
19108547-7,B,C,C,A,B,C,D,B,C,A,C,C,C,A,B,D,A,C,A,D,C,C,D,B,C,A,D,B,B,B,C,B,B,B,A,C,D,A,C,D,A,A,C,B,C,D,C,A,B,A,A,C,D,D,A,C,D,B,C,C
16937971-8,A,C,C,A,D,C,C,C,A,A,C,C,C,B,B,B,A,A,B,C,A,C,D,B,C,B,D,A,A,A,C,B,A,C,A,A,A,A,C,D,B,A,C,B,B,D,B,C,B,C,B,B,A,D,D,C,D,B,B,D
19129350-9,D,C,D,A,D,C,A,C,A,D,C,C,C,D,D,B,A,B,B,D,B,C,D,B,C,C,D,D,A,A,C,B,B,D,A,C,C,A,D,A,A,A,D,D,C,D,B,A,A,A,D,A,D,D,A,A,D,B,C,C
18941381-5,A,A,C,A,D,A,B,B,C,B,C,C,C,C,B,D,A,B,A,B,B,C,D,B,C,C,D,C,B,B,C,C,B,B,A,C,D,A,C,A,B,A,B,C,B,B,C,C,B,C,A,C,D,D,C,B,A,B,A,B
17045039-6,B,C,C,A,B,D,B,B,C,A,B,A,D,B,B,B,A,C,A,D,C,C,D,B,C,D,D,B,A,A,C,A,B,C,A,C,D,A,D,D,A,A,D,B,B,D,C,A,B,D,C,A,D,D,C,C,A,A,C,C
19732706-5,A,C,A,C,B,D,B,B,C,A,C,C,A,C,A,D,A,B,A,B,C,C,D,B,C,A,C,B,A,B,C,B,B,B,A,B,A,A,C,B,A,A,B,B,B,D,C,D,B,B,D,C,D,D,A,B,D,B,C,B
18086377-K,C,C,C,A,B,D,C,B,A,A,C,C,B,A,A,D,A,A,A,D,C,C,D,B,C,C,C,B,C,C,C,B,B,C,A,C,D,D,B,D,A,A,D,B,B,D,C,A,B,D,C,A,D,D,A,C,B,B,C,C
18295384-9,C,C,C,A,B,C,B,B,C,A,C,C,B,A,C,B,A,C,B,D,C,C,A,B,C,C,B,B,A,B,C,B,B,C,A,A,D,A,C,D,A,A,D,B,C,D,C,A,B,D,C,C,A,D,A,C,D,B,C,C
18760388-9,C,C,C,A,B,D,B,A,A,D,C,C,B,B,C,D,B,D,A,A,C,C,B,D,C,A,B,B,A,B,C,B,B,B,A,D,C,A,C,B,A,A,D,C,B,D,C,B,B,D,A,C,B,D,B,C,D,C,B,B
17308600-8,D,D,C,D,D,C,B,C,C,D,D,B,C,C,B,D,B,A,A,B,C,A,A,D,C,C,A,B,D,A,B,B,B,C,A,D,D,A,D,C,D,C,B,C,C,B,B,B,B,D,B,A,A,D,C,B,C,C,B,D
19366727-9,C,D,D,A,D,D,A,B,C,A,C,C,A,A,A,B,A,C,D,B,B,B,B,B,B,C,D,B,A,B,C,B,B,D,D,A,D,C,C,D,A,D,C,D,A,D,C,A,B,D,B,D,D,D,D,C,D,B,A,D
18584693-8,D,C,B,B,B,A,D,C,C,A,C,C,,A,D,D,C,A,C,C,B,D,D,B,C,C,D,B,B,B,C,C,B,D,D,B,D,D,C,C,B,A,D,B,D,D,A,B,B,D,C,B,B,,A,B,D,B,,C
18657128-2,D,C,B,A,D,C,C,D,C,C,C,C,B,C,A,D,A,D,B,B,B,C,D,B,C,C,D,B,A,B,C,B,D,C,B,A,D,A,C,A,A,D,D,B,B,B,A,A,B,D,D,D,D,C,C,C,D,C,C,B
18951157-4,B,C,B,A,B,D,B,C,C,B,C,C,B,B,B,B,B,C,A,A,C,C,D,B,B,C,D,B,B,A,C,B,B,C,A,A,D,C,C,B,A,A,D,B,D,D,A,C,B,C,D,C,D,D,C,C,D,B,D,A
19662317-5,C,C,B,D,B,D,B,D,D,C,C,C,A,B,A,B,A,A,A,C,C,A,D,C,C,A,C,B,D,B,C,C,B,D,A,C,C,A,A,C,A,D,C,B,C,D,A,D,A,C,A,A,D,D,A,B,D,D,D,B
16573705-9,B,A,C,A,B,C,C,D,D,A,C,C,C,C,B,D,A,A,A,D,C,C,B,B,C,A,D,B,A,B,C,B,B,C,A,C,D,A,C,D,B,D,C,D,B,B,C,A,B,D,C,C,B,D,A,C,D,D,B,D
19550556-K,A,C,C,A,B,D,B,B,A,A,C,C,C,C,B,B,A,A,B,B,A,C,D,B,C,B,D,B,A,A,C,A,B,D,A,C,D,A,C,C,D,C,D,B,C,D,B,A,B,A,B,D,D,D,C,C,D,D,C,C
18661217-5,B,C,C,A,B,C,C,B,D,A,C,C,C,A,D,D,A,B,A,C,B,C,D,B,C,C,D,B,B,A,C,B,B,D,A,A,D,A,A,D,B,A,D,B,C,B,C,B,B,C,C,A,B,D,D,B,D,B,D,C
19324536-6,B,C,A,D,B,C,B,D,C,A,D,C,B,D,B,B,B,A,C,B,B,C,C,D,C,A,A,A,B,A,B,A,C,B,A,A,D,B,B,D,B,D,D,B,C,B,C,A,B,A,D,D,C,B,A,C,B,D,B,C
17895621-3,D,C,B,A,B,B,A,C,A,C,C,C,B,B,B,D,A,C,B,B,C,C,D,D,C,A,C,C,A,B,C,A,D,C,A,A,D,C,B,D,A,C,C,B,B,D,C,A,B,D,D,C,D,D,C,A,B,B,B,C
18821850-4,B,C,B,A,B,C,D,C,D,A,B,C,C,D,D,D,B,D,A,D,D,C,A,B,B,A,C,B,A,B,A,B,B,C,A,B,D,A,B,C,C,D,B,B,C,D,B,C,B,D,B,B,A,C,B,A,C,C,C,D
15098574-9,B,C,C,A,B,A,B,D,D,A,C,B,B,B,B,B,A,B,B,D,C,C,D,A,C,C,D,B,D,B,C,B,B,C,A,A,D,A,B,B,A,A,C,D,C,D,B,A,B,B,C,C,D,D,A,C,D,D,C,B
19098034-0,C,C,C,C,D,D,B,B,C,A,C,C,B,C,A,B,A,A,D,D,B,C,D,B,C,A,D,A,A,B,B,A,B,B,A,C,D,C,B,D,A,B,B,B,B,D,C,A,B,A,D,A,C,D,B,D,C,A,A,C
16281166-5,C,C,D,A,D,C,C,C,A,B,B,C,C,C,B,C,A,B,B,A,B,C,D,B,A,A,,B,A,A,C,B,B,D,D,A,D,A,A,D,C,A,D,B,B,D,B,A,B,B,,C,D,D,A,C,D,A,B,B
18467209-K,B,C,C,A,B,C,B,D,C,A,C,C,B,D,B,D,A,C,A,D,B,B,D,B,C,C,D,B,D,B,C,C,B,C,C,C,D,A,D,D,A,A,C,B,C,D,B,A,B,D,D,C,C,B,B,C,D,B,B,C
17413219-4,C,C,B,A,B,C,B,B,A,A,C,C,B,C,B,B,B,C,D,D,C,C,A,C,C,D,D,C,B,A,C,A,B,C,C,A,D,A,D,C,B,A,D,D,C,D,B,C,B,D,D,B,D,D,A,C,D,C,B,C
19578157-5,B,C,B,A,B,D,B,C,C,A,C,C,B,A,B,D,B,C,B,A,C,C,B,B,C,B,D,B,A,B,C,B,A,C,A,C,D,C,D,D,A,A,A,D,C,D,A,A,B,D,C,C,D,A,A,C,D,B,B,C
19253112-8,B,D,B,B,D,C,C,B,D,A,B,C,B,D,C,D,A,C,B,D,D,C,D,D,B,C,D,C,B,D,C,B,A,D,A,C,A,B,C,A,A,A,D,D,B,D,A,B,C,A,C,A,A,D,C,A,A,B,C,C
17272177-K,A,D,C,A,B,D,A,B,C,A,C,C,C,A,B,D,A,C,A,D,B,C,D,B,C,C,D,B,A,B,C,B,B,C,C,C,D,A,C,D,C,A,D,D,D,D,C,A,B,D,C,A,D,D,A,C,C,C,C,C
9618145-0,D,C,B,A,B,D,B,B,A,A,C,C,B,B,B,B,B,A,B,C,A,C,D,B,C,A,D,B,B,B,C,B,B,C,A,D,A,A,C,B,A,B,D,D,C,B,C,A,A,D,D,C,B,A,C,C,B,A,C,D
18404936-8,B,C,D,A,B,C,D,D,C,B,D,C,C,C,C,B,B,A,B,D,C,D,B,B,C,C,B,D,B,B,B,B,C,D,A,D,D,A,B,A,B,A,D,B,C,D,B,A,B,C,D,D,B,A,C,C,D,B,D,C
19828891-8,A,C,D,D,B,C,B,C,C,C,A,B,C,B,B,D,C,A,C,D,D,C,C,B,C,D,B,D,A,A,C,B,B,D,D,A,B,A,D,C,B,A,D,B,B,C,C,B,B,D,B,C,A,D,D,A,D,B,C,C
18418225-4,B,C,C,A,B,D,B,C,A,A,C,C,B,C,B,B,B,C,A,D,C,C,A,B,C,B,D,C,B,B,C,B,B,D,C,B,D,C,D,D,A,D,D,B,C,B,C,C,B,A,B,D,A,A,A,C,D,C,B,B
17672040-9,B,C,C,A,B,D,B,B,A,A,C,C,B,C,B,D,B,C,A,D,C,C,D,B,C,C,D,C,D,A,C,B,C,D,B,C,D,B,D,D,A,A,D,B,B,D,C,A,B,D,B,C,C,D,A,C,D,B,D,C
19466595-4,C,C,C,B,B,A,A,C,C,B,C,C,C,B,B,B,A,D,C,D,D,C,B,B,B,C,B,C,C,B,C,C,C,D,A,A,C,A,B,D,B,D,D,B,B,B,C,A,B,D,B,A,C,C,C,C,D,B,D,B
18858134-K,B,C,C,A,B,A,C,D,C,D,C,C,B,B,B,D,A,A,D,D,C,C,D,B,C,B,D,B,D,B,C,B,B,C,A,A,D,A,C,C,A,D,D,D,B,B,C,C,B,D,D,A,A,B,A,C,D,B,D,B
19534674-7,B,C,B,A,B,A,D,C,A,B,C,C,C,C,A,B,D,A,B,D,A,D,B,C,C,C,D,D,A,A,C,C,B,C,A,A,D,B,C,C,A,A,D,D,C,D,B,C,B,C,D,D,D,A,B,C,D,B,A,C
18315579-2,B,C,A,A,B,C,B,C,A,A,C,D,A,B,B,B,A,C,B,B,B,A,D,B,B,C,A,A,A,B,C,A,A,D,A,C,A,B,D,D,D,A,D,B,B,D,A,B,B,B,B,B,D,C,A,C,A,B,D,A
18085124-0,B,C,B,A,C,C,D,C,C,B,D,C,C,B,D,D,B,D,C,B,B,D,B,A,A,A,D,B,C,C,D,D,B,A,D,B,A,B,C,B,B,C,D,B,B,D,B,B,B,A,D,A,C,A,A,C,B,B,B,D
18953227-K,B,C,C,A,B,C,C,B,C,A,C,C,B,A,B,B,A,C,A,D,C,C,D,B,D,C,D,B,D,B,C,B,C,C,A,C,D,A,C,D,C,A,C,B,B,D,B,A,B,A,D,C,D,D,A,C,A,A,C,C
19822436-7,B,C,C,A,C,C,B,B,D,A,C,C,B,D,B,D,A,C,A,D,C,C,D,B,C,C,D,C,A,B,D,B,B,D,A,D,D,C,B,D,C,C,D,B,C,D,C,A,B,A,C,C,B,D,A,B,A,B,B,C
15970753-9,C,C,B,A,B,C,C,D,C,A,C,C,C,D,B,D,B,A,A,B,C,C,D,D,C,D,D,B,A,B,C,B,A,D,A,D,A,A,D,C,D,D,D,D,C,D,B,D,B,A,B,D,D,D,D,B,D,D,C,B
18240250-8,C,C,A,C,D,D,B,B,A,B,C,C,B,B,B,D,A,A,D,D,C,C,D,B,C,A,B,D,A,A,C,C,C,B,A,D,D,A,A,D,B,C,D,B,B,B,A,C,B,D,A,A,B,A,B,C,A,C,C,C
19082119-6,B,C,C,A,B,D,B,B,C,A,C,C,A,C,A,B,A,C,A,D,D,C,D,B,C,C,D,B,B,B,B,B,B,C,A,B,D,A,A,D,A,A,C,B,C,B,C,A,B,D,C,D,A,D,B,C,C,B,C,C
18976253-4,B,C,B,C,B,D,B,B,A,A,B,A,B,D,A,B,B,D,B,B,A,C,A,B,C,B,A,B,A,B,C,B,B,C,A,C,D,A,B,D,A,A,C,B,C,D,C,A,B,A,B,A,D,D,B,C,D,C,C,C
18356942-2,B,C,A,D,B,A,B,B,C,A,C,C,B,B,B,D,B,A,A,B,C,C,D,B,C,C,D,B,A,A,C,B,B,D,A,A,D,C,C,D,A,D,B,B,C,D,A,A,B,D,D,B,A,D,C,C,D,C,C,B
17722948-2,A,C,A,C,B,A,A,C,C,A,B,A,A,B,B,D,B,D,A,D,C,D,D,B,C,B,C,C,A,B,D,A,B,C,A,A,D,A,C,B,C,A,D,D,D,D,C,B,B,A,D,A,A,C,A,B,C,D,C,D
19319908-9,B,C,C,A,B,C,B,B,D,D,C,C,B,B,B,D,B,A,A,B,C,C,D,B,C,D,D,B,D,B,C,B,B,C,A,C,A,A,C,C,A,A,D,B,B,D,C,C,C,D,B,B,A,D,A,B,D,D,C,C
19950524-6,B,C,B,A,B,C,C,B,B,C,C,C,C,C,D,B,A,C,C,B,A,C,D,B,C,C,D,A,B,C,D,C,B,D,A,A,D,C,C,A,B,B,D,B,B,D,B,C,B,A,C,C,D,D,A,C,A,B,A,B
18928194-3,C,D,B,A,D,C,C,B,D,A,B,C,B,A,B,D,B,C,D,D,B,C,D,C,C,C,D,B,A,C,C,C,B,C,A,B,D,D,B,D,A,A,D,B,B,B,B,A,B,D,B,C,D,D,A,D,D,B,D,C
19209360-0,B,C,C,A,B,D,B,B,C,A,C,B,B,D,A,B,A,C,A,B,C,C,D,D,C,C,D,B,A,B,C,B,B,C,A,C,D,A,D,B,A,A,C,B,C,D,A,A,C,B,C,D,D,D,C,A,C,C,D,C
19374920-8,D,C,C,D,B,C,A,C,A,C,C,C,B,D,A,B,A,A,B,A,D,C,D,B,C,A,D,A,A,B,C,B,B,B,A,C,D,A,C,D,D,A,D,B,B,D,C,A,C,D,B,C,D,D,C,C,B,D,C,B
18962492-1,A,C,C,A,B,C,D,A,A,C,C,C,D,B,A,D,A,A,A,D,D,A,D,B,C,A,B,A,A,A,C,B,C,C,A,A,D,A,D,A,C,D,D,B,C,D,B,C,B,A,B,B,D,D,A,C,D,A,D,A
19643863-7,B,C,C,C,B,D,B,C,D,C,C,C,C,A,B,B,D,C,A,D,D,D,D,B,C,C,C,B,C,D,C,B,B,D,A,C,D,C,B,D,B,D,D,D,A,B,B,A,C,A,B,A,D,D,C,C,D,B,B,B
16662697-8,B,C,C,A,B,B,A,B,A,A,C,C,B,C,B,D,,D,A,C,B,C,A,B,B,C,C,B,D,B,C,B,B,A,B,A,D,C,C,C,B,A,D,B,,D,C,A,B,,A,C,D,D,A,C,D,B,C,B
18090863-3,C,C,C,A,B,D,B,C,C,A,C,C,B,A,B,D,A,B,D,D,D,C,D,B,C,C,C,C,B,B,C,B,B,C,D,A,D,A,C,C,A,A,B,D,C,B,A,A,A,B,A,B,D,A,A,C,A,D,B,C
19206457-0,B,C,B,A,B,C,B,C,A,D,C,C,C,D,A,D,A,B,B,D,C,C,D,B,C,A,D,D,B,B,C,B,B,C,C,C,D,A,D,D,A,A,D,B,C,D,A,A,B,C,D,C,C,D,A,C,D,D,C,C
10646266-6,B,C,C,A,B,A,B,D,D,A,C,C,B,A,A,D,A,A,C,D,C,C,D,A,C,C,B,D,C,D,D,A,C,D,A,D,C,C,D,C,D,B,D,D,D,D,A,B,B,D,C,A,A,D,D,C,D,B,C,B
18277733-1,A,C,D,A,B,D,C,C,A,D,C,C,B,A,B,B,B,C,A,A,C,C,D,A,C,A,A,B,A,D,C,B,B,C,A,C,D,C,D,C,B,A,D,B,D,B,C,C,B,D,D,B,B,D,A,B,A,A,C,A
19165068-9,B,D,C,A,D,D,A,C,C,D,B,C,,C,B,B,B,A,D,D,C,A,D,B,C,A,C,B,A,D,C,B,B,C,A,C,C,A,C,B,B,D,D,B,B,,A,A,B,D,,C,D,,A,C,D,,B,D
17495832-7,A,C,A,A,B,A,A,B,A,C,C,C,C,B,A,B,A,A,A,D,C,D,B,B,B,C,D,D,C,B,C,B,C,D,A,C,D,B,D,D,D,A,D,B,B,B,A,A,D,D,D,D,D,C,C,D,D,B,A,C
18728255-1,B,C,C,A,B,A,B,B,C,B,C,C,C,C,B,D,A,C,D,D,C,C,D,B,C,D,D,B,A,B,D,B,B,C,A,C,D,A,A,D,A,A,D,B,C,D,A,A,B,A,B,C,A,D,A,C,D,D,D,C
19327086-7,B,C,C,A,B,B,C,C,C,A,C,C,B,C,B,B,A,A,A,D,C,C,D,B,C,C,D,B,D,B,C,B,B,B,A,C,D,A,A,D,A,A,D,A,C,D,B,A,B,C,B,C,C,D,B,C,D,D,C,C
17958829-3,B,C,C,A,B,D,B,A,C,A,C,C,B,B,B,D,B,C,A,B,C,A,D,B,C,C,D,B,A,B,C,B,B,C,D,C,D,A,A,D,A,A,D,B,C,D,C,A,A,D,A,C,A,B,A,B,D,D,D,C
17996786-3,B,C,B,C,D,D,B,C,A,C,D,C,B,D,D,D,A,A,A,C,C,D,D,C,C,C,B,B,B,A,C,A,C,D,A,A,A,C,D,B,B,D,C,D,C,D,A,B,C,C,C,D,D,D,D,C,A,C,A,D
19155284-9,,A,C,A,B,C,D,C,C,A,C,C,B,D,B,D,B,C,B,D,A,D,A,B,C,C,D,B,A,B,B,B,C,B,A,C,C,A,B,D,A,A,D,B,C,D,A,A,A,,B,D,D,,C,D,A,B,A,B
13664929-9,D,C,A,A,B,C,B,B,A,D,C,C,A,D,A,D,A,A,D,B,B,D,D,B,C,C,D,D,B,A,C,B,B,D,B,D,D,B,C,C,A,A,D,B,C,D,A,B,B,B,B,C,D,B,D,D,D,B,C,B
17145119-1,B,C,C,A,B,D,B,C,C,A,C,C,B,D,B,D,A,C,A,D,C,C,D,D,C,C,D,B,D,B,C,B,B,C,A,C,D,A,C,A,A,A,C,D,C,D,C,A,A,D,C,D,D,D,A,C,D,C,C,A
18654715-2,B,C,C,A,B,A,B,B,A,A,C,C,B,C,B,B,A,D,A,C,C,B,D,B,C,C,C,B,A,B,C,B,B,D,A,C,D,A,C,D,A,D,D,B,B,D,B,A,B,C,D,C,A,D,A,B,D,C,B,C
19487908-3,B,C,C,D,B,C,D,C,A,A,C,C,,B,B,B,A,A,A,D,C,C,D,B,C,D,D,B,A,B,C,B,B,A,A,A,D,C,C,D,B,D,C,B,,D,B,A,B,C,D,A,D,D,B,B,D,D,C,B
15708776-2,A,C,A,A,B,C,B,A,C,C,C,C,A,C,B,B,A,C,B,D,C,A,D,B,C,C,A,A,B,B,C,B,B,D,A,C,D,C,B,B,A,A,B,D,B,B,C,C,B,D,B,A,D,D,C,B,D,B,D,C
19538089-9,A,A,B,C,D,D,B,B,A,B,C,D,D,C,C,B,C,A,B,B,A,D,B,B,C,D,D,B,A,C,B,D,B,C,D,A,D,A,C,D,A,B,B,C,B,D,B,B,C,C,D,D,B,A,A,C,C,D,C,B
19186807-2,B,C,D,A,D,D,B,B,D,A,A,C,B,B,B,D,A,C,A,D,C,C,D,B,C,C,D,B,A,B,C,C,C,B,A,A,D,A,A,D,B,A,D,B,C,D,B,A,B,A,D,C,C,D,C,B,A,B,C,C
19348476-K,B,C,B,A,D,D,A,C,A,C,A,A,A,D,A,D,B,A,B,D,C,B,D,A,C,C,D,B,D,A,C,B,B,B,A,A,D,A,C,D,B,A,D,B,C,B,C,A,B,A,B,A,D,D,D,C,D,D,B,C
19509703-8,B,C,C,A,D,D,A,C,A,B,C,C,B,C,B,B,A,A,D,D,C,C,B,B,B,D,D,B,D,A,C,B,B,B,A,A,D,A,C,A,A,A,D,B,A,D,C,A,B,D,C,C,D,C,C,D,D,B,C,C
12246996-4,A,C,C,C,A,C,B,D,D,C,D,B,C,B,D,B,A,D,C,B,C,B,A,A,B,A,B,B,A,B,A,D,B,C,D,C,A,B,B,A,D,D,B,B,C,C,A,D,C,A,D,C,C,B,D,D,B,D,B,B
19387930-6,B,C,C,A,B,D,C,B,C,D,C,C,B,A,B,D,A,A,D,D,C,C,D,B,C,A,D,C,A,B,C,B,B,C,A,C,D,A,B,D,A,A,D,B,C,D,C,A,B,D,C,C,D,D,A,C,D,B,C,C
11863491-8,C,C,C,A,D,C,C,C,D,B,C,B,C,B,B,B,B,C,B,D,B,C,D,B,C,C,B,B,A,A,C,D,A,D,D,A,D,A,D,D,D,D,D,B,B,D,C,B,B,D,D,D,D,D,A,C,D,D,D,B
18605872-0,B,C,D,A,B,D,D,D,C,D,C,C,B,B,B,B,A,B,B,D,C,C,D,C,C,C,D,B,C,B,C,B,B,D,A,A,D,A,B,D,A,D,D,D,B,D,C,A,B,B,C,A,A,A,A,B,D,A,C,C
19205916-K,B,C,C,A,B,C,B,B,C,A,B,C,B,C,B,D,A,C,A,D,C,D,D,B,C,C,D,C,A,B,C,C,B,B,A,A,D,A,C,D,B,A,C,B,B,D,C,A,B,D,C,C,D,D,A,C,D,B,C,C
18693651-5,,C,B,A,B,D,B,C,A,A,C,C,A,D,B,D,A,A,B,B,A,C,D,C,C,D,D,B,B,B,C,B,B,C,A,D,D,A,B,C,A,A,D,B,D,B,A,A,B,D,D,B,B,,B,C,B,B,C,C
22920346-0,B,C,C,A,D,D,B,C,A,C,C,C,A,D,A,B,B,C,A,C,C,C,B,B,B,D,A,D,B,B,C,B,B,C,B,C,C,A,D,B,A,D,D,B,D,D,B,D,B,D,B,A,B,D,C,C,D,B,A,C
19381564-2,C,C,C,A,B,C,A,C,A,A,C,A,C,D,A,D,B,A,A,B,D,C,D,B,C,A,B,D,A,B,C,B,B,C,C,A,C,A,C,C,A,C,D,B,A,D,A,A,A,B,D,C,B,D,B,C,D,C,B,C
19034929-2,B,C,A,A,B,C,C,D,D,A,C,C,,C,A,B,D,A,B,B,C,D,D,B,C,C,,B,D,B,C,B,B,D,A,A,D,C,C,D,D,A,D,B,C,D,B,A,B,C,C,D,A,D,A,C,D,B,B,C
16751521-5,B,C,C,A,B,C,B,C,C,A,B,C,C,C,B,D,B,C,D,D,C,C,D,B,C,C,D,B,D,B,C,B,C,D,C,C,C,A,B,B,A,A,D,B,C,D,A,A,B,D,C,C,A,D,A,C,A,A,C,C
19382001-8,C,C,D,D,D,C,D,C,C,A,B,C,C,B,D,B,B,B,A,D,B,C,D,D,C,B,D,D,C,B,C,C,A,D,C,D,D,A,C,D,A,D,C,D,A,D,C,B,D,A,B,D,C,B,B,B,D,C,A,B
19354059-7,A,C,A,C,D,D,,,C,C,B,C,C,D,B,D,A,D,D,D,B,C,C,A,C,D,D,D,A,D,B,B,B,D,A,A,D,C,C,D,C,A,C,D,B,B,A,D,B,D,B,B,B,D,,C,D,D,D,B
19288465-9,B,C,C,A,B,D,B,B,C,A,C,C,B,C,A,D,A,C,A,D,C,C,D,B,C,C,C,B,A,B,C,B,B,C,A,C,D,A,C,D,C,A,C,B,B,D,C,A,B,D,C,A,D,D,B,C,D,B,C,C
17264617-4,B,C,C,A,B,D,B,B,C,D,C,C,B,C,B,B,A,C,A,D,C,C,D,B,C,A,D,B,A,B,C,B,B,D,A,C,D,A,B,D,A,A,B,B,C,D,B,A,B,D,D,C,D,B,C,C,D,B,D,C
19329861-3,A,C,C,A,D,D,B,C,C,C,C,B,D,A,B,D,A,D,A,B,C,C,D,C,C,B,B,B,A,B,C,B,C,C,D,C,C,C,C,D,A,A,B,D,B,D,C,A,B,A,B,C,D,D,D,B,D,C,,C
18077046-1,A,D,D,A,B,C,D,C,C,A,B,A,C,B,B,D,A,C,A,B,B,C,B,B,D,C,D,B,A,B,C,B,C,D,C,A,D,A,C,D,B,A,D,B,B,D,B,A,B,B,B,C,D,D,A,D,A,C,C,C
18294460-2,B,C,C,A,D,C,B,B,D,A,C,C,C,A,A,D,A,D,C,D,C,C,D,B,C,D,D,D,B,D,C,B,B,C,A,A,C,A,C,A,A,A,D,B,B,D,A,A,B,C,A,C,D,D,A,C,D,B,C,B
17679789-4,B,C,C,A,B,C,B,C,C,B,C,C,B,B,B,D,B,C,B,D,C,C,D,B,C,C,D,B,A,B,C,B,B,B,A,C,C,A,C,D,B,A,D,D,C,D,C,A,B,D,C,A,D,D,A,C,D,B,D,C
18399475-1,B,C,C,C,B,A,B,B,D,A,C,C,C,B,A,B,C,C,A,B,A,A,C,B,D,A,D,A,D,A,C,B,B,C,A,B,D,C,C,A,A,D,D,B,B,D,C,C,B,B,C,C,D,D,A,B,B,C,D,C
19422618-7,B,C,B,A,D,C,C,C,B,B,B,C,B,C,B,D,B,A,B,D,C,C,D,C,B,A,C,C,D,B,C,B,B,C,A,A,D,C,B,D,A,A,B,B,C,B,C,A,B,A,B,C,B,D,C,D,D,B,C,C
16489545-9,B,C,C,A,B,C,A,D,B,A,C,C,C,C,B,B,B,C,D,C,B,C,A,D,C,A,D,B,A,B,C,B,B,C,C,C,D,A,A,D,A,A,D,B,D,D,C,A,B,C,D,B,C,D,C,C,D,B,D,D
18639321-K,B,C,C,A,B,D,A,B,C,A,C,C,B,C,B,D,A,A,A,C,C,C,D,B,C,C,D,B,D,B,C,B,B,C,A,A,D,A,C,D,A,A,C,B,B,B,C,A,B,D,C,C,C,D,A,C,D,B,C,C
19422103-7,B,C,C,A,B,D,B,D,D,A,C,C,B,C,B,D,A,C,A,D,C,C,D,B,C,C,D,B,A,B,B,B,C,D,A,C,C,A,C,D,A,A,D,B,C,D,C,A,B,C,C,C,D,D,A,D,D,C,D,D
19825113-5,B,C,C,D,B,A,B,C,C,D,C,C,B,C,A,B,A,B,A,B,C,C,D,B,C,D,D,B,B,B,C,C,B,B,A,A,A,A,D,D,A,B,C,A,B,D,B,A,B,D,C,C,D,D,A,C,C,B,B,B
10421623-4,B,C,C,A,D,A,D,C,D,D,C,C,C,B,B,B,C,C,A,B,B,C,D,B,D,D,C,B,C,B,C,A,B,C,C,A,C,B,C,C,A,A,B,C,C,B,C,A,B,C,B,C,D,D,C,C,D,C,B,D
17559612-7,B,C,A,A,B,D,A,B,C,A,B,C,B,C,B,D,A,C,D,A,C,C,D,B,C,C,C,B,B,B,C,B,B,D,D,B,D,C,B,B,A,D,C,B,C,D,C,B,B,D,D,C,D,D,B,C,D,B,D,B
18793465-6,C,C,C,D,B,D,B,B,C,D,C,C,B,B,C,B,A,C,D,D,C,C,D,B,A,D,A,B,D,B,B,B,B,C,A,D,D,A,D,D,B,C,D,B,B,D,A,A,B,C,D,C,D,D,C,D,A,D,D,C
17051650-8,A,C,C,A,D,D,B,B,D,D,C,C,C,B,B,D,A,A,A,B,C,C,D,B,C,D,D,C,D,A,C,B,B,D,A,C,D,A,A,C,A,A,D,D,C,D,C,C,B,A,D,C,D,D,A,C,D,B,D,D
18025009-3,C,C,C,A,B,D,B,B,A,A,C,C,B,C,C,D,A,C,B,D,C,C,D,B,C,C,B,B,D,B,C,B,B,C,A,C,C,A,A,D,A,C,D,B,D,D,A,A,B,C,B,A,C,D,A,C,D,B,B,C
18724082-4,C,C,C,A,B,D,B,B,A,A,C,C,B,C,B,D,A,A,B,B,A,C,A,B,C,C,A,B,B,C,C,B,B,C,A,C,D,B,D,D,A,B,D,B,C,B,C,A,B,B,D,C,A,C,C,C,D,B,C,C
19422997-6,B,C,C,A,B,C,D,D,D,D,C,C,B,D,A,D,C,C,B,C,A,C,D,B,B,C,B,B,A,B,C,D,B,B,A,B,A,A,A,C,B,A,B,B,B,D,B,A,B,A,D,B,C,D,D,C,D,B,C,B
19933863-3,B,C,B,A,D,D,C,B,C,A,C,C,C,C,B,B,B,D,D,B,C,C,D,D,C,A,B,B,B,B,C,C,B,C,A,D,D,A,A,D,A,A,B,B,D,B,C,C,,A,D,A,D,B,A,C,D,C,C,C
19361117-6,B,C,C,A,B,D,B,D,C,A,C,C,A,D,A,D,A,C,B,D,C,D,D,B,A,A,A,C,B,B,B,B,B,C,A,C,A,C,C,D,A,A,D,B,C,D,B,C,B,B,C,B,B,D,B,D,B,C,C,B
19184998-1,C,C,C,A,B,A,A,D,C,A,C,C,B,C,A,D,A,C,A,C,C,C,D,B,C,C,C,B,D,B,C,B,B,C,C,B,D,A,C,D,A,A,D,B,D,D,C,A,B,D,C,A,D,D,A,C,B,B,C,C
18661376-7,B,C,C,A,B,C,B,C,A,C,C,C,C,C,B,D,B,C,A,B,C,C,D,C,C,C,A,B,D,A,C,B,B,D,A,C,D,C,B,D,C,D,D,B,B,D,A,A,B,B,B,B,D,D,A,C,D,B,B,C
19396548-2,B,C,C,A,B,C,D,C,B,A,B,C,C,D,B,D,D,C,A,D,C,C,A,B,C,D,C,B,A,D,C,B,A,B,A,C,C,A,C,D,A,B,D,B,B,D,B,A,B,A,B,A,D,D,A,C,A,A,D,A
19147448-1,B,C,B,A,D,D,D,D,A,B,C,C,C,A,B,B,A,,C,D,A,D,A,B,C,C,A,D,A,,C,A,D,D,B,C,D,C,C,D,D,C,C,A,C,B,B,C,C,C,B,B,B,D,B,B,D,D,B,C
19348318-6,C,C,C,A,B,B,A,D,C,C,C,B,B,C,A,D,A,B,B,B,C,C,C,B,C,B,D,A,A,C,B,B,B,C,A,A,D,A,C,C,A,D,D,D,B,D,C,C,A,B,C,C,D,D,C,D,D,B,B,D
19297095-4,C,C,C,A,B,D,D,B,A,A,C,C,B,D,A,D,A,C,B,D,C,C,D,B,C,A,C,B,A,B,C,B,C,C,C,C,A,A,B,D,A,A,D,B,B,D,C,A,B,A,B,C,D,B,A,C,C,B,D,B
18991653-1,B,D,C,D,B,A,B,B,C,D,B,C,A,C,C,B,B,B,A,A,C,D,D,B,C,C,A,B,B,A,C,B,B,D,A,A,C,A,B,D,A,A,D,B,B,D,A,A,B,C,D,D,D,D,A,C,D,D,A,B
18820687-5,B,C,A,A,B,C,D,C,A,A,C,C,A,A,B,B,A,A,B,D,A,D,D,B,C,B,D,B,C,B,D,B,C,D,A,B,D,C,B,D,A,C,D,B,B,D,B,C,D,A,C,A,B,D,C,B,D,B,B,D
19190874-0,B,A,B,D,B,C,B,C,D,A,C,C,B,C,B,B,A,A,A,D,C,C,D,C,C,A,D,D,C,A,C,B,B,C,A,C,D,A,C,B,B,A,D,D,C,D,C,A,B,A,C,C,D,D,B,D,D,B,C,C
17754272-5,A,C,C,A,B,C,B,B,B,A,C,C,B,D,A,B,A,B,A,A,C,C,A,B,C,B,D,D,D,B,D,B,B,D,A,D,D,C,D,D,A,A,B,D,C,D,A,A,B,A,A,C,D,D,A,B,C,D,C,C
17599501-3,B,C,C,A,D,D,B,B,B,A,C,C,C,C,B,D,A,C,D,D,C,C,D,B,C,C,D,C,A,B,C,B,B,C,A,C,D,A,C,D,A,A,C,B,B,D,C,A,B,C,C,C,C,D,B,C,D,B,D,C
18746958-9,A,D,A,B,B,B,B,B,A,A,B,A,B,D,C,B,B,C,D,A,D,B,D,B,B,D,C,D,C,D,D,B,B,C,B,B,B,B,D,C,C,C,D,A,C,B,C,C,D,A,C,A,D,D,A,B,D,D,C,B
19376722-2,B,C,C,A,B,C,B,C,C,A,C,C,B,C,B,B,B,A,A,D,C,C,D,A,C,C,D,C,A,B,C,B,B,D,C,C,D,C,C,D,D,A,B,B,C,D,C,A,B,D,B,B,D,D,A,C,A,B,B,C
15565484-8,B,D,C,A,B,D,B,D,A,A,C,C,B,B,B,B,A,A,B,B,B,C,D,B,C,D,D,D,D,D,C,B,B,C,A,A,D,A,C,C,A,A,D,B,C,D,D,C,C,A,C,C,A,D,A,B,D,D,D,C
18354586-8,C,C,B,A,B,D,D,C,A,A,C,C,C,A,B,B,A,D,B,D,C,C,D,B,C,D,D,B,B,A,C,B,B,B,C,D,D,C,C,C,C,A,D,B,B,B,C,C,B,B,C,A,B,D,B,C,D,B,A,B
18686438-7,B,C,C,A,D,C,B,D,B,A,C,C,A,C,B,B,B,C,B,D,C,C,D,B,B,A,C,B,A,A,C,B,B,C,A,C,D,A,C,D,D,B,C,B,B,D,C,A,B,D,B,C,D,D,C,B,D,B,C,B
17722451-0,B,C,,A,B,C,B,B,C,A,C,C,B,C,A,D,A,B,A,A,C,C,D,B,C,C,D,D,D,,C,B,B,A,D,A,D,A,A,D,B,A,C,B,C,D,C,A,A,B,,D,B,D,C,B,D,B,,B
19048442-4,B,C,C,A,B,C,B,C,C,A,C,C,C,D,B,B,A,B,B,D,A,C,D,C,C,C,D,D,D,B,C,B,B,C,A,C,C,A,C,D,B,A,D,B,B,D,C,A,B,B,D,B,D,D,D,C,D,B,D,C
18946519-K,C,C,D,C,D,C,B,C,C,C,D,C,C,D,A,D,A,A,B,B,B,C,D,B,C,C,D,B,A,B,C,D,B,D,A,B,D,A,B,D,B,A,D,B,C,D,A,A,D,A,C,A,D,C,D,B,D,B,C,B
19242928-5,B,C,D,A,B,D,B,B,C,A,C,C,B,B,B,D,A,C,A,D,C,C,D,D,C,C,D,B,A,B,C,A,B,D,C,C,C,A,B,D,B,A,D,D,D,D,A,A,B,D,C,A,D,D,A,C,D,A,C,C
18819558-K,A,C,C,A,B,D,B,C,C,A,C,C,B,C,A,D,A,C,A,D,C,C,D,B,C,C,D,B,A,B,C,C,B,C,A,C,D,A,C,D,A,A,D,B,C,D,C,A,B,D,C,C,D,D,C,C,D,B,C,B
18986672-0,B,C,B,D,D,B,C,D,A,C,C,C,C,A,A,D,B,B,A,C,A,B,B,B,B,C,D,A,A,A,C,B,A,D,A,C,A,C,D,D,A,A,D,D,B,B,A,A,A,D,B,D,B,A,C,C,D,D,A,B
19268506-0,A,C,B,A,C,C,C,C,C,C,C,C,A,C,B,B,C,A,B,A,B,D,D,B,C,A,B,B,A,A,C,B,C,B,C,C,A,A,A,D,A,A,B,B,B,D,A,C,B,D,C,C,D,D,D,C,D,B,A,B
16629272-7,A,C,B,A,B,D,B,B,C,C,C,C,A,C,B,D,B,A,B,D,D,C,B,B,C,B,D,D,D,B,C,A,B,C,C,C,D,C,C,C,A,A,D,B,C,D,B,A,B,D,D,B,D,A,C,D,D,B,D,B
16019948-2,B,C,C,A,B,A,C,B,C,A,C,C,C,A,B,C,B,A,D,D,C,C,D,B,C,C,D,B,A,B,C,B,B,B,A,C,C,A,B,D,A,D,D,B,C,D,B,A,B,D,C,C,D,D,A,B,D,B,C,C
18787811-K,D,C,C,D,D,A,D,B,A,D,C,C,B,C,B,B,A,D,A,B,D,C,A,B,B,C,A,B,D,B,A,B,D,C,D,A,D,A,C,C,A,D,C,C,C,B,B,C,B,A,B,,C,D,A,C,D,D,,B
19395869-9,B,C,C,,,C,D,,C,,A,C,,B,A,D,,C,B,D,C,C,B,,,D,A,B,B,A,C,B,B,D,C,A,D,C,A,,B,A,D,,C,C,C,C,,,D,D,D,D,,C,C,,D,C
17846676-3,B,D,C,A,D,C,A,B,C,A,C,C,A,C,B,D,A,A,A,B,C,C,D,B,C,A,D,B,C,A,C,B,C,C,A,D,D,A,C,B,C,A,D,B,B,D,C,C,C,D,C,C,D,D,A,C,D,B,C,C
19767207-2,C,C,C,D,B,C,B,C,C,A,C,C,B,D,B,C,A,D,A,D,C,C,A,B,C,A,D,B,A,B,C,B,B,C,A,C,D,C,C,B,B,D,D,B,C,D,B,A,B,D,D,D,D,A,A,C,D,B,B,C
19950428-2,B,C,C,A,C,C,C,D,A,D,A,B,A,D,A,B,B,B,C,B,A,A,B,C,C,B,B,A,B,B,D,D,B,A,C,D,C,B,D,C,D,B,C,A,C,B,B,A,D,B,C,D,B,B,A,A,A,B,C,B
16284852-6,A,C,C,A,B,C,D,B,A,A,C,B,C,D,B,C,A,A,B,A,C,C,D,B,C,C,D,D,A,B,C,B,B,C,A,C,D,C,C,B,A,A,C,B,B,D,B,A,A,C,B,C,D,C,C,B,D,A,D,B
19573746-0,A,D,D,A,B,D,C,C,C,A,C,C,C,B,B,B,A,C,B,B,C,C,D,C,C,C,D,A,A,A,C,B,B,C,A,B,D,C,B,A,A,A,D,D,B,B,A,A,A,D,D,A,B,B,B,C,D,B,C,A
18455176-4,B,D,C,A,D,C,D,C,C,A,C,C,B,A,B,D,B,C,A,D,C,C,D,B,C,C,B,B,B,B,C,B,B,D,B,C,D,A,C,D,A,A,D,B,B,D,D,A,B,D,D,C,D,D,A,C,D,B,C,B
18252953-2,B,C,B,A,D,C,B,B,D,A,C,C,B,C,A,B,A,C,D,D,C,C,D,C,C,C,D,B,A,B,C,B,B,A,A,A,D,A,B,D,A,A,D,D,A,B,A,C,B,D,C,C,B,C,A,C,D,B,A,C
18606482-8,,C,C,D,D,C,A,C,C,B,C,C,,B,A,D,A,B,B,B,C,C,B,B,C,A,,A,B,B,C,B,B,,C,C,C,C,C,D,A,A,C,D,B,D,A,A,B,D,B,C,D,D,B,B,D,D,C,B
18825720-8,C,D,C,C,B,C,B,D,A,B,A,C,B,B,B,D,A,C,A,C,C,C,B,C,C,D,A,C,A,B,B,B,B,D,A,A,D,A,B,C,B,A,D,D,C,D,C,C,B,A,C,C,B,D,A,C,B,B,D,C
19176486-2,C,C,C,A,B,C,C,B,A,A,C,C,A,D,C,B,A,C,A,C,C,C,D,A,A,C,A,B,A,A,D,B,B,C,C,B,B,C,B,B,A,A,D,B,B,D,C,A,B,D,A,C,D,D,A,C,D,C,C,B
17842330-4,B,C,C,A,B,D,B,B,D,A,C,C,C,C,B,D,A,C,A,D,D,C,D,B,C,A,D,B,B,B,C,B,A,B,A,C,D,A,B,D,A,A,B,B,B,D,A,A,B,C,D,C,D,D,C,A,D,C,D,C
18618410-6,B,C,C,A,B,D,B,D,C,B,A,C,B,B,B,D,B,A,A,D,C,C,A,C,C,A,D,A,B,D,C,B,D,D,A,C,D,C,A,C,A,A,C,D,C,D,C,C,B,A,D,D,D,D,D,C,D,A,A,A
18428377-8,C,C,B,A,B,C,C,B,D,A,C,A,C,D,A,A,A,C,A,A,C,A,D,B,C,D,D,B,D,C,C,B,B,C,A,A,D,A,C,D,A,A,C,B,A,B,C,A,B,A,A,D,D,D,A,D,D,C,C,C
19444034-0,B,C,A,A,D,C,C,C,D,A,C,C,B,C,A,D,A,D,B,C,D,C,D,C,C,A,D,B,C,A,C,B,B,A,A,A,D,D,D,D,A,C,D,B,C,B,B,A,B,C,C,C,C,C,A,B,B,B,C,C
18617522-0,B,C,A,A,B,D,B,B,A,D,C,C,B,B,B,B,B,B,D,D,A,C,A,B,C,C,A,D,A,B,C,B,B,C,A,D,D,C,C,D,A,A,B,C,C,D,B,D,B,B,C,C,D,D,A,C,D,B,D,C
19398841-5,B,C,C,A,D,C,B,D,A,A,C,C,C,C,A,D,A,B,A,D,C,A,D,B,C,A,A,D,A,B,C,B,B,B,A,A,C,A,C,D,B,A,D,D,B,D,C,A,A,D,D,A,D,D,A,C,D,B,C,B
19515122-9,C,C,C,A,B,D,B,B,A,A,B,B,C,C,A,D,D,C,A,D,A,C,A,C,C,B,D,B,D,B,C,C,A,D,C,C,A,C,B,D,A,A,D,D,C,D,A,C,B,D,C,C,D,D,B,B,C,B,B,D
19398089-9,B,C,B,A,D,C,C,D,B,C,C,C,C,C,B,B,A,C,C,B,C,C,D,B,C,C,D,A,B,C,D,C,B,D,A,A,C,C,C,A,B,B,D,B,B,D,B,C,B,A,B,C,D,A,B,A,A,A,A,B
17596984-5,A,C,C,A,B,D,B,C,C,A,C,B,B,D,B,B,A,C,A,D,C,C,D,B,D,C,D,B,A,B,C,C,B,C,A,A,D,A,B,A,A,C,D,B,C,D,C,A,B,A,A,A,D,C,A,C,D,C,C,C
17617377-7,D,C,A,A,B,C,B,B,C,A,C,C,B,B,B,D,A,A,A,D,C,C,D,B,C,C,C,B,C,B,C,A,B,C,A,C,C,A,B,D,B,A,B,B,D,D,C,A,B,D,C,C,D,D,A,C,D,D,C,B
19577735-7,A,C,D,A,B,C,A,C,A,A,C,C,B,B,A,D,A,D,C,D,C,D,D,D,C,C,D,D,A,B,C,B,B,B,D,C,D,A,C,D,A,A,D,A,C,D,B,B,D,C,B,A,D,D,B,C,C,A,C,B
18768962-7,B,C,C,A,B,C,A,C,D,D,C,C,B,A,B,D,A,C,A,D,C,C,D,C,C,C,D,B,D,B,C,B,A,C,A,A,D,A,A,D,C,A,B,B,B,D,C,A,B,B,C,A,D,D,B,C,D,B,C,C
19033562-3,C,C,A,A,B,C,B,B,A,D,C,C,B,C,B,B,A,A,A,B,C,C,D,B,C,C,C,B,B,B,C,B,B,C,A,C,A,A,B,D,A,A,D,D,C,D,D,A,C,D,D,C,D,B,D,D,D,B,D,C
18664741-6,A,C,B,A,B,A,B,C,C,A,C,C,B,B,B,B,B,C,A,C,D,C,D,B,C,C,D,B,C,B,C,A,C,D,A,B,D,A,C,A,A,D,C,B,C,B,C,B,C,D,D,D,D,D,C,C,A,B,B,B
19357093-3,A,C,C,A,C,C,B,B,A,B,B,C,B,C,B,A,A,A,A,D,C,C,D,B,C,A,D,B,C,A,D,A,B,B,C,C,D,C,A,C,B,A,B,D,A,B,B,A,B,B,D,A,D,C,D,C,B,B,C,B
19292154-6,C,D,C,A,B,D,A,B,A,D,A,C,A,C,B,D,B,D,A,D,C,C,D,B,C,C,D,D,B,B,C,B,B,B,A,C,C,A,C,A,A,A,C,B,C,D,C,A,B,A,B,C,C,D,A,C,D,B,C,C
17327084-4,B,C,C,A,B,C,B,B,A,A,C,C,B,B,B,B,A,D,D,B,C,C,D,B,C,C,D,C,A,B,B,A,C,D,A,C,A,A,D,C,B,D,D,C,C,B,C,A,B,A,D,A,B,D,B,D,D,B,A,D
19282160-6,C,C,C,D,B,C,B,B,A,D,C,B,C,C,D,B,A,A,C,D,C,D,D,A,C,C,D,D,A,A,C,A,C,D,A,C,D,C,D,A,D,B,B,B,B,D,C,D,A,A,B,C,B,B,B,C,D,B,A,B
18248196-3,C,C,B,A,B,D,B,B,C,A,C,C,,D,B,B,,D,D,B,B,C,C,B,C,A,C,A,A,D,C,B,B,A,D,C,B,A,D,D,B,,D,D,C,A,C,A,B,D,D,D,D,,A,C,,A,,D
19335811-K,B,C,B,D,D,C,D,B,A,B,C,C,A,D,B,D,D,D,D,C,C,D,D,B,C,A,C,B,A,B,C,B,C,C,A,A,A,A,B,D,A,D,A,D,C,D,A,C,D,D,B,C,D,D,C,B,A,C,C,C
18078519-1,B,C,C,D,B,C,D,D,A,D,C,C,A,D,B,B,D,A,A,D,C,C,D,B,C,C,D,D,B,B,C,B,C,C,C,C,D,A,C,D,A,A,D,B,B,B,C,A,B,A,D,C,A,D,A,C,D,B,C,C
19096562-7,B,C,C,A,D,A,A,B,A,A,A,C,B,D,B,D,A,A,B,D,A,C,D,D,C,A,C,B,A,A,C,C,B,C,A,C,C,A,C,D,B,A,D,C,C,D,A,C,B,A,C,A,C,D,A,C,D,C,D,A
13905177-7,A,C,B,A,B,A,A,B,A,C,C,,,B,B,B,A,C,D,D,D,D,D,,D,C,C,D,A,,C,A,B,D,A,,A,A,B,C,B,D,D,,C,B,C,,,D,D,A,A,,C,C,D,D,A,
19357899-3,B,C,C,A,B,C,A,A,C,B,C,C,A,D,A,D,A,D,A,B,C,C,D,C,C,D,D,A,D,B,C,A,B,D,A,C,C,A,B,D,A,A,C,B,C,D,C,B,B,D,B,D,D,D,B,C,C,B,B,B
15841620-4,B,C,C,A,D,C,B,B,C,A,A,C,C,C,B,D,A,C,A,B,C,C,D,B,C,C,D,B,D,C,C,C,B,C,A,D,D,A,B,A,B,A,C,B,C,D,A,A,B,D,C,D,D,D,A,C,D,D,B,C
17367319-1,D,C,C,A,B,D,B,B,A,A,C,C,C,B,A,C,A,D,A,C,C,C,A,B,D,B,D,B,A,B,C,B,B,C,A,A,A,A,C,C,A,A,C,B,C,D,C,A,B,D,C,C,D,D,A,C,D,B,C,B
19186053-5,A,C,B,C,B,C,B,D,A,B,C,D,C,B,D,B,B,D,B,D,B,C,D,C,C,C,A,B,C,B,A,A,C,B,A,B,A,C,D,C,A,C,B,B,B,D,C,A,B,B,D,C,D,D,C,B,D,B,B,C
16751775-7,B,C,C,A,B,C,B,B,C,A,C,C,A,C,C,D,A,C,D,B,C,C,D,B,C,D,D,B,A,B,C,B,C,C,D,A,D,C,C,D,A,A,D,B,B,D,C,A,B,C,C,C,D,D,A,B,D,B,C,C
19184155-7,A,C,B,A,B,A,B,C,A,C,C,C,C,B,C,D,B,D,B,B,C,C,D,B,C,B,D,B,A,B,C,B,B,A,A,C,D,C,C,D,A,C,D,C,C,D,B,C,B,A,B,C,D,A,C,D,D,D,C,A
17746941-6,B,C,C,A,B,D,A,B,C,A,C,C,A,C,C,D,A,C,A,B,C,C,D,C,D,C,C,B,B,B,C,B,B,C,A,C,C,A,C,C,A,A,C,B,B,D,C,B,B,A,C,A,D,D,A,C,D,B,D,B
19445758-8,B,C,C,A,B,C,B,B,A,A,C,C,B,C,A,D,A,C,B,D,C,C,D,B,C,C,D,B,A,A,C,B,C,B,A,A,D,A,B,D,B,A,D,B,D,D,C,A,B,D,D,C,C,C,C,B,D,B,D,B
18019680-3,B,C,A,A,D,C,D,C,A,A,C,C,A,B,A,B,A,A,B,B,C,C,D,B,C,A,B,B,A,B,C,A,C,D,A,C,D,D,B,D,A,A,D,B,B,D,C,C,B,A,C,C,B,D,A,C,D,D,C,A
15647427-4,A,A,A,A,D,C,B,B,D,A,C,C,B,D,A,D,A,C,A,D,C,C,D,B,C,C,A,B,A,B,C,B,C,B,A,B,D,B,B,B,B,A,C,D,B,B,A,B,C,B,A,A,C,D,D,B,A,D,A,A
16910289-9,D,C,C,A,B,D,B,B,A,A,A,C,B,C,C,B,A,C,D,A,C,C,D,B,C,C,D,B,A,B,C,B,B,C,A,A,D,A,C,D,A,A,D,B,B,D,C,C,B,D,D,C,D,D,C,C,D,C,C,C
18391246-1,B,C,A,A,B,A,D,B,C,A,C,C,D,C,B,D,B,C,A,D,C,C,B,B,C,C,D,B,D,B,C,B,B,B,A,B,C,A,B,D,A,A,D,B,C,B,D,A,B,A,D,A,D,D,A,C,D,B,B,C
8638531-7,B,C,B,A,B,D,A,B,C,D,C,A,A,B,B,B,C,A,A,B,B,C,D,B,C,C,D,D,C,A,C,C,B,D,C,C,D,C,A,D,A,D,D,B,C,D,A,B,C,D,C,C,A,D,C,C,D,A,C,C
14527730-2,B,C,C,A,D,D,B,B,D,A,D,C,C,A,B,D,B,C,D,B,B,C,D,B,C,C,D,B,A,B,C,B,B,C,A,D,D,A,C,A,A,D,D,B,C,D,C,A,B,D,D,C,D,A,C,D,D,A,D,B
19335717-2,B,C,D,A,D,C,C,B,A,A,C,C,B,A,D,B,B,C,A,D,B,C,D,D,C,C,D,D,B,A,B,B,C,B,A,B,D,B,D,C,C,D,D,D,B,C,A,C,B,A,B,A,C,C,B,C,D,B,A,B
19407715-7,B,C,B,A,D,D,B,B,A,A,C,C,C,C,B,B,B,B,B,D,C,C,D,B,C,A,B,A,A,B,C,B,B,C,A,A,D,A,D,C,C,A,B,D,B,D,C,A,A,B,D,C,D,D,B,A,D,A,C,C
19289689-4,B,C,B,A,B,D,B,B,D,A,C,C,B,C,A,C,C,D,A,D,C,A,D,B,C,C,C,D,B,B,C,B,C,C,A,C,D,A,C,D,A,A,C,B,B,D,C,C,B,A,B,A,D,D,B,C,D,A,D,B
17383193-5,B,C,C,C,B,C,C,B,A,A,C,C,A,C,A,B,B,A,B,D,C,C,D,B,B,C,B,C,A,A,C,C,B,C,A,C,D,A,C,D,C,A,D,D,B,D,B,B,B,D,C,D,D,D,D,C,D,D,D,B
18763935-2,B,C,C,A,B,C,D,B,D,A,C,B,B,C,B,B,A,C,A,D,C,C,D,B,C,A,D,C,D,B,C,B,B,C,A,C,D,A,C,C,A,A,D,B,C,D,A,A,B,B,D,C,C,D,C,B,D,D,A,C
19493168-9,B,D,B,A,B,A,B,C,A,A,B,C,B,C,A,A,A,C,D,D,C,C,D,A,C,C,B,D,B,B,C,B,C,D,A,B,A,C,C,D,B,A,A,B,B,D,B,A,B,D,D,C,D,D,A,C,B,D,A,A
19515546-1,B,C,C,C,B,C,D,C,C,C,C,C,C,B,A,D,A,C,D,C,C,C,D,C,C,C,D,D,B,D,C,B,A,A,A,C,C,B,A,C,C,B,B,D,C,D,B,C,B,A,D,C,D,D,C,C,D,B,D,B
18694139-K,B,C,C,A,B,C,D,A,C,A,C,C,B,C,B,B,A,A,A,B,C,C,D,B,A,C,B,B,A,D,C,B,B,C,A,C,D,D,C,D,A,A,C,B,B,D,C,C,B,D,C,B,C,D,A,C,D,B,A,D
18956716-2,B,C,C,A,B,B,B,C,C,A,C,C,B,C,B,D,A,C,A,D,C,C,D,B,C,C,D,B,B,B,C,B,C,C,A,C,D,A,C,D,A,A,C,B,C,D,C,A,B,C,B,C,D,D,A,C,D,B,D,B
19529257-4,C,C,D,D,B,C,C,B,D,D,C,C,C,B,D,D,A,C,D,D,B,C,D,B,C,C,A,A,B,A,C,B,B,B,A,C,D,A,D,D,B,A,D,C,B,D,C,A,B,D,A,B,D,D,B,B,D,C,B,B
16682028-6,B,C,C,A,B,D,D,B,D,A,C,C,B,C,B,C,A,C,A,D,C,C,D,B,C,A,D,B,A,B,C,B,B,C,A,C,D,A,C,D,C,A,C,B,D,D,C,A,B,A,C,C,D,D,A,C,D,B,C,C
15126632-0,A,C,B,A,C,A,C,C,A,C,D,C,C,A,C,D,A,A,D,B,A,D,D,B,C,A,B,B,A,B,C,A,B,B,B,C,A,C,C,D,A,B,A,B,C,A,B,C,B,D,A,D,A,C,C,B,B,D,A,A
18395556-K,B,C,C,A,B,D,B,D,D,A,C,A,C,A,A,B,A,D,C,D,C,C,A,B,A,C,D,C,D,B,C,B,B,D,D,A,D,C,D,D,C,A,B,B,C,B,B,A,B,C,D,A,B,D,C,A,D,D,B,C
