RUN,
18177744-3,B,B,A,D,D,A,A,A,A,D,A,D,C,D,C,C,A,D,A,A,C,D,B,D,A,D,B,C,C,C,A,B,C,B,B,A,D,C,A,A,B,A,B,B,A,B,C,A,C,A,D,C,A,A,D,D,B,A,C,C
19219297-8,B,B,A,B,D,C,D,C,A,B,A,D,C,A,C,C,C,D,A,A,C,A,A,C,D,D,C,B,C,D,A,B,D,C,D,D,B,B,A,C,B,A,B,B,A,B,C,A,B,A,B,A,A,A,A,B,B,A,D,C
18772459-7,B,A,A,C,D,A,D,D,D,D,A,A,A,A,C,C,B,D,A,D,C,A,B,D,B,D,C,C,C,C,A,B,A,A,C,D,B,A,A,B,B,A,D,B,C,B,C,A,B,B,C,D,C,A,A,B,C,D,A,D
19309495-3,B,B,A,D,D,C,D,D,A,B,A,B,B,C,C,A,C,B,D,D,C,A,C,B,A,B,D,B,C,A,B,C,C,D,D,C,B,D,A,D,B,C,C,B,C,B,C,D,B,B,C,B,C,D,B,D,C,C,D,C
16327865-0,B,B,A,A,D,C,A,D,A,B,A,D,A,B,B,C,B,B,A,A,C,D,C,A,D,C,C,C,C,,,B,A,D,D,A,B,D,A,A,B,,B,B,C,B,C,A,,A,,C,C,A,A,B,A,A,B,C
19490954-3,B,B,A,D,B,A,D,C,A,C,A,D,D,A,C,C,B,A,A,,C,,C,D,D,,C,B,C,A,A,B,B,A,B,D,A,A,A,C,A,,B,C,A,B,C,A,B,A,C,D,C,C,C,A,A,A,D,C
19093176-5,A,B,A,A,A,A,A,C,D,B,A,B,A,D,C,A,B,C,A,A,C,A,D,B,A,D,B,B,C,A,B,B,D,B,C,D,B,,A,D,C,A,B,B,A,B,C,A,D,B,B,C,D,A,A,A,B,B,B,B
19330355-2,B,C,A,D,B,C,D,C,A,D,B,D,A,C,C,C,C,D,A,A,C,D,B,C,A,A,C,A,C,C,C,B,B,A,A,D,B,D,B,D,B,A,D,B,A,D,C,D,D,B,B,D,C,A,C,B,B,A,D,B
17746595-K,B,B,A,D,C,C,D,C,A,D,A,A,C,A,D,A,B,D,A,A,C,A,B,C,A,D,C,C,C,A,B,D,A,C,C,D,B,A,A,C,D,A,B,B,D,B,C,D,B,A,B,A,C,B,A,D,B,A,D,C
17521257-4,B,B,A,D,D,A,D,C,B,B,B,C,C,C,B,A,B,B,A,D,A,D,B,A,A,B,C,A,C,A,B,B,C,B,A,C,B,B,A,C,B,C,C,C,D,B,C,A,C,B,D,C,B,A,A,B,A,A,D,C
18216625-1,A,B,A,B,A,A,A,D,D,D,D,D,C,D,C,C,B,C,D,C,C,A,D,A,A,A,C,A,D,A,A,C,A,C,D,B,B,D,A,B,B,A,C,C,A,B,C,A,A,B,B,D,C,A,A,A,C,B,C,C
18954374-3,B,A,A,C,A,A,D,A,A,B,A,D,C,A,B,C,C,D,A,A,C,A,D,B,A,D,C,A,C,A,B,D,B,D,D,A,B,A,A,D,A,A,D,B,A,D,C,A,B,A,B,B,C,C,A,A,B,A,D,C
18824330-4,C,A,A,C,D,C,D,C,A,A,A,D,C,A,C,C,B,D,A,A,C,A,A,C,A,D,C,B,C,A,A,B,D,C,B,D,C,A,A,C,B,A,B,B,A,B,C,A,C,B,A,A,C,C,A,B,B,A,D,C
19029144-8,B,A,A,D,D,C,A,C,A,D,A,D,C,A,C,C,B,D,A,A,C,A,D,C,A,D,C,B,C,A,A,B,D,C,B,D,B,A,A,C,B,A,B,B,A,B,C,A,B,A,B,A,A,A,A,D,B,A,D,C
22453992-4,A,B,C,D,D,A,A,A,A,B,A,D,D,D,C,C,B,D,C,D,C,A,B,C,D,B,C,C,C,A,B,B,B,A,B,D,B,D,A,C,B,A,C,B,C,B,C,D,D,C,A,B,A,A,A,B,B,A,A,C
19321813-K,B,C,A,D,D,A,A,C,A,B,A,D,C,D,C,C,C,D,A,A,C,A,A,C,A,D,C,B,C,C,A,B,B,C,,C,,D,A,C,A,A,A,B,A,B,C,A,B,A,C,B,B,A,A,B,,A,B,A
18267927-5,B,B,A,D,D,A,C,D,B,D,A,D,D,A,C,C,B,D,A,A,C,A,C,B,D,B,C,A,C,A,D,B,A,B,C,A,C,C,B,C,B,A,B,C,D,B,C,B,B,C,A,C,C,D,B,B,A,B,C,A
17354412-K,A,A,A,D,C,A,C,A,A,D,A,A,B,A,C,C,B,D,A,C,C,D,A,D,A,C,C,B,C,A,A,B,D,C,D,C,B,D,B,D,B,A,B,B,B,D,C,A,D,D,B,A,C,A,A,A,B,A,C,B
19489930-0,C,A,A,A,A,A,A,C,A,A,A,D,C,A,C,C,B,D,A,A,C,A,C,C,A,D,C,B,C,D,A,C,D,C,B,D,C,A,A,C,B,A,B,B,A,B,C,A,C,A,B,A,C,C,A,B,B,A,D,A
19319856-2,B,B,A,D,A,C,D,,A,D,A,D,A,D,C,D,B,D,A,A,C,A,,B,C,D,C,A,C,,,D,A,D,,,,D,A,C,B,,B,B,,B,C,A,C,C,B,A,C,A,A,B,B,C,B,C
19264412-7,B,A,A,D,D,C,D,C,A,D,A,D,C,A,C,A,C,D,A,D,C,A,D,C,A,D,C,B,C,B,D,B,A,D,D,D,B,A,C,D,A,A,B,B,A,B,C,A,D,C,B,B,A,C,C,A,B,B,D,C
19479164-K,B,B,A,C,D,C,D,A,A,D,A,D,A,A,C,C,D,D,A,A,C,C,A,C,D,D,C,A,C,D,A,B,D,D,B,D,B,D,A,A,D,A,B,C,A,D,C,A,D,B,C,B,C,C,A,B,B,D,D,D
19345004-0,B,B,A,D,C,A,A,D,A,B,A,B,C,D,B,C,D,D,A,A,A,A,C,C,A,D,D,A,C,A,A,B,B,A,C,D,B,A,A,D,A,B,B,C,A,D,C,A,C,B,C,B,C,A,A,B,B,A,D,C
19551167-5,B,C,A,D,B,A,A,A,A,A,A,D,A,C,C,C,B,D,A,D,C,C,C,B,A,B,C,B,C,C,A,B,A,A,D,C,B,A,A,A,B,A,A,B,C,B,C,A,C,A,B,A,A,A,A,B,C,A,D,D
18579882-8,A,A,D,C,B,C,C,B,B,D,B,D,A,A,C,C,A,D,A,B,D,B,B,D,D,B,C,D,C,C,B,D,A,D,B,B,B,C,A,D,B,D,B,B,D,B,C,A,D,D,C,D,C,A,C,D,C,D,A,A
10600048-4,B,B,A,D,D,A,A,C,A,B,A,D,C,A,C,C,D,D,A,A,C,A,C,C,A,D,C,B,C,C,A,B,D,A,D,D,B,A,A,C,B,A,B,B,A,B,C,A,C,A,C,A,C,A,A,B,B,A,D,C
19013713-9,C,B,A,D,A,A,D,C,A,B,A,D,C,A,C,C,B,D,A,A,C,A,D,C,C,D,C,C,C,A,A,B,A,B,D,A,B,B,A,C,D,A,B,B,A,D,C,A,B,A,A,A,C,C,A,A,B,A,D,C
19291042-0,B,D,A,B,D,A,A,C,A,B,A,D,B,A,B,C,D,C,A,C,C,A,B,C,A,D,C,B,C,A,A,B,D,B,B,D,B,A,A,C,B,B,D,C,D,B,C,A,B,C,C,A,C,C,B,B,B,B,D,C
19490132-1,B,D,A,D,B,A,D,C,A,A,D,D,C,A,A,C,C,D,A,A,C,A,C,B,A,D,C,B,C,D,A,B,B,A,D,B,C,A,A,A,B,A,B,B,A,B,A,A,B,A,B,D,C,C,B,B,B,A,D,C
19423959-9,A,B,A,D,C,A,A,A,A,D,A,C,B,B,C,C,A,D,A,B,C,A,C,B,A,A,D,A,C,D,A,D,C,D,D,C,B,A,A,D,A,A,B,B,A,B,C,D,C,B,C,A,A,A,A,D,B,A,D,C
19416771-7,B,B,A,B,D,C,A,A,A,B,A,C,C,D,C,C,B,D,A,C,C,A,D,B,B,D,C,A,C,A,B,B,D,B,D,B,B,B,A,C,B,A,D,B,C,B,C,A,D,B,A,A,C,A,A,B,B,A,D,C
18768984-8,B,B,A,D,A,A,D,D,A,B,A,D,D,D,C,C,B,D,A,A,C,A,C,C,A,D,C,B,C,A,A,B,C,D,B,D,A,D,A,C,B,A,C,B,B,B,C,A,D,D,B,B,C,A,A,B,D,A,D,D
19490232-8,B,A,A,D,D,C,A,C,A,B,A,D,D,A,C,C,B,D,A,A,C,A,C,C,A,D,C,B,D,C,A,B,D,B,D,D,B,D,A,A,A,A,B,B,B,B,C,A,D,A,B,B,A,C,B,A,B,A,D,C
18165611-5,B,D,A,D,D,C,D,A,A,A,A,D,D,A,C,C,B,C,A,,,C,,A,,,C,,,,B,B,,B,B,D,,,,D,D,,A,B,A,B,C,B,D,A,B,A,C,B,A,B,B,A,C,C
19837554-3,B,B,A,D,D,A,A,C,A,D,A,D,A,A,C,C,D,D,A,A,C,A,D,C,A,D,C,B,C,B,A,B,B,C,B,A,B,B,A,C,B,C,D,B,A,B,C,A,D,A,B,A,C,C,A,B,B,A,C,C
18551225-8,A,B,A,A,D,A,B,B,A,D,A,D,D,A,A,A,D,D,A,A,C,D,B,B,A,B,C,A,C,A,A,B,D,C,B,B,B,D,A,D,D,C,D,B,A,B,C,A,D,B,B,A,A,D,A,B,B,A,D,C
18652585-K,A,B,A,D,A,A,A,C,A,A,A,D,D,D,C,D,A,A,A,A,C,D,A,B,D,D,C,C,C,A,A,B,B,B,D,D,B,C,B,D,C,A,B,B,D,B,C,D,C,B,B,D,C,C,A,A,B,A,C,C
18328667-6,B,B,A,D,D,C,A,C,A,B,A,D,C,A,C,D,D,D,A,A,C,A,D,B,A,C,C,B,C,A,A,B,D,C,D,D,B,B,C,C,D,A,D,B,C,B,C,A,B,C,B,D,A,A,A,B,B,A,D,C
17579520-0,B,B,A,D,D,A,A,C,A,A,B,D,A,D,C,C,A,D,A,C,C,D,B,B,D,D,C,B,D,A,A,B,A,A,D,C,B,A,A,C,D,A,B,B,A,B,C,A,B,A,D,A,A,A,B,D,B,A,D,C
18724126-K,B,B,A,C,D,C,A,C,A,B,A,D,C,A,C,C,C,D,A,A,C,A,C,C,A,D,C,B,C,C,A,B,D,,,D,B,D,A,C,B,C,B,B,A,B,C,A,C,A,B,D,A,A,A,B,D,A,D,C
19104343-K,B,B,A,D,B,A,A,D,D,D,B,D,A,A,C,C,D,D,D,A,C,A,D,B,D,D,B,A,C,D,B,B,A,D,C,A,A,D,A,D,B,D,B,B,C,D,C,A,C,A,B,C,C,A,A,B,D,A,D,D
18494940-7,B,B,A,D,,C,A,C,A,D,A,C,C,D,C,C,B,D,A,A,C,A,,B,,D,D,C,D,A,A,B,,B,,D,B,,A,C,B,,B,B,A,,C,D,C,A,D,A,A,D,A,B,A,A,D,
18729877-6,B,B,B,A,D,A,D,A,A,A,A,A,D,D,C,A,D,D,A,D,C,A,C,D,D,D,C,B,C,B,A,B,B,D,D,D,B,C,A,D,B,B,C,B,A,B,C,D,B,A,B,D,C,A,A,B,B,D,C,C
19468336-7,A,D,A,C,B,D,A,C,D,D,A,B,C,B,D,A,C,D,A,D,C,C,B,B,B,A,A,C,C,A,C,B,A,A,C,A,A,D,C,D,B,A,C,B,B,C,C,A,D,D,B,C,A,C,A,B,B,D,D,C
17953628-5,B,B,A,D,D,C,D,C,D,A,A,A,A,A,C,D,B,A,A,A,C,A,B,C,A,D,C,C,C,A,A,B,C,D,C,D,B,B,A,D,D,B,B,B,A,D,C,A,C,B,C,D,C,D,C,D,B,B,C,C
18926132-2,B,B,A,A,D,C,A,D,A,D,A,D,A,A,D,C,B,D,A,A,C,A,C,D,A,D,C,C,B,A,D,B,D,B,D,B,B,A,A,C,A,A,B,B,C,B,C,D,D,C,B,A,C,A,B,B,B,A,C,C
19436745-7,B,B,A,D,B,A,C,D,A,D,A,D,A,D,C,C,C,D,C,A,C,A,D,B,A,D,D,B,C,,B,B,D,C,B,,,A,A,C,A,,C,B,,B,C,A,B,C,A,C,D,A,A,D,B,D,D,A
17482378-2,B,B,A,D,D,A,D,D,A,A,A,D,C,A,C,C,C,D,A,A,C,A,D,C,A,D,C,B,C,C,A,B,D,B,D,D,B,D,A,C,B,D,B,B,A,B,C,A,B,A,B,A,C,A,A,A,B,A,C,B
19490422-3,B,A,A,D,D,D,D,C,A,B,A,D,C,A,C,C,B,D,A,A,C,A,D,C,D,D,C,B,C,D,A,B,D,D,B,C,B,A,A,C,D,A,D,B,A,B,C,A,C,A,C,A,C,C,A,A,B,A,C,A
19185858-1,A,B,A,D,C,C,D,C,A,C,A,D,A,A,D,C,B,D,A,A,C,A,B,C,D,D,C,A,D,A,A,B,A,A,B,D,B,D,A,D,A,C,B,B,A,B,C,A,D,B,B,D,C,A,B,B,B,A,D,C
18618246-4,B,B,C,B,D,C,A,C,A,D,A,D,C,D,C,C,B,D,A,A,C,A,C,C,A,D,C,B,C,D,A,B,B,C,D,D,B,A,A,C,B,A,B,B,B,B,C,A,B,A,B,B,B,C,A,B,B,A,D,C
18929228-7,B,A,D,D,A,A,D,C,D,B,A,D,B,B,C,B,B,D,A,A,C,B,C,C,A,C,C,A,B,A,C,B,D,C,D,C,B,B,A,C,B,A,C,B,A,B,C,A,D,C,B,A,C,A,A,D,B,A,C,B
18998626-2,B,B,A,D,D,C,D,C,A,D,A,D,C,A,C,C,B,D,D,A,C,A,C,C,A,D,C,B,C,B,A,B,B,A,D,D,B,A,A,C,B,A,B,B,A,B,C,A,C,A,B,A,C,C,A,B,B,A,D,C
19619102-K,B,B,A,C,D,C,C,C,A,D,A,D,C,A,C,C,B,D,A,A,C,A,C,C,A,D,C,A,C,A,A,B,D,C,B,C,B,D,A,D,B,A,C,B,C,C,C,A,C,A,B,D,A,A,A,B,B,D,C,C
19211482-9,A,C,A,D,C,A,A,D,A,D,D,B,B,D,C,C,A,D,A,A,C,A,A,D,A,D,D,C,C,A,A,B,D,B,D,C,B,A,A,D,B,A,A,B,A,B,C,D,D,A,A,B,C,A,D,C,B,C,C,A
18110153-9,B,B,A,D,D,A,A,C,A,D,A,D,C,D,C,C,B,D,A,D,C,A,C,C,A,D,C,B,C,B,A,B,D,C,D,C,B,D,A,C,B,A,B,B,A,B,C,A,B,B,A,D,C,A,A,B,B,A,D,C
16918186-1,A,B,D,C,D,A,D,C,A,B,A,D,C,D,C,C,D,D,A,C,C,A,,D,A,D,C,C,A,,A,B,,,B,D,B,D,A,C,B,,A,B,A,B,C,C,D,B,B,D,D,C,A,B,A,D,D,B
18999897-K,B,B,A,A,D,A,A,C,A,A,A,D,C,D,A,D,D,D,A,A,C,A,B,A,A,D,C,A,C,C,B,C,B,B,B,A,B,B,A,D,D,A,C,A,A,B,C,A,B,B,A,A,C,A,B,D,B,A,D,A
16213130-3,D,B,D,D,B,C,D,B,B,D,A,D,D,D,A,C,B,D,A,A,D,D,B,D,C,D,B,B,C,C,A,C,A,C,B,A,D,A,A,A,A,C,C,A,B,D,C,D,B,C,B,A,C,B,A,D,A,A,D,D
19287550-1,A,B,A,D,D,C,D,C,B,B,A,D,C,D,C,C,B,D,A,A,C,B,C,C,A,D,C,B,C,C,A,D,B,B,B,C,B,A,A,A,B,A,B,B,A,B,C,A,B,A,B,B,C,A,A,D,B,A,D,C
18998530-4,B,B,A,D,D,A,D,C,A,B,A,D,C,A,C,C,D,D,D,A,C,B,D,C,A,D,C,B,A,D,A,B,D,A,D,D,A,A,A,C,B,A,B,B,A,B,C,A,C,A,B,A,C,C,A,B,B,A,C,C
19199384-5,B,B,A,C,D,C,D,A,A,B,A,A,C,A,B,A,D,D,A,A,C,A,D,C,A,D,C,C,C,B,B,B,A,C,C,D,B,A,A,C,D,A,B,B,D,D,C,A,B,B,D,B,C,A,A,B,A,A,D,A
17348169-1,B,B,A,D,D,B,A,D,A,D,A,D,C,C,C,C,B,D,C,A,D,A,B,C,D,D,C,B,C,A,A,B,A,C,B,A,B,A,A,A,C,B,B,B,A,B,C,A,B,A,A,C,C,A,A,B,B,C,C,D
18662591-9,B,A,A,B,D,A,D,D,A,A,A,D,C,D,C,C,B,D,D,A,C,A,D,C,D,A,C,B,C,A,A,B,D,A,D,C,D,D,C,C,D,A,B,A,C,D,C,A,D,C,B,C,C,A,A,B,B,A,C,C
19044883-5,B,B,A,D,A,D,A,D,A,B,A,A,C,D,C,C,D,D,A,A,C,A,D,D,A,D,B,B,C,A,B,B,B,A,D,C,B,A,A,C,D,C,B,B,D,B,C,D,D,B,B,B,C,A,A,B,B,D,D,C
19481914-5,B,B,A,C,D,A,C,C,A,B,A,D,C,D,C,C,B,D,A,A,C,A,C,C,A,C,C,D,C,C,A,B,D,A,D,A,B,A,A,C,A,A,B,B,A,B,C,A,C,A,B,A,C,C,A,B,C,A,C,D
18802088-7,B,B,A,C,D,C,A,B,A,D,,D,,C,C,C,A,,A,,C,A,,C,A,,C,A,B,,A,,,,,,,D,A,A,B,,C,,A,B,C,,D,B,,B,A,A,A,A,,B,D,C
19515989-0,B,B,A,C,D,C,A,A,A,B,A,D,C,A,C,C,B,D,A,A,C,A,C,C,C,D,B,B,C,A,A,B,B,B,D,D,B,A,A,C,B,A,B,B,A,B,C,A,C,A,D,A,A,A,A,D,B,A,C,C
18766195-1,B,B,A,C,D,A,D,A,A,A,A,D,B,C,C,A,B,C,A,A,C,A,B,C,A,A,C,C,C,A,C,B,A,D,D,C,B,A,A,A,D,A,B,B,A,D,C,A,B,A,B,C,C,B,A,A,C,A,C,C
19773842-1,B,B,A,B,D,A,D,C,A,D,D,,,,C,A,B,,A,,C,,,,,,,B,C,,,,,C,,,,,,D,,,,B,,B,C,A,,,,A,C,A,A,B,,A,C,C
13241580-3,B,B,A,C,D,C,D,D,D,B,A,D,C,C,C,C,B,D,A,A,C,A,C,B,A,D,C,B,B,A,A,B,D,B,B,D,B,D,A,C,B,A,B,B,A,B,C,A,C,A,B,D,D,A,A,B,B,D,D,C
18201269-6,B,B,A,D,C,C,D,A,A,C,A,A,C,C,D,C,,,A,,A,,A,D,A,,C,C,B,,A,B,,C,C,D,A,A,A,C,B,,,,D,B,C,A,B,A,B,B,C,D,D,B,D,C,C,A
19134161-9,A,B,A,C,B,A,D,C,A,B,A,D,B,A,C,C,B,D,A,A,C,A,D,B,A,B,C,B,C,C,A,B,D,B,D,D,B,B,A,D,A,A,B,A,A,B,C,A,C,B,D,D,C,A,C,B,B,A,C,C
19633325-8,B,B,A,D,D,A,A,B,A,B,A,D,C,A,C,C,B,D,A,A,C,A,B,C,A,D,C,C,C,C,A,B,B,C,C,D,B,A,A,C,D,A,C,B,A,B,C,A,C,B,D,B,C,A,A,B,B,A,C,C
18452499-6,B,B,A,D,B,A,D,C,D,D,B,D,A,A,C,B,B,D,A,D,A,A,B,B,A,A,A,A,C,A,B,B,A,D,A,D,B,C,A,D,C,A,B,C,A,B,C,A,D,C,C,A,C,C,A,A,C,C,C,B
18251180-3,B,B,A,C,D,A,A,A,A,B,A,A,C,A,C,C,D,B,A,C,C,A,C,A,A,D,C,B,C,A,B,B,D,B,D,B,A,D,A,D,A,A,B,B,C,B,C,A,B,B,B,A,C,D,A,B,B,D,D,C
18857609-5,,B,A,D,B,A,A,C,B,B,A,B,,D,C,C,A,C,A,B,,A,D,D,A,,C,,A,,A,,,D,C,,B,,A,D,B,,C,B,A,D,C,A,D,,C,B,B,,A,A,B,A,C,A
18117996-1,B,B,A,A,D,C,A,C,A,B,A,D,C,A,C,A,B,D,A,A,C,A,C,C,A,D,C,B,C,A,B,B,D,B,D,D,B,A,A,C,D,A,B,B,B,B,C,A,C,A,A,B,C,C,A,B,B,A,C,A
19243571-4,B,B,A,D,D,A,A,C,A,A,A,D,C,A,C,C,C,D,A,A,C,A,D,C,D,D,C,B,C,A,A,B,D,B,B,D,B,A,A,C,D,A,B,B,A,B,D,A,C,C,B,A,C,C,B,B,B,D,C,C
17489732-8,B,B,A,D,A,A,D,C,A,D,A,D,C,D,C,C,B,D,D,D,C,D,D,B,A,A,C,B,C,A,A,B,D,C,B,C,B,B,A,C,B,A,B,B,A,B,C,A,C,A,B,A,A,C,A,A,D,D,C,C
18907432-8,A,B,A,D,C,A,D,C,A,B,A,D,B,D,C,C,B,D,A,A,C,A,A,C,D,D,C,B,C,C,A,B,B,C,C,A,B,A,A,C,A,A,B,B,A,B,C,A,B,A,B,B,C,B,A,B,B,C,D,C
18876055-4,B,B,A,D,D,A,D,A,A,B,A,C,B,D,C,C,C,B,A,A,C,D,A,C,D,D,C,B,C,C,A,D,D,D,B,D,A,B,A,C,D,A,B,B,C,B,C,A,B,A,C,D,A,A,A,B,B,A,D,C
22871056-3,B,B,A,C,D,A,,C,,D,A,,A,,,D,,,A,,,,,B,,,,A,,,A,B,,,,,,,,,,,B,C,,B,,,,,,D,,,A,B,,,D,C
17686472-9,A,A,D,C,D,C,C,C,A,B,A,D,C,D,C,A,D,D,A,D,C,A,A,D,A,B,C,A,C,A,B,B,D,C,D,B,B,A,A,C,D,C,B,B,A,D,C,A,D,A,B,B,D,C,A,B,B,A,D,A
19690458-1,B,C,A,D,B,C,A,C,A,A,A,A,C,A,B,C,B,D,A,A,C,B,D,C,A,D,C,C,D,C,A,B,B,C,D,D,B,A,A,C,A,D,B,B,B,B,C,A,B,C,B,B,B,A,A,D,C,D,C,C
19566100-6,B,A,A,C,D,C,A,D,A,B,A,D,C,D,A,C,B,D,A,D,C,A,D,C,D,D,C,B,C,D,A,B,B,B,D,A,B,A,A,A,A,A,B,B,A,D,C,D,D,A,B,B,A,D,A,B,B,A,C,C
19618474-0,B,B,D,D,D,A,C,C,A,D,A,D,C,A,A,C,C,D,A,A,C,A,C,C,A,D,C,D,B,D,A,B,D,A,B,B,B,A,A,C,B,A,B,B,B,B,C,A,D,B,A,A,A,A,A,B,B,A,C,C
17836162-7,B,B,A,D,D,C,A,A,A,B,A,A,C,A,C,C,B,D,C,A,C,A,D,C,D,D,C,B,C,C,A,B,D,A,D,C,B,D,A,C,D,A,B,B,A,D,C,A,B,A,B,A,C,A,A,B,B,A,D,C
10338952-6,B,B,A,A,B,A,D,A,D,A,A,A,B,D,C,C,B,D,A,A,C,D,A,D,D,B,C,C,C,C,C,B,C,D,B,D,A,D,A,D,B,A,B,B,A,B,C,A,B,A,D,A,C,A,A,D,B,A,C,C
18375480-7,A,A,A,D,D,D,D,C,A,D,A,D,C,A,C,C,B,D,A,B,C,A,C,C,B,D,C,B,C,B,A,B,D,A,D,C,B,A,A,C,B,C,B,B,A,B,C,A,C,A,B,A,C,C,C,B,B,A,D,C
18991820-8,B,B,A,C,D,A,D,A,A,D,A,D,A,A,C,C,B,C,A,A,C,A,A,D,A,D,C,C,C,B,A,B,B,B,D,D,B,B,A,A,D,A,B,B,A,D,C,A,B,A,B,D,C,A,A,B,B,A,D,D
19587317-8,A,B,A,D,D,C,A,C,A,D,A,D,C,A,C,C,A,D,D,A,C,A,B,C,D,B,C,B,C,A,B,B,D,D,B,D,B,B,A,D,B,D,A,B,B,B,C,A,D,B,B,B,A,D,A,B,B,A,B,C
19469750-3,B,B,A,C,D,A,D,C,A,D,D,D,C,C,C,C,B,D,A,A,C,A,D,C,A,D,C,C,B,A,A,B,B,D,B,B,B,A,A,C,B,A,B,B,C,D,C,A,C,A,B,A,C,C,A,B,B,A,A,C
19534087-0,B,B,A,D,D,C,A,C,A,B,A,A,C,D,C,C,B,D,A,A,C,A,D,B,A,D,C,A,C,C,B,B,D,B,A,D,A,D,A,B,A,A,C,B,C,B,C,A,D,C,B,A,C,A,A,B,B,A,D,A
19516174-7,B,B,A,D,D,A,D,C,B,A,A,D,A,D,C,C,B,D,D,D,C,A,B,C,D,B,C,B,C,B,A,B,D,C,B,D,B,A,A,A,D,B,B,B,B,B,C,A,C,A,C,A,C,D,A,D,B,D,D,B
17921123-8,A,B,A,D,D,C,D,D,A,D,A,A,C,C,C,A,B,D,A,C,C,A,C,A,D,D,C,B,B,A,A,B,D,A,C,C,B,B,A,D,A,B,B,B,B,D,C,A,C,C,B,D,C,A,A,B,B,A,D,C
19447497-0,B,B,A,D,D,A,A,C,A,B,A,D,A,A,C,C,B,B,A,A,C,D,C,D,A,D,C,A,C,C,B,B,B,C,D,D,D,D,A,A,D,A,C,B,A,B,C,A,B,C,B,D,A,B,B,D,A,A,D,D
19620336-2,C,B,A,C,A,A,D,C,A,B,A,D,,,C,D,B,,A,A,B,A,B,C,A,,,B,C,,A,B,A,C,D,D,,,B,C,A,A,,B,,B,C,A,A,B,D,D,C,C,,D,D,C,C,C
19770609-0,A,A,A,D,A,C,A,C,A,A,A,D,C,D,C,C,C,D,A,A,C,A,B,C,D,D,C,A,B,C,B,B,C,B,D,C,B,C,A,D,B,A,B,B,D,D,C,B,B,C,C,A,C,A,A,A,A,A,C,C
15308404-1,B,B,A,D,D,A,D,D,A,B,A,D,A,D,C,C,B,D,C,A,C,A,C,D,A,A,C,B,C,C,A,C,A,D,B,D,B,C,A,C,D,C,B,D,A,B,C,A,D,B,D,B,C,D,D,B,C,A,C,C
19041970-3,B,A,A,C,D,A,D,C,A,D,A,D,C,B,C,C,B,D,A,A,C,A,A,C,B,D,C,A,C,B,A,D,B,A,D,D,B,D,A,A,B,A,B,B,C,B,C,A,B,A,B,D,A,A,A,A,B,A,D,C
19328597-K,B,B,A,D,D,A,C,B,B,D,A,D,A,D,C,C,B,B,A,B,C,A,B,D,A,A,C,B,C,B,A,C,B,A,D,D,C,D,B,D,D,C,B,C,C,D,C,B,D,C,B,D,A,D,A,C,B,D,C,C
19644564-1,A,B,A,C,B,A,D,C,A,B,A,D,C,D,C,C,B,D,A,A,C,A,C,C,A,D,C,B,B,C,A,B,B,C,B,D,B,A,A,C,B,A,B,B,A,B,C,A,C,B,A,D,C,A,B,D,B,D,D,C
19691730-6,B,B,A,D,B,C,D,C,A,D,A,B,B,A,A,C,D,A,C,D,C,C,B,C,D,D,D,B,C,A,A,B,A,B,D,A,B,C,A,D,B,B,A,D,A,B,C,A,B,A,B,B,C,A,A,A,B,A,D,C
18550850-1,B,A,A,A,C,C,D,D,A,A,A,D,B,C,A,B,D,B,D,D,D,D,B,A,D,C,C,A,C,C,A,B,A,A,A,C,B,D,B,A,B,A,A,B,D,B,C,A,A,B,C,B,A,A,A,A,C,D,C,A
16902060-4,B,B,A,D,A,A,D,A,D,B,A,D,C,A,C,C,B,D,A,A,C,A,D,C,D,D,C,B,C,D,A,B,A,B,D,D,B,A,A,C,B,D,B,B,A,B,C,D,C,B,B,D,B,C,A,B,B,D,D,C
18612873-7,B,B,A,D,B,A,D,C,A,D,A,D,B,D,C,C,B,B,A,D,C,B,B,D,A,A,A,A,C,C,C,B,D,D,D,C,B,C,A,A,A,A,D,C,A,D,C,D,A,A,B,C,B,C,A,A,B,A,D,C
15474973-K,B,C,A,C,D,A,D,A,A,B,A,D,C,A,C,C,D,D,A,A,C,D,A,C,A,D,C,C,C,A,A,B,,D,B,A,B,C,A,C,A,B,C,B,A,B,C,D,B,A,B,D,C,A,A,B,B,A,C,C
17658943-4,B,B,A,D,D,A,A,C,D,D,A,D,A,A,C,A,B,D,A,D,C,A,D,B,A,A,C,A,C,C,A,D,A,A,B,D,B,A,A,C,B,B,A,B,A,D,C,A,D,A,B,B,C,A,A,A,B,B,D,C
18904764-9,B,B,A,D,C,A,D,C,A,B,A,D,C,D,D,C,A,D,A,A,C,A,C,C,D,B,C,C,C,A,A,B,,B,,,B,A,A,B,A,A,B,B,A,B,C,A,B,B,B,A,C,A,A,D,C,A,D,B
19759293-1,C,C,A,C,D,A,A,C,B,D,A,B,C,C,D,B,B,D,A,A,C,D,C,B,A,A,B,B,C,C,A,C,A,C,B,D,C,D,A,C,D,B,D,B,C,B,C,B,C,D,B,A,C,A,A,B,B,A,C,C
17754202-4,B,,A,C,D,A,A,C,A,A,A,,,A,C,C,,,A,A,C,,B,B,,,B,A,C,,B,B,,B,B,C,A,,B,,,,,B,,B,C,,C,B,,A,D,A,A,B,,A,D,B
17268244-8,B,B,A,D,D,A,A,C,A,D,A,D,C,D,A,C,A,D,A,A,C,D,C,C,A,D,C,C,C,A,A,B,A,A,B,A,B,A,B,D,B,B,B,D,A,B,C,B,C,B,A,A,C,C,B,B,B,B,C,B
19262335-9,C,C,A,B,D,B,A,B,B,A,D,A,D,B,C,D,C,D,A,A,C,A,D,B,A,C,C,B,C,D,B,B,C,C,D,D,B,D,C,A,B,A,C,D,C,B,C,A,D,D,D,A,C,A,A,D,B,A,D,D
17569006-9,B,C,A,D,A,A,D,C,A,C,A,D,,A,D,C,A,C,A,C,D,B,C,C,D,D,D,A,C,,A,D,,D,,,D,A,A,C,B,B,A,A,,D,C,C,D,C,D,A,C,C,A,B,B,A,D,C
16653577-8,B,B,A,B,D,A,D,C,B,A,A,D,C,D,C,C,A,A,A,A,C,B,A,B,A,A,C,C,A,C,A,C,B,D,C,D,D,D,A,D,D,B,B,B,A,B,C,A,C,B,B,A,A,D,A,D,B,A,C,C
17147769-7,A,B,A,D,D,C,A,A,A,A,A,D,C,A,C,A,B,D,A,D,C,A,D,C,D,D,C,A,A,A,A,B,D,B,D,D,B,A,A,A,A,A,B,B,A,D,C,D,B,A,A,D,C,C,A,B,B,A,B,C
18748256-9,B,D,A,B,A,C,A,A,B,B,D,D,,,A,C,B,C,A,D,D,A,D,C,D,B,,,C,,A,,,B,B,,,C,A,A,A,A,D,C,,D,C,B,D,B,B,B,C,B,A,B,B,A,D,C
17624083-0,A,A,A,D,A,C,D,C,D,A,A,D,A,D,C,B,B,C,A,A,A,B,B,B,C,B,,A,,A,A,,D,B,,A,B,,B,D,A,A,D,B,A,B,C,A,C,C,B,B,C,C,A,B,B,A,D,C
19685043-0,B,B,A,D,B,C,D,C,A,D,A,D,B,A,C,D,D,D,A,A,C,A,C,C,A,C,C,B,C,C,A,B,A,B,B,D,B,C,A,A,A,A,B,B,A,B,C,A,D,A,B,B,A,D,A,B,B,B,D,A
17999587-5,B,A,A,D,D,A,D,C,A,D,A,B,D,B,C,C,B,D,A,D,C,D,A,C,A,B,C,B,C,B,A,B,A,D,C,D,B,A,A,C,A,A,B,A,A,D,C,A,D,B,A,A,A,A,A,C,A,C,D,B
17167045-4,B,B,A,D,D,C,A,C,A,B,A,D,C,A,C,C,C,D,A,A,C,A,D,C,A,D,C,B,C,C,A,B,D,C,B,D,B,A,A,C,B,A,B,B,A,B,C,A,B,B,D,D,C,A,A,B,B,C,C,C
19415219-1,B,B,A,A,D,A,A,D,A,B,A,A,B,D,A,C,B,A,A,A,C,A,B,C,D,D,D,A,C,C,B,B,C,B,A,D,B,D,A,C,A,A,B,B,C,B,C,C,B,B,C,D,A,A,A,B,B,C,C,A
19603904-K,B,B,A,D,D,A,D,C,A,B,A,D,,D,C,C,A,D,A,A,C,A,D,C,A,D,C,B,C,A,A,B,D,C,B,D,B,D,A,A,D,A,B,B,A,D,C,A,B,C,B,B,C,A,A,D,B,A,D,A
17731540-0,B,B,A,B,A,A,D,A,A,B,A,D,C,D,C,C,B,B,A,A,C,A,B,D,D,D,D,B,C,A,A,B,A,C,D,D,B,B,A,D,B,C,B,B,B,B,C,A,B,B,B,B,C,A,A,B,B,A,D,C
18840857-5,A,B,A,C,D,A,D,C,A,B,A,D,A,B,C,C,A,B,A,D,C,A,D,C,A,A,C,B,C,C,A,B,B,B,D,D,B,D,D,D,B,D,B,B,A,B,C,A,C,A,B,B,C,A,A,B,B,C,C,C
19487696-3,B,B,A,B,D,A,D,C,A,D,A,D,D,A,A,C,C,C,A,A,A,A,C,C,A,A,C,B,C,C,A,B,D,D,B,D,A,A,A,D,B,D,C,A,C,B,C,A,C,B,B,B,C,A,A,C,A,A,C,C
19035412-1,B,D,A,D,B,D,D,C,A,B,A,D,D,A,C,C,B,B,A,A,C,A,A,C,D,D,C,B,C,C,A,B,,D,D,,B,A,A,C,B,A,A,B,D,B,C,A,B,A,A,D,C,B,A,B,B,C,A,C
17560884-2,A,B,A,D,D,A,D,C,A,D,A,D,D,D,A,B,B,B,C,A,A,D,C,C,A,A,D,B,A,C,B,B,D,B,D,C,B,C,A,D,B,D,B,B,D,D,C,B,D,A,B,A,C,B,C,B,B,C,C,C
18151264-4,B,B,A,D,D,A,A,C,A,C,A,D,C,D,C,C,B,D,A,A,C,A,B,C,A,D,C,B,C,B,A,B,B,C,C,D,B,B,A,A,A,B,D,B,A,B,C,A,B,A,B,A,A,C,A,B,B,D,C,C
18673040-2,B,B,A,D,B,A,D,A,B,A,B,D,C,D,C,C,D,B,D,A,C,A,D,C,A,D,C,B,D,A,A,B,D,D,A,A,A,A,A,C,D,A,C,B,C,B,C,A,B,A,B,C,C,A,A,B,B,C,C,C
18272780-6,B,C,A,A,D,A,A,A,D,A,A,D,C,D,C,A,C,D,A,A,C,D,D,C,A,D,C,B,C,D,B,B,A,D,D,C,B,A,A,C,B,A,D,C,A,B,C,A,B,B,B,B,C,A,A,B,B,C,D,B
19085786-7,B,B,A,D,B,,D,D,A,D,A,,D,A,C,C,B,,A,D,D,A,D,D,A,A,C,,C,A,B,,,,C,,A,D,A,D,B,A,C,C,A,B,C,,D,B,B,B,B,B,A,A,C,,D,C
18736202-4,B,B,A,A,D,A,A,C,D,B,A,D,A,D,C,C,B,B,A,D,B,B,D,B,D,B,D,A,C,D,A,D,A,D,B,A,B,D,A,D,D,A,B,B,A,D,C,A,B,B,D,B,C,D,A,B,B,C,D,C
19558018-9,B,A,A,D,B,D,D,C,A,D,A,D,A,D,C,C,B,D,D,A,C,A,B,C,A,A,D,B,C,A,A,B,A,C,D,D,B,D,C,C,D,A,B,B,B,B,C,A,D,C,A,A,C,A,A,B,B,B,C,C
18170427-6,B,B,A,D,A,A,A,D,B,B,A,D,,D,C,C,B,D,A,A,C,A,,C,A,,C,B,C,,,B,B,D,D,,B,,A,D,B,A,B,B,,B,C,A,,B,B,A,C,A,A,B,B,A,D,B
19435417-7,C,B,A,D,B,A,D,C,B,D,A,A,C,D,C,C,B,D,A,D,C,A,B,C,D,D,C,A,C,D,A,B,B,B,D,D,B,B,A,C,A,A,C,A,C,D,C,A,B,A,A,B,D,A,D,B,B,A,D,C
19069684-7,B,B,A,A,D,A,A,A,D,B,A,D,C,D,C,C,B,D,A,A,C,A,C,C,A,B,C,B,C,A,A,B,B,B,A,D,B,A,A,C,B,A,A,B,A,B,C,A,C,A,B,D,A,A,A,B,D,A,C,C
17884752-K,B,A,A,D,D,C,D,D,A,A,A,D,C,B,C,C,B,D,A,B,C,B,A,C,A,D,D,B,B,D,A,B,C,C,B,A,B,D,A,A,A,C,B,B,C,D,C,A,B,A,B,A,C,A,A,B,B,A,D,C
19334568-9,B,B,A,B,B,C,D,C,A,B,A,D,C,D,C,C,B,D,A,A,C,A,B,D,A,D,C,B,C,C,B,B,D,B,B,D,B,A,A,C,B,A,D,B,A,B,C,A,B,A,B,A,C,C,A,D,B,A,D,A
19228803-7,B,B,A,D,D,C,A,D,A,A,A,B,B,D,C,C,D,B,C,A,C,A,C,B,A,D,C,B,C,A,A,B,D,A,C,C,B,C,A,D,B,A,D,B,D,B,C,A,D,C,B,C,C,A,A,C,D,A,D,C
17990473-K,B,B,A,C,D,A,D,C,A,D,A,A,C,B,B,A,D,D,A,A,C,A,A,B,D,B,A,A,C,C,B,B,B,C,B,C,B,D,A,A,D,A,B,B,A,D,C,A,C,B,D,B,C,A,A,B,B,A,D,C
19650566-0,A,B,A,D,B,C,A,A,B,D,C,B,C,D,B,D,A,D,A,A,D,D,C,D,C,B,C,C,B,A,A,D,C,D,A,B,B,D,B,D,A,B,B,B,C,B,C,A,C,C,B,D,C,B,A,A,B,D,D,C
19483288-5,B,B,A,D,C,C,A,C,A,D,A,D,C,A,C,C,D,D,A,A,C,A,A,A,A,D,C,C,D,A,A,C,,C,B,D,B,,A,D,D,D,B,B,A,B,C,A,D,A,C,A,C,A,A,D,B,A,D,C
19037813-6,B,B,A,B,D,A,D,C,D,A,A,D,A,D,C,C,A,D,A,B,B,D,D,B,A,A,D,A,C,A,B,B,B,D,D,D,C,D,D,D,B,C,C,D,C,B,C,D,C,A,A,D,A,A,A,D,B,C,B,C
19748036-K,B,B,A,D,D,A,A,C,A,A,A,D,C,D,C,C,B,A,A,B,C,A,B,B,B,D,D,A,D,D,C,D,A,D,B,A,B,A,B,D,B,A,D,B,B,B,C,B,B,B,B,B,D,D,A,C,B,A,D,C
18556964-0,B,B,A,D,A,D,D,D,A,D,A,D,C,C,C,C,B,C,A,C,C,A,C,B,A,D,C,A,C,A,B,C,D,D,B,D,B,C,A,C,A,A,B,B,A,D,C,B,B,B,D,A,C,A,B,B,B,A,D,C
18193226-0,B,C,A,D,B,D,D,D,C,D,A,D,C,B,C,C,B,D,A,A,C,D,B,C,D,A,C,C,C,A,A,B,D,A,A,C,C,C,A,C,B,B,D,B,B,B,C,A,B,C,B,A,A,A,A,B,B,B,C,C
19976513-2,B,A,A,B,D,C,A,C,A,A,A,B,C,C,C,C,B,D,A,A,C,A,B,A,A,D,C,A,B,A,C,B,A,B,A,D,B,D,A,C,B,A,C,B,C,B,C,A,D,B,C,D,A,A,A,A,B,A,D,C
19791625-7,B,B,D,C,D,A,A,D,A,B,B,D,D,A,A,C,B,D,A,A,C,D,A,C,B,C,C,B,C,A,A,D,C,A,C,D,B,A,A,D,B,A,B,C,D,B,C,A,B,D,B,A,C,B,A,B,B,C,C,C
18119512-6,B,A,A,C,A,C,A,A,B,D,A,D,C,D,A,C,B,A,A,A,C,A,C,C,A,D,C,C,C,C,A,B,B,B,B,A,D,B,A,D,B,A,B,B,D,B,C,A,B,A,B,D,C,D,C,C,B,D,C,B
19594783-K,B,B,A,A,D,D,A,A,A,B,A,A,B,D,C,C,B,D,A,C,B,A,C,C,A,D,C,A,C,A,A,A,C,D,C,B,A,A,A,D,B,B,A,A,A,A,C,A,B,C,A,A,C,A,A,D,D,A,D,D
18609272-4,B,B,A,D,C,A,D,C,A,A,A,D,C,A,C,C,B,D,D,C,C,A,C,C,A,D,C,A,C,A,A,B,B,A,D,D,B,A,A,C,A,A,B,B,A,B,C,D,B,A,A,A,A,A,A,B,B,D,D,C
19336302-4,B,B,A,B,D,A,A,C,A,B,A,D,C,A,C,C,B,C,A,D,C,A,B,B,D,D,C,B,C,A,A,B,D,C,B,B,B,D,A,C,B,A,B,B,B,B,C,A,B,A,D,A,C,A,A,D,C,A,D,C
19687027-K,B,B,A,C,A,B,D,C,A,D,A,D,B,A,A,C,B,D,A,A,C,D,A,B,A,B,C,A,C,B,A,B,A,C,D,D,B,A,A,D,B,A,A,B,C,B,C,A,B,C,B,B,C,D,A,D,B,A,A,C
19152723-2,B,B,A,,D,C,A,C,A,B,A,D,C,A,C,C,B,D,A,A,C,B,,B,A,D,C,C,C,A,A,B,,,B,A,B,A,A,D,B,,B,B,A,B,C,A,D,B,B,A,C,C,A,A,B,A,,C
19254907-8,B,B,A,D,D,A,A,A,A,B,A,D,C,A,C,C,A,D,A,A,C,D,A,C,A,D,C,D,C,A,A,B,B,A,C,D,B,D,A,A,B,C,B,B,C,D,C,A,A,B,D,B,D,A,A,B,B,B,C,D
19373558-4,A,B,A,D,D,A,D,C,A,B,A,D,D,A,C,D,A,D,A,A,C,A,C,B,D,D,C,A,B,A,B,D,D,B,D,D,B,A,A,D,B,A,D,B,D,B,C,A,A,D,C,A,C,A,A,B,B,A,D,C
17962676-4,B,B,A,D,D,A,D,C,A,D,B,A,C,D,C,D,B,C,D,B,A,B,C,C,A,D,C,B,C,B,A,A,B,D,A,C,A,D,A,A,D,B,B,C,D,B,C,A,C,B,B,A,C,A,A,A,B,D,C,B
18766524-8,B,B,A,D,D,A,A,C,A,D,A,D,C,D,C,C,B,,A,D,C,A,D,B,,,,B,C,,A,,,C,D,D,B,B,A,D,B,A,B,B,B,B,C,A,C,C,C,A,A,A,A,D,,A,C,C
19535233-K,B,B,A,A,D,C,D,D,A,A,D,D,A,A,A,C,B,D,A,D,C,A,C,C,A,C,C,A,C,B,A,B,A,B,B,D,B,A,A,D,B,A,A,B,A,B,C,D,C,C,B,D,C,C,A,D,B,A,C,C
17315625-1,A,B,A,D,D,C,A,C,C,A,A,D,D,A,C,D,B,D,A,C,C,A,C,B,A,D,B,B,B,D,A,B,A,C,D,C,B,D,A,C,B,,B,D,D,D,C,A,C,A,A,D,B,A,A,C,B,D,A,C
19730800-1,B,A,A,A,C,C,D,A,A,D,A,D,C,A,C,C,B,A,A,D,C,B,A,C,D,D,C,B,D,C,A,B,B,C,D,D,C,D,A,C,D,A,B,B,A,B,C,A,B,B,B,C,C,A,B,B,B,C,A,C
18697579-0,A,A,A,C,B,A,D,D,A,B,A,D,A,A,C,C,D,D,A,C,C,A,C,D,D,D,C,C,C,A,D,B,D,C,C,C,B,C,D,C,B,A,B,B,A,D,C,A,B,D,B,B,C,A,A,C,B,A,C,D
18420164-K,B,B,A,D,C,A,C,D,A,D,A,D,B,D,C,C,C,A,D,D,C,C,C,D,D,A,C,D,C,C,A,A,A,D,D,C,B,A,A,C,D,B,C,B,C,C,C,A,B,B,B,D,C,A,A,A,B,A,C,C
19291714-K,B,B,A,C,A,C,D,C,D,B,A,D,C,A,C,C,B,D,A,A,C,A,D,C,A,D,C,B,B,A,A,B,A,A,B,D,B,D,A,C,B,A,B,B,A,B,C,A,B,A,B,A,A,A,A,B,B,B,D,C
18002310-0,A,A,A,A,D,C,D,C,A,D,B,D,C,D,A,A,C,C,A,A,C,A,D,B,D,D,C,D,D,A,A,B,A,D,D,D,C,A,A,D,B,A,B,C,A,B,C,A,B,B,A,A,C,C,A,B,C,C,D,A
18831477-5,B,B,A,D,B,C,D,D,A,A,A,A,C,D,C,C,D,D,A,A,C,A,B,B,D,D,C,A,C,,A,B,,C,B,D,B,,A,D,A,A,D,B,A,B,C,A,A,A,B,A,C,C,A,B,B,B,D,C
19207211-5,B,B,A,D,D,C,D,A,A,A,A,D,C,D,C,C,B,D,A,A,C,A,C,C,A,D,C,B,C,C,A,B,B,C,B,D,B,A,A,C,D,A,D,B,A,B,C,A,B,A,B,D,D,C,A,B,B,A,D,C
19304288-0,B,B,A,D,D,C,D,C,A,B,A,D,C,A,D,C,D,D,A,A,C,A,C,B,A,D,C,C,C,A,A,B,A,B,D,D,D,A,A,C,B,A,B,C,B,B,D,D,B,B,B,A,C,A,A,B,B,D,D,C
19276799-7,B,B,A,D,A,B,A,B,A,B,A,D,B,D,D,C,A,D,A,A,A,A,B,C,A,D,C,D,C,A,A,B,B,A,B,C,C,C,A,D,D,A,B,B,A,D,C,A,C,A,C,A,C,A,C,B,B,A,C,D
18798975-2,B,B,A,D,A,A,C,D,A,B,A,D,B,B,C,C,B,D,A,A,B,D,C,B,B,D,C,A,C,B,A,B,B,B,B,A,B,A,A,C,D,A,B,B,A,B,C,A,B,D,C,A,A,D,A,B,B,D,D,A
19051503-6,B,A,A,A,B,C,B,A,A,B,A,A,A,D,C,C,B,B,A,C,D,A,A,D,C,D,B,C,C,C,C,D,B,B,D,C,B,D,A,A,A,A,A,B,D,D,C,C,B,B,C,A,A,A,A,A,B,A,A,C
19096552-K,A,B,A,C,A,A,A,D,A,B,A,D,C,A,C,C,B,D,A,D,C,A,C,B,A,B,C,A,C,A,A,B,A,C,C,B,B,B,A,D,A,D,B,D,A,B,C,A,C,A,C,C,C,A,A,B,B,A,C,C
18625548-8,B,A,A,D,D,A,D,B,A,D,D,A,B,B,C,A,C,C,B,D,D,C,C,B,D,D,B,C,C,A,A,C,B,C,A,C,B,A,A,A,B,B,B,A,D,B,C,A,D,B,D,B,C,D,A,B,C,A,A,C
19542237-0,B,B,A,C,D,C,A,C,A,D,A,D,B,D,C,C,B,D,A,B,C,A,A,B,A,D,C,C,C,A,A,B,B,C,A,D,C,A,A,C,B,B,B,B,C,B,C,B,B,B,B,A,A,C,A,B,B,A,D,C
18994630-9,B,D,A,C,A,A,D,C,A,D,B,D,D,C,C,D,B,B,A,A,C,A,C,B,B,A,C,B,C,A,A,B,A,C,B,D,C,A,A,C,B,A,C,B,A,D,C,A,C,B,B,B,C,A,A,B,A,B,C,A
19259409-K,B,B,A,C,B,A,D,A,D,B,A,D,C,A,B,C,B,D,A,A,C,A,B,C,D,A,D,B,C,A,A,B,A,B,B,D,A,D,A,C,B,A,B,B,C,B,C,A,C,A,C,D,C,A,A,D,B,A,C,C
19716868-4,C,D,A,C,A,A,C,A,A,D,B,D,A,B,A,A,B,D,A,B,C,A,A,D,A,A,C,C,B,C,D,B,B,B,D,C,A,C,A,A,A,A,B,C,D,B,C,A,C,B,B,A,C,B,A,B,B,A,D,D
19383759-K,B,B,A,D,A,A,C,C,B,B,A,D,D,C,A,C,B,D,A,A,C,A,C,A,D,D,C,C,C,A,A,B,D,C,D,D,A,B,A,B,B,C,C,B,D,B,C,A,B,A,A,D,A,A,A,B,B,C,D,C
19136916-5,B,B,A,D,C,A,D,A,A,D,A,D,C,A,C,C,B,D,D,A,C,A,D,C,A,D,C,B,C,A,A,B,A,A,B,C,B,A,A,C,B,A,B,B,A,B,C,A,B,B,D,D,C,C,A,B,B,A,D,A
18575589-4,A,B,A,D,D,C,B,C,A,B,A,D,C,A,C,C,B,D,A,D,C,A,B,B,A,D,C,A,C,B,B,B,C,B,B,D,B,A,A,C,B,A,B,B,A,B,C,A,D,A,B,A,C,D,A,B,B,B,C,C
19784894-4,B,B,A,D,C,D,C,C,A,B,D,D,D,D,C,A,B,D,A,D,A,A,C,B,B,D,D,C,C,B,C,A,A,C,D,D,C,A,A,D,B,A,A,B,C,D,C,A,B,B,A,B,C,D,A,B,B,A,D,C
19293632-2,B,B,A,C,D,A,D,C,A,B,A,D,C,D,C,C,B,D,A,A,C,D,C,C,A,D,C,B,C,A,A,B,D,D,D,D,A,D,A,A,B,A,B,B,C,B,C,A,B,B,D,D,C,D,A,B,B,A,D,C
17921144-0,B,D,A,C,D,A,D,D,A,B,D,D,C,D,C,C,B,D,A,B,C,A,C,C,A,D,C,B,C,A,A,B,A,B,B,D,B,A,A,C,B,A,B,B,A,B,A,A,B,B,C,C,C,C,A,B,D,A,D,C
18163467-7,B,B,A,C,A,A,D,C,B,D,A,D,C,C,A,D,C,A,A,B,C,B,C,C,A,D,C,A,C,B,A,B,A,B,D,C,B,B,A,C,A,B,D,C,A,D,C,A,B,B,B,A,A,A,C,A,B,A,C,A
19386634-4,B,A,A,D,D,C,A,C,A,D,A,D,B,C,C,C,A,D,A,D,C,D,B,C,A,B,C,B,C,B,A,B,D,D,D,B,C,D,A,D,A,A,B,B,A,D,C,A,B,B,B,A,A,C,B,B,B,C,C,B
19037769-5,B,B,A,D,D,A,D,B,A,B,A,D,C,D,C,D,B,D,A,A,C,A,C,B,D,D,C,B,C,D,A,B,D,C,C,D,B,A,A,C,B,A,B,B,A,B,C,A,C,B,B,B,C,A,B,A,B,A,C,C
18012788-7,B,B,A,A,C,C,A,D,A,B,A,D,A,A,C,C,B,D,A,A,C,A,A,B,D,B,C,B,B,C,A,B,A,B,B,D,B,B,A,D,A,A,C,B,C,B,C,A,B,A,A,A,C,C,A,B,B,D,D,C
18805668-7,B,B,A,D,D,A,A,C,A,B,A,D,C,A,C,C,B,D,A,A,C,A,B,C,D,D,C,B,C,C,A,B,D,B,B,D,B,A,A,C,B,A,D,B,D,B,C,A,B,B,A,D,C,A,A,B,B,A,C,C
19443840-0,B,B,A,A,A,D,A,D,B,B,A,D,D,B,C,C,A,B,A,D,C,A,C,D,A,B,C,B,A,A,B,B,A,D,B,B,B,C,A,C,B,A,C,B,C,B,C,A,D,B,B,D,C,D,A,A,B,A,D,C
18814106-4,C,B,A,D,D,A,C,C,A,B,A,D,C,A,C,C,B,D,A,A,A,A,A,C,D,D,C,B,C,A,A,B,D,B,D,A,B,D,A,C,D,A,B,B,C,B,C,A,B,B,D,A,A,D,A,A,D,A,C,D
17770649-3,B,B,A,C,D,A,D,C,A,D,A,D,A,D,C,C,B,D,C,D,C,A,C,C,D,C,C,B,C,A,A,B,B,C,A,D,A,D,A,D,D,A,C,B,A,B,C,A,D,B,B,D,A,C,A,B,C,A,D,C
19791136-0,,B,A,C,D,A,D,A,B,D,A,D,,A,A,C,B,B,A,C,C,B,A,C,A,A,C,B,C,A,A,B,D,B,C,D,B,D,A,B,B,A,A,B,C,D,C,A,C,A,B,B,C,A,A,A,B,D,A,D
19470378-3,B,A,A,D,D,A,D,C,D,D,A,D,D,A,C,C,B,B,A,A,C,B,C,D,C,D,B,A,C,C,A,A,D,B,A,A,A,A,B,D,B,A,B,B,A,B,C,A,B,D,B,C,A,A,A,B,B,D,D,C
16483373-9,B,B,A,A,D,A,A,C,A,D,A,D,C,A,C,D,B,C,A,A,C,A,C,A,A,D,C,B,C,D,A,B,D,A,D,D,B,A,A,D,B,A,B,B,A,B,C,A,C,B,B,D,C,D,A,D,A,A,D,C
19505625-0,B,C,A,D,D,A,D,C,A,D,A,D,C,A,C,C,C,D,C,B,C,A,D,C,A,D,C,A,D,C,A,B,B,A,B,B,B,D,A,C,B,A,B,B,D,B,C,A,B,A,B,A,B,B,A,B,B,A,D,C
15076413-0,B,D,A,D,D,A,D,A,B,A,A,D,B,D,C,A,B,D,A,A,B,B,B,A,D,B,C,A,C,A,A,B,A,A,C,C,B,D,D,C,A,A,A,B,A,C,C,A,C,C,C,D,A,A,A,B,B,C,D,B
16659126-0,B,B,A,D,D,C,D,A,D,D,A,D,C,A,C,C,B,D,C,A,C,A,C,C,A,D,C,B,C,C,A,B,D,B,D,D,B,B,A,C,B,A,B,B,A,B,C,A,C,A,B,A,A,C,A,B,B,A,D,B
17828120-8,B,B,A,D,B,A,A,C,A,D,A,D,D,C,C,C,C,D,A,D,C,A,B,D,C,A,C,B,C,C,A,B,A,A,A,D,B,A,A,C,B,A,B,B,A,B,C,A,B,A,C,A,C,B,A,B,A,A,D,C
18983056-4,A,B,A,A,D,A,A,D,A,B,A,D,D,A,C,C,B,A,D,A,C,A,C,B,A,D,C,A,B,A,A,B,D,B,D,D,B,B,A,C,B,A,B,B,D,B,C,D,B,A,B,A,C,A,A,D,B,B,C,C
19044662-K,B,B,A,C,D,A,D,A,A,B,A,A,C,D,C,C,B,D,A,A,C,A,C,C,D,D,C,B,B,A,B,B,D,A,A,D,B,B,A,C,D,A,C,B,A,B,C,A,B,B,A,D,D,A,A,B,B,D,D,C
18033979-5,B,B,D,C,D,C,D,B,D,A,A,D,A,B,C,C,A,A,A,A,D,A,B,B,A,C,D,A,C,C,A,B,D,A,B,C,B,D,A,A,A,A,B,B,D,D,C,A,D,A,B,B,C,B,A,B,B,A,C,A
18691007-9,B,B,A,D,D,C,A,C,A,C,A,D,C,A,A,C,B,D,D,A,C,A,A,C,D,B,B,C,C,B,A,C,A,D,C,D,C,D,B,D,B,C,B,B,B,B,C,A,B,B,B,D,C,A,A,B,C,D,D,C
18501650-1,B,B,A,C,D,C,D,C,A,B,A,D,C,,C,C,B,D,A,A,C,B,C,C,A,D,C,B,C,,,B,D,,,D,,,A,,A,,B,,,,C,A,,A,B,D,C,A,,B,,A,D,C
19446704-4,B,B,A,D,D,C,A,D,A,D,A,D,,A,B,C,A,D,A,A,C,A,D,D,A,D,C,B,B,D,B,B,A,A,,D,B,,A,C,B,A,B,B,,B,C,A,,B,C,A,C,A,A,B,B,A,A,D
19071875-1,B,B,A,D,D,C,D,C,C,D,A,D,A,D,A,C,B,C,A,D,C,A,A,C,A,D,C,B,B,C,A,B,D,A,B,D,B,A,A,C,D,A,B,B,C,B,C,A,B,C,C,D,C,A,A,B,B,A,C,C
19447148-3,A,B,A,D,D,B,A,C,B,A,A,C,C,B,C,C,B,D,A,A,B,A,D,C,A,D,C,C,C,A,C,B,B,C,D,B,C,A,A,C,B,A,B,B,A,D,C,D,B,B,B,B,C,A,A,A,B,A,C,C
18055284-7,B,B,A,D,A,A,C,B,A,B,A,A,D,D,C,C,A,C,A,C,C,D,A,C,A,C,C,A,A,B,D,B,B,A,D,B,D,D,A,C,B,C,C,B,A,D,C,A,B,B,C,A,A,D,C,B,B,B,D,A
19376434-7,B,A,A,D,D,C,D,A,A,D,A,D,C,A,C,C,B,D,D,C,C,A,B,B,D,C,C,C,C,C,A,B,B,A,D,A,A,D,A,D,B,A,B,B,A,B,C,D,C,B,C,B,C,A,A,D,B,B,D,C
16626439-1,B,B,A,D,B,A,A,C,A,A,A,D,C,D,C,C,B,B,C,A,C,A,B,C,A,D,C,B,A,C,A,B,D,B,D,D,B,D,A,D,A,A,C,D,D,D,C,A,B,D,B,D,B,C,A,D,B,A,D,C
19612229-K,B,B,C,D,D,A,D,C,A,A,B,D,B,A,C,C,B,D,A,A,C,C,D,C,A,B,C,B,C,,A,B,D,A,,D,,A,A,D,D,,D,C,A,B,C,A,B,C,C,A,A,A,A,A,B,A,A,B
19285951-4,B,A,A,A,D,A,A,D,A,D,A,D,A,D,C,D,B,D,A,A,C,D,C,C,D,B,C,B,D,C,B,B,A,B,D,D,B,D,B,A,A,A,B,B,C,B,C,C,C,A,A,C,C,D,A,B,B,D,C,C
19391317-2,B,B,A,B,D,C,D,C,A,B,A,D,C,D,C,C,A,D,A,A,C,A,B,B,A,D,C,A,B,A,A,B,D,C,D,C,B,B,A,C,B,A,B,B,A,D,C,A,C,A,B,A,B,A,A,D,B,C,C,C
19524390-5,B,B,A,C,A,A,A,A,A,A,A,D,C,A,A,C,B,D,A,D,C,A,B,B,A,D,C,B,C,D,D,B,D,D,D,D,B,A,A,C,A,B,C,B,D,B,C,D,C,A,A,D,C,C,A,C,B,A,A,C
15086378-3,B,A,A,D,D,A,A,C,A,D,A,D,C,A,C,C,B,D,D,A,B,A,C,C,A,D,C,B,C,C,A,B,A,C,B,D,A,B,A,C,B,A,B,B,A,B,C,A,D,B,C,B,C,D,D,D,B,A,D,C
14120588-9,B,B,A,A,D,C,D,C,A,D,A,D,C,A,C,C,B,D,A,A,C,D,A,B,A,D,C,A,D,C,A,B,B,A,D,B,B,A,A,B,B,A,B,B,B,B,C,A,D,A,A,D,D,D,A,B,A,C,D,A
16932156-6,B,B,A,D,D,A,D,C,A,D,A,D,D,A,C,C,B,D,A,A,C,B,D,C,A,D,C,B,C,A,A,B,D,D,D,D,B,A,A,C,B,A,B,B,A,B,C,A,B,A,B,D,C,A,B,B,B,D,D,A
19269396-9,B,B,A,A,C,C,A,A,A,B,A,D,A,D,C,C,B,D,A,A,B,D,C,C,D,D,C,A,B,A,B,B,D,B,D,C,B,B,A,C,B,A,B,B,A,B,C,A,B,B,C,D,A,C,A,B,B,A,D,C
19147728-6,B,A,A,D,A,A,D,C,B,A,A,A,C,D,C,C,A,D,A,A,C,A,B,C,D,B,D,A,D,A,A,B,C,D,B,D,B,D,B,D,A,B,B,C,A,D,C,A,C,B,C,A,A,A,A,A,B,A,D,A
14660532-K,B,B,A,D,B,A,D,C,A,B,A,D,C,A,C,C,A,D,D,A,C,A,C,D,C,D,C,B,C,A,A,B,D,A,B,D,B,A,A,D,D,A,B,B,A,B,C,A,B,A,D,A,A,A,A,B,A,A,D,C
19619433-9,B,B,A,C,D,C,B,C,A,D,A,D,C,A,C,C,B,D,C,A,C,A,D,C,C,D,C,B,C,B,A,B,D,B,B,D,B,A,A,C,B,A,B,C,A,B,C,A,B,A,B,A,A,C,D,B,B,A,D,C
18953762-K,B,B,A,D,A,C,A,C,A,B,A,A,D,B,B,C,B,D,C,A,C,D,D,B,A,D,C,A,C,D,B,B,A,D,D,A,C,B,A,C,B,A,B,B,D,B,C,A,B,C,C,A,D,A,A,D,A,A,C,C
19000941-6,B,B,A,B,A,A,D,C,A,B,A,D,C,D,C,C,B,D,A,A,C,A,A,C,D,A,C,B,C,C,A,B,B,B,D,B,B,D,A,C,D,A,B,B,D,D,C,A,D,C,B,A,D,C,A,D,B,A,C,A
19367594-8,A,B,A,A,D,A,A,C,C,B,A,D,C,A,C,C,C,D,A,D,C,B,C,C,A,B,C,B,C,A,A,B,A,D,B,D,B,A,A,D,C,D,B,B,A,D,C,B,C,B,A,B,A,A,A,B,B,A,C,A
18294609-5,A,A,A,C,D,A,A,A,A,D,B,B,A,B,C,A,B,D,A,A,A,B,B,B,C,A,B,C,C,B,A,B,A,D,D,C,B,C,A,C,B,B,B,B,B,D,C,B,B,B,C,A,A,D,A,B,B,A,C,C
19741988-1,B,C,A,D,D,C,A,C,A,A,A,A,C,B,A,C,C,D,A,A,C,A,A,C,A,D,C,C,C,B,D,A,A,A,C,D,B,A,A,C,D,A,B,B,D,B,C,C,B,C,C,D,C,A,A,D,B,A,D,C
19014361-9,B,B,A,C,B,A,D,D,A,D,A,B,A,A,C,C,A,D,A,D,C,C,C,A,D,D,C,B,C,C,A,B,B,B,B,D,B,A,C,A,A,B,C,C,D,B,C,A,D,B,D,A,D,A,A,B,B,C,D,D
19463688-1,B,B,A,D,C,B,A,D,A,D,A,D,D,A,A,A,C,D,A,C,C,A,C,B,D,B,C,B,C,A,C,B,D,B,B,D,B,A,B,C,A,B,A,C,D,C,C,A,D,A,B,D,C,B,A,A,B,A,D,D
18997726-3,B,B,A,D,A,C,A,C,A,D,A,D,C,D,C,C,B,D,A,A,C,A,B,C,D,D,C,B,C,A,A,B,D,C,B,D,B,B,A,D,B,A,B,B,A,B,C,A,D,A,B,A,A,A,B,B,B,A,C,B
19677562-5,B,B,A,D,D,C,D,A,A,D,A,D,B,A,C,A,A,D,C,A,C,A,C,A,A,D,C,A,C,C,A,B,B,A,B,C,B,D,A,C,A,A,B,B,A,B,C,B,D,B,B,A,A,A,A,B,D,D,C,C
15603220-4,A,B,A,D,C,A,A,A,A,D,A,D,C,D,C,C,B,D,A,D,C,C,D,C,A,D,C,A,C,C,A,B,B,D,D,A,B,A,A,C,A,A,B,B,D,B,C,A,D,A,B,C,A,A,A,B,B,A,C,D
19131879-K,B,B,A,C,D,C,D,A,A,B,A,B,C,A,C,C,A,D,A,D,C,A,D,D,A,D,C,B,C,A,A,B,A,C,B,A,B,A,A,A,B,D,B,B,C,B,C,A,B,B,B,A,C,C,A,B,B,A,C,C
19312547-6,A,C,A,A,A,D,A,D,A,D,B,A,A,C,A,A,C,D,A,A,B,B,C,C,A,A,D,A,B,A,B,B,B,A,B,C,B,A,B,D,B,B,C,A,D,B,A,A,B,B,B,A,C,A,A,B,B,A,C,A
19359664-9,B,A,A,C,D,A,A,A,D,C,D,A,A,A,B,D,C,D,A,D,C,A,C,C,A,D,C,A,D,D,A,B,C,B,B,C,B,D,A,A,B,B,C,B,A,B,C,B,C,A,A,D,C,A,A,C,B,D,D,C
19106679-0,B,B,A,D,D,A,D,D,A,A,A,B,C,C,C,C,B,D,A,D,D,C,C,C,A,D,C,A,B,C,A,B,A,B,D,D,B,C,A,C,A,A,B,B,A,D,C,D,B,C,A,A,A,C,C,D,D,A,A,B
16414696-0,B,A,A,D,D,D,C,C,D,D,A,D,C,D,C,C,B,D,A,A,A,A,D,C,D,D,C,B,B,A,A,B,D,A,C,A,B,D,A,C,A,A,B,B,D,D,C,A,C,A,B,D,C,A,A,D,B,C,D,A
17185222-6,B,C,A,D,A,A,A,C,A,D,A,D,C,A,C,C,B,D,A,A,C,B,D,C,,D,D,B,C,D,A,B,A,C,D,D,B,A,A,C,A,A,B,C,A,B,C,A,C,A,D,A,A,C,A,B,B,A,D,C
18699187-7,A,B,A,D,A,C,A,C,A,A,A,D,D,D,C,C,C,A,A,A,C,A,C,B,A,D,C,A,C,A,A,B,A,D,B,A,D,A,A,C,B,A,C,C,A,B,C,B,C,B,B,C,A,D,A,B,B,A,D,C
19209786-K,B,B,A,D,D,C,D,D,A,D,A,A,B,A,C,C,B,D,A,A,C,A,C,C,A,B,C,B,C,,A,B,A,B,A,D,B,C,A,C,B,C,D,A,D,B,C,A,C,A,C,C,C,C,A,D,B,A,C,C
15791462-6,B,B,A,D,D,A,C,C,A,D,A,D,C,D,C,C,B,D,A,A,C,A,D,B,D,D,C,B,C,B,A,B,A,C,B,D,A,A,A,C,B,A,B,B,A,B,C,A,C,A,B,D,C,A,A,B,A,A,D,C
18574398-5,B,B,A,D,C,C,A,C,A,B,A,A,C,A,C,C,B,D,A,C,C,A,C,C,A,D,C,B,B,C,A,B,D,B,D,B,B,D,A,C,B,A,C,B,D,B,C,A,B,A,D,B,A,C,A,D,B,D,C,C
18452560-7,B,B,A,D,B,A,D,A,A,B,A,A,A,D,C,C,B,B,A,D,C,C,B,C,A,A,C,A,C,C,A,B,B,B,,D,,D,A,D,B,B,B,C,,B,C,A,B,C,D,D,A,A,A,D,A,A,D,C
16878320-5,B,B,A,C,D,A,A,C,A,D,A,D,B,A,C,C,A,D,A,A,C,A,C,C,A,D,C,B,C,C,A,B,D,B,D,D,B,A,A,C,B,A,B,B,A,B,C,A,C,A,D,D,C,C,A,B,B,A,D,C
15584996-7,B,B,A,D,A,A,D,C,B,D,A,B,D,B,C,C,A,C,A,A,C,A,B,D,A,D,C,B,C,A,A,C,D,C,B,B,B,A,A,A,B,B,B,B,A,B,C,A,B,A,B,A,A,A,A,A,B,A,C,C
18983332-6,B,B,A,A,D,A,D,D,A,B,A,A,C,A,C,C,B,D,A,D,C,A,C,C,A,A,B,B,C,A,A,C,A,B,D,D,B,C,A,C,B,A,C,B,C,B,C,A,B,B,C,D,A,A,A,B,B,A,D,C
18623253-4,B,B,A,D,D,C,D,C,A,B,A,D,B,A,C,C,D,D,A,A,C,A,D,A,C,D,C,B,C,C,A,D,D,C,C,D,B,A,A,C,B,B,C,B,A,B,C,A,C,A,B,A,A,A,A,B,B,A,C,C
19150351-1,B,A,A,C,D,A,D,C,A,B,A,D,C,A,C,C,B,D,A,A,C,A,D,C,A,D,C,A,C,A,A,B,D,B,D,A,A,A,A,C,A,A,B,B,C,D,C,D,C,A,D,A,C,C,A,A,A,A,D,C
16081933-2,B,B,A,D,D,A,D,C,A,D,A,B,C,A,C,C,A,C,A,A,C,A,D,C,C,D,C,A,C,A,A,,D,B,D,D,B,,A,C,A,C,,B,A,B,C,B,C,A,B,D,A,C,A,B,B,A,D,
16909943-K,B,B,A,D,D,C,A,C,A,B,A,D,C,A,C,C,D,D,A,A,C,A,C,B,A,D,C,B,D,A,A,B,D,B,D,D,B,A,A,C,B,A,B,B,A,B,C,A,C,A,A,A,A,C,A,B,B,A,C,C
17994971-7,B,B,,,D,,D,,A,A,A,A,C,A,C,C,D,D,D,A,C,A,C,C,D,D,C,B,C,A,A,B,D,A,D,B,B,A,A,A,B,A,B,B,A,B,C,A,C,A,B,D,A,C,A,A,B,A,D,C
19561920-4,B,B,A,B,C,A,A,C,A,B,A,D,C,B,C,C,C,C,A,A,D,B,D,D,A,D,D,B,C,A,A,B,A,B,A,D,B,A,A,A,B,A,D,B,A,B,C,A,B,A,C,A,A,C,A,A,B,A,D,C
19547951-8,B,A,A,C,C,C,D,C,C,D,A,A,C,D,C,C,D,D,A,A,C,A,C,C,A,D,D,A,C,A,A,B,D,D,B,C,A,C,A,A,B,D,B,B,A,B,C,A,B,B,B,B,C,A,A,B,B,A,D,C
18083423-0,B,B,A,D,A,A,C,A,A,D,A,D,A,D,C,C,B,B,A,A,C,A,C,B,A,C,C,B,C,A,A,B,D,C,D,D,A,D,A,C,A,A,B,B,A,B,C,A,C,A,D,A,D,A,A,D,B,A,D,C
18824904-3,B,B,A,D,B,B,D,C,B,A,A,D,C,D,C,C,B,D,A,A,A,A,B,D,A,C,C,A,C,B,A,D,A,B,A,D,C,A,A,D,B,C,B,B,A,D,C,A,D,C,B,A,C,D,A,D,B,C,C,A
19589314-4,B,A,A,D,D,C,B,C,A,D,A,D,A,D,C,C,B,D,A,A,C,D,A,B,C,B,B,B,C,A,A,D,A,C,C,D,B,D,C,C,D,A,B,D,A,B,C,B,C,C,B,A,A,A,A,B,B,A,D,D
18866096-7,B,B,A,C,D,A,A,C,A,B,A,D,C,A,C,C,B,D,A,A,C,A,D,C,A,D,C,C,C,A,A,B,A,B,B,D,B,B,A,D,B,A,A,B,D,D,C,A,B,A,B,B,C,A,D,B,C,A,D,C
16557961-5,A,B,D,D,D,C,D,C,A,A,A,D,C,B,C,C,B,A,A,A,C,A,B,C,A,D,C,C,A,A,C,B,B,B,D,C,B,A,A,C,C,A,B,B,A,B,C,A,C,D,D,A,C,A,A,D,B,A,A,C
17707322-9,A,A,A,D,D,C,D,D,A,A,A,D,C,C,C,A,B,D,A,D,C,A,A,C,A,D,C,B,A,B,A,A,A,A,D,A,B,A,A,D,A,A,C,B,D,B,D,D,A,A,A,C,C,C,B,D,A,A,C,C
15100299-4,B,B,A,D,A,A,A,C,A,D,A,D,A,D,C,C,A,C,C,A,C,C,D,B,A,B,C,D,B,C,B,B,D,D,B,C,B,D,B,B,D,A,B,C,A,B,C,A,A,D,B,A,A,D,A,A,A,C,A,C
19376001-5,B,B,A,D,D,C,A,C,A,B,A,D,C,A,C,C,B,D,A,A,C,A,C,B,A,D,C,B,C,A,A,B,D,C,B,D,B,B,A,C,B,B,B,B,A,B,C,A,B,A,B,D,C,A,A,B,B,A,D,C
17809352-5,B,C,A,C,D,A,D,C,A,D,A,D,D,A,B,C,B,B,A,A,C,A,C,C,D,B,C,B,A,B,A,B,B,B,B,D,C,D,A,D,D,D,B,B,A,B,C,A,D,B,A,B,C,A,C,B,A,A,D,C
18749659-4,B,B,A,D,B,A,A,A,A,B,A,D,,D,C,C,B,D,A,A,C,A,D,C,A,D,C,A,C,C,A,B,A,C,D,,B,A,A,C,,A,B,B,A,B,C,A,B,A,B,D,C,A,A,B,B,A,B,D
19389229-9,B,B,A,A,D,C,D,C,A,B,A,D,B,A,C,C,C,D,A,A,C,A,B,B,A,D,C,B,C,C,A,B,A,C,B,D,B,B,A,C,B,A,B,B,D,B,C,D,B,A,B,A,A,C,A,B,B,A,D,C
19554301-1,B,B,C,D,D,A,D,C,A,D,A,D,C,A,C,D,B,D,D,C,C,A,C,D,C,D,C,,D,D,A,B,D,C,D,D,B,A,A,B,A,A,C,B,A,D,C,A,B,B,B,A,C,C,,B,A,D,C,C
19115340-5,B,B,A,D,A,A,C,C,A,B,A,D,C,D,C,D,B,D,A,A,C,A,C,B,A,D,C,B,C,D,A,B,A,B,D,D,B,A,A,C,B,D,B,B,A,D,C,A,C,A,A,A,C,A,A,D,B,A,D,C
19502204-6,B,B,A,A,C,C,D,D,A,C,A,C,B,C,C,C,B,C,A,C,C,A,C,A,A,B,C,B,D,A,D,B,A,D,B,C,B,B,A,D,D,A,B,B,C,D,C,A,C,B,C,D,D,A,C,B,B,D,D,C
19761951-1,A,A,A,B,D,A,D,A,A,B,A,D,B,A,C,A,B,D,A,A,C,B,C,B,A,A,C,B,C,A,A,B,B,D,D,D,B,D,A,D,A,A,C,B,C,B,C,A,D,A,B,A,C,D,A,B,B,A,D,C
19476036-1,B,A,D,D,D,D,A,C,A,A,A,A,B,A,C,C,B,D,D,A,C,A,D,A,C,D,D,B,B,C,A,D,D,C,D,C,A,B,A,C,A,A,B,B,A,B,C,A,B,A,D,A,A,A,A,B,C,A,C,C
19749542-1,B,B,A,D,D,C,A,C,A,D,A,D,,D,B,C,B,,A,C,C,,C,B,A,,C,B,D,,A,B,,,,D,,,A,C,B,,,,A,B,C,A,C,B,B,D,C,C,A,B,,D,C,C
19414692-2,B,A,D,D,D,C,D,B,A,B,B,B,A,D,C,C,B,D,A,A,C,A,A,C,D,A,C,A,C,C,B,B,B,A,B,A,B,A,A,D,B,A,B,C,D,D,C,A,B,B,B,A,C,B,A,A,B,C,C,C
18822150-5,B,B,A,A,D,A,D,C,A,B,A,D,C,A,C,C,B,D,A,D,C,A,A,C,A,B,C,B,C,A,A,B,D,C,B,D,B,D,A,C,B,A,B,B,A,B,C,A,B,A,B,A,C,A,A,A,B,C,D,C
19415207-8,B,A,A,C,D,C,D,C,A,B,A,A,C,A,C,C,B,D,A,A,C,A,C,C,A,D,C,B,C,A,A,B,A,B,B,D,B,A,A,C,B,A,B,B,,,C,A,B,A,B,A,C,C,A,D,B,A,C,C
19413822-9,B,B,A,D,D,A,A,A,B,D,A,D,B,A,C,C,D,D,A,A,C,A,B,C,A,D,C,A,B,D,D,B,B,B,D,C,B,A,B,C,B,D,C,B,C,B,C,A,B,C,B,B,C,A,A,B,A,C,C,C
19021352-8,B,A,A,D,D,A,A,C,A,B,A,D,C,A,C,C,C,D,A,C,C,A,C,B,D,A,C,B,D,D,A,B,B,B,B,D,C,B,A,C,B,A,D,B,A,B,C,A,D,A,A,A,C,C,A,B,B,A,D,C
19484507-3,B,B,A,D,A,A,D,C,A,A,A,C,C,C,C,D,B,A,C,A,C,D,B,C,A,B,D,B,C,A,A,B,D,B,D,D,B,D,A,C,B,A,D,C,A,B,C,A,B,A,B,A,C,B,A,B,B,A,C,C
19140261-8,B,B,A,C,D,A,A,C,A,D,A,D,A,A,C,C,B,D,A,A,C,A,B,C,A,D,C,C,C,D,B,B,B,C,D,C,B,A,A,C,B,A,B,B,A,B,C,A,D,A,D,B,C,A,A,B,B,C,D,A
18368915-0,A,B,A,C,A,C,D,A,D,B,A,D,B,C,C,C,A,D,A,A,C,A,D,C,D,B,C,A,C,A,A,D,D,B,D,D,B,A,A,C,B,C,B,B,A,B,C,D,C,A,B,A,C,A,A,B,A,C,D,C
17123180-9,B,B,A,B,A,C,D,A,A,A,A,D,C,B,C,B,C,A,A,C,D,C,C,B,A,,D,B,C,A,A,A,C,B,B,,B,A,A,D,D,A,D,B,A,B,C,A,C,A,B,B,C,C,A,A,B,A,C,C
15690062-1,B,B,A,D,D,A,A,D,A,B,A,D,C,D,C,C,B,C,A,A,C,A,C,C,A,D,C,B,C,A,A,B,A,C,B,,,A,A,C,B,A,D,B,A,B,C,A,B,A,B,D,C,A,A,B,B,A,D,C
18716631-4,B,B,A,C,C,A,D,D,A,A,A,D,C,D,C,C,B,D,A,A,C,A,C,C,A,D,C,A,C,A,A,B,D,B,D,D,B,D,A,D,B,A,A,C,A,D,C,B,C,A,C,D,C,A,A,C,B,A,C,B
11842724-6,B,B,A,C,D,A,A,C,A,A,A,C,C,D,C,D,B,D,D,C,C,B,B,B,D,D,C,C,C,B,A,B,B,B,B,D,B,A,D,C,B,A,A,C,A,B,C,A,B,A,C,B,C,C,A,A,B,A,C,C
19255847-6,B,B,A,C,D,A,A,C,C,B,A,D,D,A,B,C,B,D,A,A,C,A,B,C,C,D,C,B,C,C,A,B,D,C,C,D,A,B,A,C,B,A,B,B,A,B,C,A,C,B,B,A,C,A,A,B,B,A,D,C
18894228-8,B,B,A,C,D,C,A,C,A,B,A,D,C,D,C,C,B,D,A,A,C,A,D,B,A,B,C,B,B,A,C,B,D,D,B,A,B,C,A,C,D,A,B,B,A,B,C,A,C,B,B,B,C,C,A,B,B,B,D,C
17607588-0,A,D,A,D,C,A,A,C,A,D,A,D,B,C,C,C,B,D,A,D,C,D,B,C,D,D,C,B,C,A,A,B,B,C,D,B,B,D,A,C,B,A,C,C,A,B,C,A,B,A,A,B,A,A,B,B,B,A,D,D
17699749-4,B,B,A,C,D,C,D,C,A,B,A,D,C,A,C,C,A,D,A,A,C,A,C,C,A,D,C,B,C,C,A,B,D,B,B,A,B,A,A,D,B,B,B,B,A,B,C,A,D,A,B,A,A,A,A,B,B,A,C,A
19334248-5,B,B,A,D,D,C,A,C,A,B,A,D,C,A,C,C,B,D,A,A,C,A,B,C,A,D,C,B,C,C,A,B,D,A,B,D,B,A,A,C,B,A,B,B,A,B,C,A,B,A,B,A,A,A,A,B,B,A,D,C
19695042-7,B,B,A,B,B,A,D,A,A,D,A,A,C,C,C,C,B,C,A,A,C,A,A,C,D,D,C,C,C,B,A,B,B,C,B,D,B,A,A,C,B,A,B,C,A,D,C,A,D,A,B,D,C,A,A,B,B,D,B,B
19263498-9,B,B,A,A,A,C,D,C,C,B,A,D,B,A,C,C,B,D,A,A,C,A,A,C,A,D,C,B,C,C,A,B,D,C,D,B,B,C,A,C,B,A,B,B,A,B,C,A,C,A,B,D,A,C,B,B,B,A,C,C
17789914-3,A,A,A,D,C,A,D,D,D,D,A,D,B,D,C,C,B,D,A,C,C,D,B,D,A,D,C,A,C,C,A,B,A,A,B,D,B,A,A,D,B,B,B,B,D,B,C,A,D,B,C,B,C,A,B,A,B,D,C,C
19670058-7,B,B,A,C,D,C,D,A,A,B,A,D,C,A,C,C,B,D,C,A,C,A,A,B,A,C,C,A,C,A,A,B,D,D,B,C,A,D,A,C,A,A,B,B,A,B,C,A,B,B,B,D,A,C,A,B,B,A,C,C
17318917-6,B,B,A,D,D,C,A,C,A,B,A,D,C,A,C,C,B,D,A,A,C,A,C,B,A,D,C,B,C,C,A,B,A,B,D,D,B,A,A,C,B,A,B,B,A,B,C,A,C,A,B,D,C,C,A,B,B,A,C,C
18726618-1,A,B,A,D,A,A,A,,A,A,A,D,D,A,C,C,A,,C,A,C,D,C,B,A,,C,A,D,A,A,B,A,C,,,A,A,A,A,D,A,B,B,D,D,C,A,,A,B,D,A,B,A,B,B,A,D,C
19384092-2,B,A,A,D,D,C,A,A,A,B,A,D,C,A,C,C,B,D,A,D,C,A,C,B,D,D,C,B,C,A,A,B,B,A,B,D,B,A,A,C,B,A,D,B,A,B,C,A,C,A,B,D,C,A,A,B,B,A,C,C
19277443-8,A,B,A,B,D,C,D,B,A,B,A,D,C,D,C,C,B,D,A,C,C,A,A,C,A,A,C,C,C,B,A,B,D,A,D,B,B,A,A,C,A,A,A,B,A,B,C,B,D,B,B,A,C,A,A,D,B,B,D,C
19380745-3,B,B,A,C,D,C,D,D,D,D,C,D,A,D,A,C,A,C,A,D,D,B,B,C,A,D,C,A,C,C,B,A,A,D,A,C,B,D,A,D,B,B,C,B,C,D,C,A,A,C,D,C,A,B,A,D,B,A,C,A
17604151-K,B,B,A,D,C,C,D,C,D,B,A,D,A,D,B,A,C,B,A,D,D,B,B,D,A,B,C,C,D,A,B,A,A,D,C,C,A,C,A,B,A,A,B,A,D,B,C,B,C,B,A,C,C,A,A,B,C,D,D,C
18665934-1,A,B,A,C,B,A,D,D,B,D,A,D,C,D,C,C,B,D,A,A,C,B,C,B,A,D,B,B,C,A,A,D,A,C,B,D,B,D,A,C,B,D,B,C,A,B,C,A,B,B,B,B,A,A,A,B,B,A,D,A
18819214-9,B,B,A,C,D,A,A,D,A,B,A,D,A,A,C,C,B,D,A,A,C,A,A,B,A,C,C,B,B,D,B,B,D,C,D,D,B,A,A,C,B,A,B,B,A,B,C,A,A,B,C,B,C,D,A,B,B,B,C,D
19284439-8,B,B,A,D,D,C,D,C,A,C,A,D,D,A,B,C,A,D,A,A,C,A,B,C,D,D,C,B,C,B,A,C,D,C,D,B,B,C,A,C,B,A,B,B,A,B,C,A,B,B,D,D,A,A,A,B,B,A,D,A
19471171-9,B,B,A,D,D,A,D,C,A,D,A,A,A,D,C,C,D,D,A,A,C,A,C,C,A,,C,B,C,,A,B,B,D,C,,,D,A,C,B,,B,B,D,D,C,A,,B,B,A,C,A,A,B,B,A,C,C
19386867-3,B,B,A,C,D,C,A,D,A,B,A,B,D,D,D,D,C,D,A,D,C,A,C,A,A,B,C,B,B,A,A,B,C,B,C,D,B,D,D,B,A,A,C,B,B,D,C,C,D,B,B,D,A,A,A,D,C,C,D,B
19289822-6,B,A,A,C,A,C,C,C,A,D,A,A,C,A,C,C,B,D,C,A,C,A,C,C,A,D,C,B,C,A,A,C,B,D,B,D,B,B,A,C,B,A,B,B,A,B,C,A,B,B,B,B,C,A,A,C,B,D,D,A
17578837-9,A,B,D,B,C,A,A,D,A,A,A,D,,B,A,,D,A,A,A,B,A,,,,B,,A,B,,A,,,A,,,,C,B,D,D,A,C,B,,B,C,A,D,B,B,A,D,,C,B,B,A,B,C
18459279-7,A,B,A,D,B,A,A,D,A,A,D,D,C,D,B,C,B,D,A,A,C,A,C,B,A,D,C,B,D,A,A,B,A,C,D,C,B,D,A,D,B,A,C,B,A,B,C,D,D,B,B,C,C,A,A,B,B,A,D,C
15590878-5,A,B,A,D,C,C,A,A,C,B,A,D,C,A,C,D,B,D,A,A,C,A,A,C,D,D,C,B,C,C,A,B,B,C,B,D,B,A,A,C,B,A,B,B,A,D,C,A,B,B,B,D,C,A,A,B,B,A,D,C
19270380-8,C,B,A,D,D,C,D,A,A,B,B,D,D,A,A,B,B,D,A,A,C,A,C,B,C,A,D,D,C,A,B,B,B,D,D,B,C,D,A,A,D,A,B,B,A,B,C,A,D,B,C,C,C,A,A,B,A,C,C,A
16605888-0,B,B,A,D,D,C,A,D,D,B,A,D,A,D,A,D,C,B,A,A,A,A,C,B,D,B,C,D,C,A,A,A,D,B,D,B,B,C,A,C,B,A,B,B,A,B,C,B,B,A,C,C,A,A,A,B,C,A,C,C
19658026-3,B,B,A,D,D,A,A,A,A,B,A,C,A,D,C,C,A,D,A,D,C,D,C,C,A,D,C,B,C,A,A,B,B,D,D,D,B,D,A,C,B,A,B,B,A,B,C,A,C,A,B,A,C,A,D,B,B,D,D,C
18808942-9,B,B,A,D,D,A,D,A,A,B,A,D,C,D,D,D,D,D,A,D,C,D,B,C,A,D,D,B,C,C,A,B,D,C,D,B,C,A,A,C,B,B,B,B,D,B,C,A,C,B,B,C,A,A,A,D,B,D,D,C
18122901-2,B,B,A,C,D,C,A,A,A,B,A,D,C,A,C,C,D,D,A,C,C,A,D,C,A,C,C,B,C,A,A,B,B,C,B,D,A,A,A,C,B,A,B,B,A,D,C,A,C,B,C,A,C,A,A,B,B,A,D,A
19940115-7,B,A,A,D,D,A,D,C,A,D,A,A,C,D,C,C,B,D,A,A,C,A,D,C,A,D,C,A,C,,A,B,B,B,D,D,B,C,A,C,B,A,A,B,C,B,C,A,B,A,C,A,D,A,A,B,B,A,D,C
16058934-5,B,B,A,D,D,A,A,A,A,B,A,D,C,A,B,C,D,D,A,A,C,A,D,C,D,D,C,B,D,A,A,B,D,C,C,A,B,A,A,C,B,D,D,B,C,B,C,A,D,B,B,A,A,A,C,B,B,A,D,A
12659571-9,B,B,A,C,D,A,A,D,A,C,A,A,C,D,B,C,B,B,C,D,C,A,A,C,A,A,C,A,B,C,A,B,B,D,B,C,B,D,A,D,D,D,B,A,A,B,C,A,C,B,D,A,C,A,A,B,D,A,D,C
16667625-8,B,B,A,D,,C,D,A,A,A,A,,,A,C,D,D,,A,,,,,,,,,B,,,A,,,B,,,,,B,C,,A,B,B,A,B,C,A,,,,D,A,C,A,B,,,,C
17644834-2,B,B,A,C,D,A,C,C,D,A,A,A,C,D,C,C,B,D,A,A,C,A,C,A,A,D,C,B,C,A,A,B,D,B,A,D,B,D,D,D,B,A,C,B,A,B,C,D,B,B,D,B,A,A,A,B,B,C,D,B
18496893-2,B,B,A,D,D,C,D,,A,B,A,D,,,C,C,B,D,A,,,A,C,C,A,D,C,B,C,A,A,B,,,D,,,,A,A,B,,,B,,,C,,C,B,B,D,A,A,A,B,,A,C,C
19339310-1,B,B,A,D,B,C,D,A,A,A,A,D,D,A,C,C,A,B,A,C,D,C,B,C,D,B,C,B,C,D,B,A,B,B,B,B,C,D,A,C,C,A,B,C,D,B,C,B,B,A,A,A,C,A,A,B,B,D,A,D
18621754-3,B,A,A,A,D,A,A,A,A,D,A,D,C,D,C,C,C,D,A,A,C,A,D,B,A,A,D,B,C,A,B,B,D,B,B,A,B,C,D,C,A,A,B,B,D,D,C,A,C,B,B,B,D,C,A,A,B,A,C,C
19337082-9,B,B,A,C,D,C,C,A,D,D,A,D,B,A,B,A,C,C,A,A,C,C,B,D,A,A,C,A,C,B,B,B,C,A,B,D,B,A,A,D,A,A,A,C,B,D,C,A,D,B,C,A,C,C,A,B,C,A,D,C
19598972-9,B,B,A,D,D,A,D,C,A,B,A,D,C,A,C,C,B,D,A,C,C,A,B,B,D,D,C,B,C,C,A,B,D,B,C,D,B,B,A,C,B,A,D,B,D,D,C,A,B,A,A,A,C,A,A,B,B,D,C,C
19091457-7,B,B,A,D,D,A,A,A,A,B,A,C,C,D,C,C,A,D,A,A,C,A,B,C,A,D,C,C,C,C,A,B,D,A,D,D,B,A,A,B,A,A,B,B,A,B,C,A,B,A,B,A,C,A,A,B,A,A,D,C
19438159-K,B,B,A,A,D,C,A,A,A,B,A,D,A,A,C,C,B,D,A,A,C,A,B,C,A,B,D,B,C,C,A,B,D,A,C,,B,A,A,D,B,A,D,B,A,B,C,A,B,A,B,A,A,A,A,B,B,A,D,C
18656985-7,B,B,A,B,A,A,C,D,A,B,A,D,C,D,C,C,B,D,A,A,C,A,C,C,D,D,C,D,C,B,A,B,D,A,D,A,B,A,A,D,B,A,B,B,A,B,C,A,D,A,B,A,C,B,A,B,B,D,C,C
19288760-7,B,B,A,D,D,A,D,C,B,D,A,A,A,C,C,C,B,D,A,A,A,A,D,B,A,C,C,B,C,A,A,B,A,C,B,D,A,D,A,D,B,C,B,B,A,B,C,A,B,A,D,D,C,A,A,B,B,A,A,C
18823014-8,C,A,A,D,C,A,D,C,A,B,A,D,C,A,C,C,B,D,A,A,A,B,A,B,A,D,C,B,C,D,A,B,A,B,A,D,B,D,A,D,D,A,A,B,D,D,C,A,B,B,A,D,B,D,A,B,B,A,D,C
19410228-3,A,B,A,B,D,C,C,C,A,B,A,D,B,A,B,C,B,D,D,C,C,A,A,C,A,D,C,C,C,A,D,D,D,D,D,C,B,D,A,C,D,A,B,B,D,D,C,A,B,B,C,B,A,A,A,D,B,D,D,C
19332665-K,B,C,A,D,C,C,A,A,A,A,A,C,C,D,C,C,B,D,A,D,C,D,A,B,D,D,C,A,C,D,A,B,B,C,C,D,B,A,A,C,B,B,B,B,A,B,C,A,B,B,C,B,A,C,A,B,B,D,D,C
18388403-4,B,B,A,D,D,A,D,A,A,B,A,D,D,D,C,C,D,D,A,A,C,A,D,C,A,D,C,B,C,C,A,B,D,B,A,D,B,D,A,C,D,A,C,B,A,B,C,A,C,B,B,A,C,A,A,B,B,A,D,D
18240625-2,B,B,A,D,D,C,D,C,A,D,A,D,B,A,C,C,B,B,D,A,C,A,A,A,D,C,C,A,C,A,A,B,B,C,D,D,B,B,A,D,B,A,D,B,A,D,C,A,C,B,C,A,C,D,A,B,B,D,C,C
18970229-9,B,A,A,D,D,A,A,B,A,B,A,D,C,A,C,C,B,D,A,C,C,A,D,D,A,D,C,B,C,A,A,B,D,D,A,D,B,C,A,C,D,D,A,B,B,B,C,A,C,A,A,D,C,A,A,D,B,D,B,C
19366808-9,B,B,A,D,A,A,A,C,A,B,A,D,A,B,C,C,B,D,A,A,A,D,B,A,D,D,B,C,C,D,A,A,C,C,B,D,B,A,A,D,A,C,A,C,A,A,C,A,D,A,C,B,A,D,B,B,B,A,D,C
16300533-6,B,B,A,D,D,C,D,C,A,D,B,D,D,D,C,C,B,C,A,A,C,D,C,B,A,B,C,A,C,A,A,B,B,B,D,C,B,D,D,A,B,A,B,C,C,B,C,A,C,A,B,D,A,C,A,D,B,A,C,C
19601846-8,B,B,A,D,A,C,A,C,D,B,A,D,C,A,B,C,D,D,A,A,C,A,C,C,A,D,C,B,C,A,A,B,B,A,C,D,B,A,A,C,B,A,B,D,A,B,C,A,B,B,C,A,C,D,A,B,B,D,C,C
19566124-3,B,B,A,A,C,A,A,D,A,B,B,A,B,D,C,C,B,D,A,A,C,A,A,D,A,D,C,C,C,C,A,B,D,B,C,B,B,D,A,C,A,A,C,B,D,B,C,D,B,A,B,B,A,A,A,B,B,A,D,A
18930705-5,B,B,A,C,D,A,D,C,A,B,A,D,D,D,C,C,A,B,A,A,C,A,D,D,A,D,C,A,B,D,A,B,A,B,B,D,B,A,A,A,B,A,B,B,A,B,C,A,B,A,B,B,A,C,A,B,C,A,D,C
19673666-2,B,B,A,C,D,A,D,C,A,D,A,A,B,A,C,C,B,D,A,D,B,A,D,C,D,D,C,B,A,A,A,B,D,A,B,A,A,A,A,C,A,C,B,B,D,B,D,A,B,B,B,A,C,A,A,B,D,A,D,C
17353558-9,B,B,A,C,D,A,D,C,B,B,A,D,C,A,C,D,D,C,A,A,C,A,D,A,A,D,C,A,C,A,A,B,B,C,D,B,C,D,A,C,D,D,B,B,C,D,C,A,B,A,B,A,C,C,A,B,B,A,D,C
17202674-5,B,B,D,D,B,C,D,D,A,A,A,A,D,A,C,D,B,D,A,A,C,A,A,B,A,D,C,C,C,A,A,B,A,B,D,A,B,B,A,D,D,A,D,B,B,B,C,A,B,B,B,C,C,D,A,D,B,D,D,C
19572831-3,B,B,A,D,A,C,A,D,A,D,A,D,B,A,C,C,B,A,A,D,C,B,C,C,A,C,C,B,C,A,A,B,A,D,D,A,B,C,A,D,B,A,B,C,C,B,C,A,B,B,B,B,C,C,A,B,B,A,D,C
16621188-3,C,B,A,C,B,A,A,B,A,D,A,B,,A,A,D,B,D,A,,C,A,C,C,A,D,D,B,C,,A,D,B,C,B,,B,C,A,D,D,B,A,B,A,B,C,A,C,A,B,A,A,A,A,B,B,C,D,C
18905934-5,B,B,A,D,D,A,D,D,A,A,A,D,B,A,A,C,B,D,A,C,A,A,A,C,D,D,C,C,C,D,A,B,D,B,B,D,B,A,A,D,A,B,B,B,D,D,D,B,D,C,B,A,C,A,A,A,B,A,D,C
18511163-6,B,B,A,C,D,C,D,C,A,D,A,D,C,A,C,C,B,D,A,D,C,A,B,C,D,D,C,B,C,A,A,B,A,C,D,D,B,A,A,C,B,A,B,C,A,B,C,A,D,B,C,A,C,A,A,B,C,A,C,C
18617485-2,C,A,A,D,B,D,A,A,D,B,A,D,A,C,C,C,D,D,A,C,C,A,D,B,D,B,B,C,C,A,B,B,A,D,D,D,B,D,A,C,D,A,B,B,D,B,C,A,D,C,B,A,A,A,A,B,B,B,D,C
19416938-8,B,B,A,C,B,A,A,D,A,D,A,D,B,A,C,D,D,D,A,D,A,A,B,C,A,D,C,D,C,A,B,B,D,C,C,D,B,A,A,C,D,B,C,B,C,D,C,D,D,A,C,A,C,D,A,B,B,A,D,A
17680112-3,A,B,A,B,C,A,A,C,A,D,A,D,B,D,C,C,C,D,C,A,A,A,B,D,A,D,C,C,C,A,A,C,D,C,D,B,B,D,A,A,A,C,B,B,A,B,C,C,B,A,C,B,C,A,A,D,B,A,D,C
19274684-1,B,B,A,D,D,C,A,D,A,B,A,B,D,A,B,C,B,D,A,A,C,A,D,B,A,D,C,B,C,,A,B,D,C,,D,B,D,A,C,B,A,B,B,C,,C,A,B,B,D,C,C,C,C,D,B,C,D,C
18250510-2,B,B,A,C,B,C,D,C,A,B,A,,C,A,C,C,D,D,C,A,C,C,C,C,A,D,D,B,C,A,A,B,A,C,,D,B,A,A,C,B,A,,B,A,B,C,A,C,B,B,D,C,A,A,A,B,A,C,C
16960702-8,A,D,A,D,D,B,D,A,B,D,A,C,A,B,C,C,A,D,A,A,C,C,B,B,C,B,D,A,C,A,B,B,B,C,B,C,B,A,C,A,B,A,B,B,C,D,C,A,A,A,C,A,A,D,D,D,A,C,B,C
18670003-1,A,B,A,C,A,C,A,C,A,D,A,D,C,D,C,C,B,D,A,A,C,A,A,A,C,D,C,B,A,B,B,B,D,B,D,D,B,A,A,C,B,A,B,C,A,B,C,A,D,C,B,C,C,A,A,B,B,A,D,C
19125299-3,B,B,A,D,D,C,D,C,A,D,A,D,,D,B,D,B,D,A,A,,,C,C,A,A,C,,C,,A,B,,D,,B,,,A,D,B,,B,,,,C,A,B,B,,B,C,A,A,A,B,C,A,C
14486606-1,B,B,A,D,B,C,C,A,A,A,A,A,,,C,D,,,C,,,,B,B,A,,C,,,,A,,,A,,D,,B,A,D,B,,B,C,A,B,C,D,,D,,B,D,A,A,B,B,D,C,C
18612258-5,B,,A,D,A,C,A,C,A,B,A,D,,D,B,C,B,D,A,A,C,A,D,B,A,D,C,C,C,C,A,B,,C,B,,B,A,A,,B,A,B,B,A,B,C,D,C,D,B,A,C,A,A,B,B,A,C,D
16817588-4,B,B,A,C,D,C,A,C,A,B,A,D,A,D,C,B,B,D,A,C,C,A,D,B,A,D,C,A,C,D,A,B,D,B,B,D,B,D,A,D,B,A,C,B,A,B,C,A,B,A,B,A,C,C,A,B,D,A,D,C
13535217-9,B,A,A,D,B,A,D,A,A,A,A,B,D,A,C,C,A,D,C,A,C,A,A,D,D,D,C,A,C,C,A,C,B,A,B,C,B,C,B,C,A,C,D,B,A,B,C,B,C,D,C,A,C,A,A,B,A,C,D,B
17727438-0,B,A,A,C,D,C,A,A,A,D,A,D,A,A,C,A,B,D,A,D,C,A,C,B,A,D,C,B,C,B,A,D,D,B,D,C,B,D,A,C,D,A,B,B,A,D,C,D,D,A,B,A,A,C,B,B,B,A,D,D
18808286-6,B,B,A,D,A,A,A,D,D,B,A,D,C,D,D,A,D,D,A,D,C,A,C,D,A,D,B,A,C,A,B,B,A,B,D,B,D,C,A,D,B,B,A,B,A,B,C,A,C,A,D,A,C,A,A,B,B,A,D,A
19320569-0,B,B,A,D,C,B,A,C,D,D,A,B,A,A,B,A,B,D,A,C,C,A,C,A,A,D,C,B,C,A,A,B,B,C,D,D,A,D,A,C,D,A,B,B,A,B,C,A,B,A,B,D,A,A,B,B,B,A,C,C
13680220-8,B,B,A,D,D,C,C,C,D,B,A,A,C,A,D,C,B,D,A,D,C,A,C,C,A,D,C,B,B,A,A,B,A,B,B,D,B,D,A,C,B,A,B,B,A,B,C,A,B,A,B,A,C,C,A,B,B,A,D,C
18763220-K,B,A,A,D,C,A,D,C,A,B,D,D,B,C,C,C,D,D,A,A,C,A,A,B,A,B,C,B,C,C,B,A,D,C,D,B,B,D,A,D,D,C,A,B,D,B,C,A,B,A,C,D,C,B,A,B,B,D,C,B
18859518-9,B,B,A,D,C,C,A,A,A,B,A,B,C,A,C,C,D,C,D,C,C,B,C,C,A,C,C,B,C,C,D,B,D,C,B,C,B,D,A,C,B,A,D,B,D,D,C,B,C,B,C,A,C,A,A,B,B,A,D,A
16801405-8,B,D,A,D,B,A,A,C,A,D,A,A,C,A,C,C,D,C,A,A,C,A,C,B,A,D,C,B,C,B,A,D,B,D,B,C,B,D,A,C,B,D,B,B,D,B,C,A,C,A,D,C,C,A,A,B,B,A,D,C
19476557-6,B,B,A,D,D,D,D,D,D,D,A,B,C,A,A,C,C,C,A,A,C,A,B,B,A,D,C,B,C,B,A,B,A,B,A,D,D,A,A,D,B,A,B,B,A,D,C,A,D,A,D,B,D,A,A,D,B,A,D,C
18463608-5,B,B,A,D,D,A,D,C,A,B,A,D,C,A,C,C,B,D,A,D,C,A,C,B,C,D,C,A,C,A,A,C,B,C,B,D,B,D,A,C,B,A,B,B,A,B,C,A,B,A,B,A,A,C,A,B,B,A,D,C
19192968-3,B,B,A,D,B,A,A,C,A,D,A,D,B,D,C,C,B,B,A,D,C,A,A,B,D,B,C,B,C,C,A,B,A,B,D,D,C,B,A,C,D,C,B,B,A,B,C,A,D,B,B,C,C,D,A,B,B,A,D,C
15820040-6,B,B,A,B,D,C,D,A,A,D,A,D,C,D,C,D,B,D,C,C,C,A,A,B,A,D,C,C,C,B,A,B,D,D,D,D,B,D,C,D,B,A,B,B,A,B,C,A,B,B,B,D,C,C,A,B,B,A,D,D
18851075-2,B,A,A,D,D,A,D,C,D,A,A,D,C,D,C,C,B,D,A,A,C,A,B,C,A,D,C,B,B,A,A,B,D,C,D,C,B,B,A,A,B,A,B,B,D,D,C,A,B,A,B,D,C,B,A,B,B,A,C,C
19644006-2,B,B,A,C,D,A,A,A,A,D,A,D,C,D,C,C,B,D,D,A,C,A,A,C,C,B,C,C,C,A,B,B,D,C,D,A,B,A,A,C,B,A,B,A,A,B,C,D,C,D,B,A,A,A,A,B,B,D,D,B
19303950-2,B,B,A,D,A,A,D,A,A,D,A,D,A,D,D,C,B,D,A,A,C,A,D,B,A,D,C,A,C,C,A,B,B,C,B,D,B,B,A,D,B,A,B,C,A,B,C,A,B,B,B,A,C,A,A,D,B,A,D,C
17041754-2,A,B,A,C,D,C,D,A,A,B,B,D,A,D,C,C,A,D,A,A,C,B,C,B,A,D,C,B,C,A,A,B,B,D,A,D,B,A,B,D,D,A,C,A,A,B,C,A,B,B,C,D,C,A,A,A,B,D,C,C
17596624-2,A,D,A,D,B,A,D,C,A,C,A,D,B,D,C,C,B,A,C,A,C,B,B,B,D,D,C,B,B,D,A,D,B,A,D,A,B,D,D,C,D,A,B,B,A,B,C,A,B,B,B,A,C,A,D,B,B,A,D,C
19446181-K,B,B,A,D,D,A,A,D,A,B,A,D,C,D,C,C,C,D,A,C,A,A,C,C,D,C,C,B,C,B,B,B,B,B,A,D,C,A,A,C,B,A,B,B,C,B,C,A,B,C,C,B,C,C,A,A,B,A,D,C
16045940-9,B,A,A,D,D,C,A,C,A,B,A,D,C,D,C,C,B,D,A,A,C,A,D,C,A,D,C,B,C,B,A,B,D,B,B,B,B,B,A,C,D,A,B,B,A,B,C,A,B,B,B,A,C,A,A,B,B,A,D,C
16727956-2,B,B,A,D,D,A,A,A,A,B,A,D,C,A,C,C,B,D,A,A,C,A,D,C,D,D,C,B,C,C,A,B,B,B,D,C,B,A,A,C,D,A,B,B,A,B,C,A,B,B,B,A,A,A,A,B,B,A,C,D
18071446-4,B,B,A,D,D,D,D,A,A,B,A,A,C,A,C,C,B,D,A,A,C,A,D,B,A,D,C,B,C,A,A,C,B,D,B,A,A,A,A,C,B,A,B,D,A,B,C,A,C,A,A,A,B,D,A,B,B,C,C,C
17302473-8,B,B,A,D,D,A,A,C,A,D,A,D,C,C,C,D,B,D,A,A,C,A,C,B,A,D,C,B,C,A,A,B,B,C,D,C,B,D,C,C,A,A,B,B,B,B,C,A,B,B,B,D,A,A,A,B,B,A,C,C
19619500-9,B,B,A,C,D,A,A,C,A,A,A,A,C,D,B,C,B,D,A,A,C,A,A,C,A,A,C,B,C,B,A,B,A,A,C,D,A,A,A,A,A,A,A,B,B,B,C,B,B,B,B,A,C,C,A,A,B,A,D,C
19420915-0,B,B,A,D,A,C,A,C,A,B,A,B,C,C,A,C,D,D,A,D,C,A,D,B,B,D,D,B,C,A,A,B,C,C,C,D,B,D,A,B,B,A,B,D,A,B,C,A,B,B,B,A,C,A,A,D,B,A,D,C
19349931-7,B,A,A,D,D,A,D,C,A,D,A,D,C,D,C,C,B,D,A,A,C,B,D,B,D,D,C,A,C,C,A,B,B,A,A,D,C,D,A,A,D,A,C,B,A,B,C,A,D,B,C,A,A,A,A,A,B,A,C,C
