RUN,
16505051-7,C,D,C,A,D,D,C,C,B,B,B,C,A,B,D,C,A,D,B,D,C,B,B,C,A,C,C,B,A,B,D,C,B,B,C,C,A,B,D,A,D,C,A,B,D,D,B,C,C,C,B,D,C,B,D,B,B,D,A,C
18104307-5,C,A,B,C,D,D,C,C,D,A,C,D,A,D,D,C,C,C,B,B,C,D,D,A,A,C,B,B,A,A,D,B,C,B,B,B,C,B,D,A,D,D,B,B,D,D,B,C,A,A,B,A,C,B,D,B,D,D,D,C
14136524-K,C,C,C,B,C,D,C,C,C,B,B,C,A,D,D,B,C,D,B,A,A,A,B,B,B,D,C,A,A,B,B,B,C,B,B,C,C,D,B,A,D,B,A,C,D,D,C,C,A,C,C,A,C,B,A,B,C,D,D,B
20067597-5,B,C,C,A,D,D,C,C,C,A,C,D,A,B,D,B,C,D,B,A,A,B,A,D,C,D,B,B,C,C,B,B,B,B,A,A,A,D,A,B,D,D,D,A,D,B,B,D,D,C,C,C,A,B,B,B,C,D,C,C
19595070-9,C,A,A,C,D,D,C,C,D,C,B,D,A,C,A,C,A,D,B,D,C,B,B,D,A,D,C,B,D,B,C,C,C,B,C,D,B,C,C,B,D,C,A,B,D,C,B,A,A,B,C,B,B,B,C,B,C,C,B,B
14900319-3,B,A,D,B,D,D,A,C,D,B,B,C,B,B,A,C,C,D,B,A,D,B,C,D,A,D,B,A,A,B,C,D,B,C,C,D,A,B,B,B,D,C,D,A,D,D,D,A,A,C,B,C,B,B,D,B,,D,C,D
18117302-5,C,A,D,C,D,D,C,B,D,A,B,C,A,B,C,B,A,C,A,A,B,D,D,D,C,B,C,B,A,D,C,B,A,B,B,C,B,C,B,A,D,C,D,B,C,D,C,A,C,C,B,A,C,A,A,D,C,D,D,C
18565510-5,B,C,B,A,C,D,C,A,D,A,C,C,A,C,D,B,B,D,B,D,C,B,D,C,,,B,B,,,B,C,B,B,B,A,B,B,,B,D,B,D,B,C,,,,D,B,,,C,B,D,B,C,D,,C
19286455-0,A,A,B,A,B,C,C,B,C,C,B,A,B,B,C,A,C,D,B,B,A,A,C,D,C,C,C,B,C,D,B,D,B,A,B,A,B,B,B,B,D,D,D,B,D,C,D,D,C,B,C,C,B,B,D,D,C,D,D,D
19734567-5,C,C,B,A,A,D,C,C,D,A,D,C,A,D,C,B,A,D,A,D,A,C,A,A,A,B,D,B,A,B,D,D,C,C,C,B,A,D,C,A,D,C,D,B,D,C,B,A,A,C,C,C,A,B,B,A,B,A,A,C
18363429-1,C,A,B,A,D,D,A,C,B,A,D,C,C,C,A,B,C,D,B,D,D,B,C,A,B,C,B,B,A,B,B,B,B,D,C,C,A,B,A,A,D,C,B,B,D,B,B,A,B,C,B,C,D,B,B,B,A,B,D,B
18237403-2,C,C,C,A,B,D,C,C,D,A,B,C,A,D,D,A,C,B,C,B,C,D,C,A,A,B,B,B,D,B,C,A,C,C,B,A,A,B,C,A,C,B,A,B,C,D,C,D,A,C,B,D,C,B,C,B,C,D,D,D
18389920-1,C,C,C,A,D,D,C,C,D,D,C,C,A,D,D,B,C,D,B,D,C,B,D,C,A,D,B,B,D,C,B,C,C,B,B,C,C,B,B,A,A,B,A,B,D,D,B,D,A,C,B,D,C,A,D,C,D,D,D,B
19936866-4,C,A,,D,A,D,C,C,B,B,B,D,A,D,D,B,B,,,D,C,C,B,B,,,,D,A,,A,D,D,B,,B,,A,,A,D,D,,B,C,,D,C,A,C,A,,C,,B,B,C,D,A,C
19486628-3,C,C,D,A,D,A,D,C,D,A,B,C,A,B,D,B,A,B,B,D,C,B,D,C,B,D,B,B,A,B,B,D,B,B,C,A,A,B,A,A,D,D,B,A,A,C,B,C,A,B,B,A,C,D,D,A,C,D,D,C
19263393-1,C,C,B,D,A,B,C,A,D,B,D,C,B,D,C,B,B,D,B,D,A,C,B,C,C,C,C,D,B,A,B,B,B,B,B,C,A,B,C,D,C,D,D,B,D,D,D,D,C,A,A,B,B,B,B,B,D,B,D,B
16703092-0,C,,,A,D,,D,C,D,,,C,A,C,D,B,C,,B,A,,B,,,A,,B,B,A,C,B,,C,A,B,D,,D,,B,D,B,B,B,C,,,B,C,C,C,C,D,B,B,B,D,D,D,D
18294452-1,C,C,B,A,D,D,C,A,B,C,B,C,A,D,D,B,A,D,B,D,A,B,D,C,A,D,C,B,D,C,D,D,C,B,B,A,C,D,A,B,D,C,D,B,D,D,B,D,D,C,B,C,C,B,A,B,C,D,D,C
18803707-0,A,A,A,D,B,D,C,C,D,B,C,C,C,D,D,C,C,D,B,C,A,B,D,D,B,D,B,D,A,B,C,B,A,B,C,B,A,B,C,B,A,C,A,B,D,D,B,D,A,C,C,C,B,D,D,B,D,D,C,C
19148001-5,A,A,A,A,D,D,D,A,D,B,B,C,B,C,A,B,B,B,B,C,D,B,B,B,B,C,A,,,,C,B,B,D,,,C,B,,,C,,A,,D,,,B,,B,,,,,D,A,C,A,B,B
19083000-4,B,C,B,C,D,D,C,C,B,C,D,C,A,B,D,B,D,D,B,D,B,C,D,C,A,D,B,B,D,B,D,D,C,B,C,C,A,B,C,A,C,A,A,B,D,D,B,A,B,C,D,A,C,B,D,B,C,A,D,B
13610011-4,B,C,D,C,B,D,C,C,B,D,C,D,A,B,D,C,C,D,B,D,D,B,C,B,C,C,C,C,A,D,B,B,C,D,C,C,C,B,B,B,D,C,A,B,D,C,A,C,D,B,B,A,C,B,D,B,C,A,D,C
18644769-7,B,C,D,C,D,A,C,C,D,C,B,C,A,D,C,C,B,B,A,D,A,B,D,C,D,D,B,B,A,C,B,B,B,B,A,D,A,C,C,D,B,B,D,D,B,D,D,D,A,B,B,C,A,B,D,B,A,A,D,A
18386706-7,C,C,B,C,D,D,C,C,B,A,B,C,A,D,D,B,C,D,B,C,A,B,C,D,A,C,B,B,D,D,B,,,,,,,,,,,,,,,,,,,,,,,,,,,,,
18719427-K,C,C,D,A,D,D,C,B,B,B,A,D,C,B,D,A,D,D,B,C,A,B,A,D,A,A,B,B,D,C,B,C,B,B,B,A,C,C,A,A,D,A,D,B,D,D,B,C,B,A,B,C,A,A,C,B,C,D,D,C
19436590-K,C,C,D,A,D,D,C,C,D,A,A,C,A,C,A,B,A,D,B,D,C,D,D,B,A,A,C,C,A,D,B,B,C,B,D,A,D,B,B,B,D,D,D,B,D,D,B,D,A,C,D,A,B,B,D,B,C,D,D,C
19374185-1,A,A,D,A,D,B,D,C,B,D,B,C,C,C,D,C,C,D,B,A,C,C,C,B,C,A,B,A,A,D,D,B,C,B,D,C,A,D,A,A,B,C,D,B,D,B,C,C,A,B,B,D,A,B,D,C,D,A,D,A
17376867-2,A,C,D,A,B,B,C,C,D,B,C,C,A,C,A,A,B,D,C,C,D,A,D,B,A,D,B,D,A,B,C,D,B,B,D,A,B,C,C,A,D,C,D,B,D,C,B,D,A,C,B,C,B,B,D,C,C,D,D,C
19007632-6,C,A,B,B,D,D,C,B,A,A,B,C,A,B,D,B,C,D,B,D,C,B,D,B,A,D,C,B,A,B,B,D,C,B,B,A,C,D,B,A,D,D,D,B,C,D,C,C,A,B,B,A,B,C,D,B,C,D,D,C
19698693-6,C,D,A,A,A,D,C,C,D,A,C,C,A,D,A,B,C,D,B,D,C,B,B,A,A,D,B,B,C,C,B,D,B,A,B,D,C,B,A,B,D,C,D,B,D,C,B,A,A,C,A,,,,,,,,,
19075970-9,C,C,C,A,C,D,C,D,B,B,C,C,C,B,C,B,C,D,B,B,A,B,A,C,D,A,B,B,A,D,B,C,A,A,C,A,C,D,C,C,D,B,D,D,D,C,D,D,C,C,C,C,C,B,B,C,A,D,B,B
13464334-K,A,D,A,C,D,D,D,C,B,A,B,C,B,D,C,A,A,D,B,C,D,A,B,B,B,C,B,B,B,D,B,D,B,C,C,D,A,C,C,A,D,C,B,B,D,C,B,C,A,C,C,A,D,B,D,A,C,A,D,C
19110271-1,C,D,B,A,A,D,C,A,A,D,C,C,A,D,D,C,C,D,D,B,B,B,D,B,A,C,A,B,B,B,B,C,C,B,C,A,A,B,A,A,D,D,A,B,D,C,D,D,D,B,D,C,B,B,D,A,C,A,C,A
19154575-3,B,C,A,A,D,D,A,C,C,A,C,C,B,B,D,B,A,D,B,C,A,C,B,D,A,B,B,B,D,C,B,B,B,B,D,A,B,D,B,D,D,C,A,B,D,C,B,B,D,B,B,C,C,B,A,C,C,A,A,C
18495270-K,D,A,B,D,B,D,C,C,D,A,B,C,B,B,D,C,A,D,B,D,A,B,D,A,B,B,A,B,A,D,B,A,B,B,C,B,B,D,C,A,C,A,A,B,D,A,A,A,A,A,A,C,A,B,C,B,C,C,D,C
15896815-0,C,A,D,C,D,D,C,C,D,A,C,C,A,B,D,B,C,C,B,A,B,B,A,C,A,D,B,C,D,C,B,D,C,B,B,D,A,B,A,A,D,D,D,A,D,D,B,D,A,B,B,C,A,B,D,B,C,D,D,B
19306641-0,C,C,A,A,B,,C,C,,,B,D,B,B,A,B,C,,B,A,D,A,D,C,,C,B,B,,,,D,C,A,,,,,,,,,,,,,,,,,B,,B,,,B,C,D,C,D
19071431-4,C,A,A,D,A,C,C,C,D,A,C,C,A,D,D,B,D,B,B,D,A,B,D,D,B,D,B,B,D,B,B,D,C,C,C,D,C,C,D,D,D,D,C,B,C,D,B,C,C,D,D,D,D,D,A,D,D,B,D,D
17054913-9,B,C,D,B,D,D,C,A,C,A,C,C,A,C,D,B,C,D,B,D,C,B,C,C,A,C,B,B,C,C,B,A,D,B,B,D,C,B,B,B,C,C,B,B,B,B,C,B,A,C,C,D,D,A,B,A,D,C,A,C
19387672-2,B,A,A,D,C,C,D,C,C,C,C,D,C,B,D,B,A,D,B,C,D,B,D,C,A,C,B,B,C,B,B,B,B,B,C,C,C,C,C,B,C,C,B,B,D,D,C,C,A,C,C,A,C,B,D,A,C,D,D,D
19564712-7,D,A,B,C,D,D,C,A,B,D,B,C,B,C,D,B,A,D,B,C,A,B,C,A,A,C,A,C,A,B,B,C,C,B,C,C,C,D,B,B,D,C,B,B,D,D,B,C,D,B,C,A,C,D,D,A,C,D,D,C
19027965-0,A,A,D,C,A,A,C,C,B,D,C,C,A,D,A,C,C,D,A,D,B,C,D,D,A,D,D,B,A,B,C,D,C,A,D,D,A,B,C,A,D,D,A,B,D,C,B,C,D,A,C,A,D,B,D,B,A,A,C,A
19815936-0,A,A,D,A,C,D,D,C,A,D,B,C,C,C,A,A,C,D,A,A,A,A,B,A,A,C,B,B,B,C,D,D,C,B,A,B,D,D,A,A,D,D,D,B,D,C,C,B,A,C,D,C,B,B,D,C,C,D,B,C
18668695-0,D,C,D,C,D,D,D,C,B,A,C,C,A,D,A,B,C,D,B,D,D,C,B,D,B,D,B,B,A,D,D,C,B,A,D,B,C,B,B,B,D,C,B,B,D,D,B,D,C,C,B,B,B,A,B,D,C,D,D,B
18018942-4,D,C,A,A,D,D,C,C,D,C,D,C,B,C,B,B,A,A,C,D,B,B,B,D,A,C,A,C,A,B,B,C,A,C,B,A,A,D,A,A,D,D,B,B,C,D,B,C,A,C,A,A,C,B,B,C,D,D,D,C
19234858-7,A,C,A,D,D,C,C,C,B,C,C,C,A,B,D,A,C,D,B,B,C,B,D,A,A,A,B,B,C,A,D,C,B,D,C,B,B,B,B,B,D,D,D,B,D,D,B,C,A,C,B,A,C,B,D,C,C,D,C,B
17660753-K,D,D,C,C,C,D,C,C,C,C,C,C,A,B,A,B,C,D,A,C,A,C,C,D,B,C,B,C,D,D,B,B,C,B,A,A,A,C,C,C,D,D,D,B,D,B,B,D,A,A,B,D,A,B,A,A,A,D,B,C
19667534-5,B,C,B,A,B,C,C,C,B,A,D,C,B,B,A,C,C,D,B,B,D,B,D,B,A,B,B,C,A,D,D,D,B,B,C,B,C,D,A,A,A,C,D,B,D,C,C,C,A,B,C,D,C,A,A,B,C,D,D,D
18687282-7,A,A,D,D,D,D,C,D,B,C,B,C,B,B,D,B,C,D,A,D,B,B,A,A,A,B,B,B,D,C,C,D,B,B,D,A,A,B,B,A,D,C,D,B,D,D,B,C,C,C,B,A,C,B,D,B,C,D,D,C
17459667-0,A,B,D,C,D,D,C,A,B,B,B,C,B,B,A,B,B,D,B,A,C,D,D,B,C,D,C,C,A,D,D,D,C,A,C,D,C,B,C,A,D,D,C,B,C,B,C,C,A,A,B,C,A,B,D,B,C,D,B,C
13590586-0,B,C,D,C,D,D,,C,D,A,,D,A,D,D,C,A,D,C,D,D,B,A,D,A,B,C,B,D,,D,D,C,D,A,A,A,B,,B,D,B,A,B,D,D,D,A,A,A,A,C,B,B,,B,D,D,A,C
19154027-1,C,A,D,A,D,D,C,C,D,A,D,C,A,B,D,B,C,D,B,D,C,C,D,C,C,C,B,B,D,D,D,B,C,B,C,A,C,D,C,A,D,D,D,B,C,D,B,C,D,C,B,C,C,B,D,C,D,D,B,D
13523683-7,A,A,A,B,D,D,C,C,B,A,A,C,A,A,B,B,C,A,B,D,A,B,D,D,B,B,A,B,C,B,B,D,C,B,C,A,A,B,A,A,D,D,A,A,A,D,B,D,A,C,D,C,A,A,C,B,A,B,B,C
18359066-9,C,C,B,A,D,D,C,C,D,,C,C,A,D,D,A,A,D,,D,,B,B,C,B,C,,C,B,C,D,B,A,B,B,C,D,B,C,B,D,C,D,B,C,B,B,C,,A,,,,,,,,,,
18771681-0,A,B,,A,A,D,,C,B,,,C,B,B,D,,C,B,,B,B,B,,,,B,B,B,A,B,B,B,B,A,D,A,A,D,A,A,A,D,D,B,D,D,C,A,A,D,C,A,B,,D,B,,D,C,B
19358088-2,B,A,D,A,,A,C,C,B,A,B,D,A,D,C,C,C,D,B,B,C,C,C,,A,D,,B,B,C,D,D,C,,B,D,A,D,D,A,D,A,A,B,D,,B,D,,B,B,C,C,,D,D,C,D,A,C
19011694-8,B,C,A,A,D,D,C,C,D,A,C,D,C,B,B,C,A,C,B,D,A,C,B,D,A,B,A,B,C,B,C,B,D,A,C,C,A,,A,B,D,D,D,B,D,D,D,D,A,B,A,A,B,B,D,D,C,D,D,D
19415613-8,B,C,C,A,D,A,D,C,B,C,A,C,A,D,D,C,C,D,B,D,D,B,D,C,B,D,C,D,D,D,B,D,B,B,B,D,A,C,B,D,C,A,C,C,C,A,D,B,B,B,A,C,C,B,D,B,C,D,D,C
17702084-2,B,C,B,A,D,D,C,C,D,A,B,C,A,D,D,B,A,D,B,D,B,C,D,C,A,D,C,B,A,B,B,D,C,B,D,A,B,D,C,A,D,C,A,A,D,D,D,A,A,B,C,B,C,B,D,B,C,D,C,C
19692094-3,B,C,D,A,D,D,D,C,B,A,B,C,A,D,D,A,C,B,B,D,B,B,D,D,B,B,B,D,B,D,B,C,C,A,B,D,C,C,A,B,D,B,D,B,D,D,C,D,A,C,D,A,C,B,D,B,C,D,A,D
18843818-0,C,,B,,B,D,C,C,D,B,C,D,A,D,D,C,C,C,B,D,D,D,D,A,A,B,A,C,A,D,D,C,C,B,D,D,A,B,,A,D,A,B,B,D,B,,,C,C,A,,B,B,D,D,C,D,C,C
18582543-4,C,C,B,D,B,D,C,C,C,A,C,C,A,D,D,B,A,D,B,B,A,D,D,C,B,C,A,B,B,D,D,B,B,B,C,D,C,D,D,B,D,D,D,C,D,D,D,A,C,B,C,A,B,B,B,B,B,A,C,A
19127185-8,C,A,B,C,D,D,C,C,D,B,D,C,C,D,A,A,C,C,B,D,C,A,C,A,A,D,C,C,D,B,C,C,C,D,C,A,A,C,C,B,D,B,B,B,D,C,B,C,B,B,D,D,A,B,D,B,C,D,D,A
19477742-6,C,A,B,A,D,D,C,C,B,A,A,D,B,B,A,A,C,D,B,C,A,A,A,D,A,A,C,D,B,B,B,D,B,A,D,D,A,B,B,D,D,D,D,A,D,C,B,D,D,B,C,A,C,A,D,B,C,D,D,C
17983682-3,C,B,B,C,C,D,B,A,B,C,C,C,C,B,D,C,D,A,B,B,D,B,C,D,C,B,B,C,C,C,B,C,A,B,,C,A,D,C,B,D,D,A,A,D,D,,C,,A,A,D,,,,C,C,D,D,B
13588026-4,A,C,D,A,D,D,C,A,B,D,B,C,A,B,D,A,C,B,B,A,C,B,A,B,B,C,,B,B,C,D,D,C,C,D,C,B,,,B,D,B,A,B,D,A,C,D,,D,,,C,,,B,,B,C,
18394043-0,B,D,B,A,D,D,C,C,D,A,B,C,A,B,D,A,C,A,B,D,B,B,A,C,A,D,B,B,D,A,D,D,C,B,B,A,A,B,B,A,D,D,D,B,D,D,C,C,A,B,B,A,C,B,D,D,C,D,D,C
15262822-6,B,B,D,A,D,D,C,C,D,A,B,C,A,B,D,B,C,B,B,D,D,B,A,B,A,B,B,C,D,B,D,B,C,D,D,A,C,B,A,A,D,D,D,B,C,D,B,C,A,B,D,A,A,B,B,B,C,D,D,D
13356965-0,A,D,D,D,B,D,C,A,B,D,B,C,B,B,D,A,D,D,D,A,B,A,D,D,B,B,B,B,A,C,C,B,C,B,A,A,A,D,C,B,D,B,D,C,D,D,,A,A,C,B,,,,,,,,,
18467015-1,A,B,B,A,A,D,C,C,C,B,C,D,C,B,C,D,A,B,B,B,A,A,B,D,B,B,B,B,B,B,C,B,C,A,C,D,A,C,A,A,B,B,D,C,B,C,C,C,A,B,C,C,B,B,D,A,C,D,B,B
17710561-9,C,C,B,C,B,D,C,C,B,A,B,C,B,D,D,B,C,A,B,D,B,B,B,D,C,C,B,B,D,C,B,D,B,C,A,D,C,B,D,A,D,D,A,B,D,D,B,D,A,B,C,A,A,B,D,A,C,C,D,C
17781945-K,A,C,B,A,D,A,C,A,B,B,C,B,A,C,D,B,C,D,A,D,D,B,C,A,A,B,B,B,B,B,B,C,C,B,D,D,A,B,B,B,D,B,B,B,C,D,C,D,A,B,D,B,C,B,D,D,C,A,D,D
9764774-7,A,A,C,B,D,D,C,C,B,A,B,C,A,B,B,D,C,B,B,D,D,D,D,C,B,C,C,C,B,D,B,C,B,A,D,B,B,D,C,D,D,D,A,D,C,C,B,D,C,D,D,A,A,B,A,B,A,A,C,B
14205999-1,B,C,B,A,D,D,A,C,B,D,B,C,A,D,D,A,C,D,A,B,A,B,A,B,C,D,B,D,D,B,B,D,C,B,C,D,B,D,B,A,D,C,D,B,D,A,C,D,B,C,B,C,B,B,B,B,C,A,D,B
18536098-9,C,C,D,A,A,D,B,C,D,A,B,C,A,B,D,B,A,D,B,C,A,B,C,C,C,A,A,D,A,D,B,D,C,B,D,A,C,C,C,A,D,C,D,B,C,A,B,C,C,B,A,C,C,D,D,B,C,D,B,D
19637620-8,B,C,B,A,A,D,C,C,D,A,C,C,A,D,D,B,C,D,B,D,C,B,D,C,A,D,C,B,D,C,B,D,C,B,B,D,C,B,B,A,D,C,D,B,C,D,B,D,A,A,B,A,C,B,D,B,C,D,D,C
18403000-4,B,C,B,A,D,D,C,C,D,A,C,C,A,C,B,B,C,D,B,C,C,B,D,A,A,A,B,C,B,C,B,D,B,A,D,A,D,D,C,B,D,D,D,A,C,C,A,B,D,A,A,A,A,D,D,B,C,D,D,C
7021747-3,B,C,D,A,D,D,C,C,D,A,D,C,A,A,D,B,D,B,,,,,,,,,,,,,,,,,,,,,,,,,,,,,,,,,,,,,,,,,,
19535522-3,C,A,A,A,D,D,C,B,D,A,C,B,B,D,A,B,C,D,B,D,D,B,D,A,C,B,A,D,A,B,B,B,B,B,C,A,D,D,C,B,B,C,A,B,D,C,B,C,A,C,C,C,C,B,D,B,C,D,D,C
19255363-6,C,C,B,A,D,D,C,B,B,A,B,A,B,B,D,C,C,D,B,D,C,B,D,A,A,C,B,B,D,C,A,B,C,A,C,A,C,C,B,A,D,D,A,A,D,D,B,C,A,C,B,C,C,B,D,D,C,D,D,B
19533854-K,A,A,D,A,C,D,C,C,A,A,A,C,A,D,D,A,C,D,B,B,B,B,B,C,A,C,B,B,A,B,B,D,C,C,C,B,A,B,C,A,D,C,D,D,D,D,B,A,A,B,D,A,C,B,D,D,C,D,A,C
19335170-0,A,A,A,B,C,D,C,C,B,D,C,A,D,D,D,D,C,D,B,D,B,B,D,C,B,B,C,B,A,B,B,B,B,B,A,D,C,B,A,B,D,B,A,B,D,B,A,D,B,C,B,C,C,B,D,A,B,D,D,B
17990578-7,C,C,B,A,D,D,C,C,D,A,B,C,A,D,D,B,C,A,B,D,C,C,D,C,A,B,B,B,A,C,B,B,B,A,B,A,C,D,C,A,D,B,D,B,D,D,B,C,A,C,B,C,C,B,D,B,C,D,D,C
12160781-6,D,B,C,A,D,A,A,D,C,A,D,C,C,B,D,B,C,D,B,C,B,B,B,C,A,B,B,A,A,B,B,B,B,C,D,C,A,B,B,A,D,D,A,B,D,C,C,C,A,C,B,A,C,B,D,B,C,D,B,C
17602574-3,D,C,A,C,D,D,C,C,D,A,D,C,A,D,D,B,A,A,B,A,B,D,A,D,A,D,B,B,A,C,D,D,B,C,A,A,B,B,B,A,D,D,D,A,C,D,C,C,D,B,C,A,C,B,D,B,C,B,D,C
19129681-8,C,C,A,D,D,D,C,C,D,A,C,C,A,B,C,C,C,D,B,D,A,A,D,D,B,C,B,B,B,D,D,C,B,B,B,A,C,C,B,B,D,B,A,A,D,D,D,C,A,C,A,A,B,A,D,B,C,A,B,C
18827518-4,C,A,A,A,,,C,C,B,,D,D,A,D,D,B,C,D,,,A,C,D,D,,,,C,,,,,,,,,,,,,,,,,,,,,,,,,,,,,,,,
18979556-4,A,A,D,A,D,D,C,C,C,A,B,C,A,D,A,C,C,D,B,D,D,D,B,D,B,D,B,B,A,C,B,B,B,C,A,C,A,B,A,C,D,B,A,D,B,D,A,D,A,A,B,C,A,B,C,A,C,D,D,D
19274196-3,C,C,A,,D,D,C,C,B,B,B,C,A,C,C,C,A,D,B,,D,B,B,D,,,,,,A,D,C,,,,,A,,D,B,D,A,D,B,D,,A,D,,B,A,A,B,B,B,D,C,A,D,A
17680828-4,C,B,D,A,D,C,C,B,D,B,C,C,A,C,D,C,D,C,B,A,A,B,A,D,C,A,,B,B,B,B,B,C,D,D,,A,D,A,B,D,A,B,B,D,C,C,C,A,B,C,C,A,B,D,D,C,D,D,C
18349369-8,A,,A,,,D,B,,D,,,C,A,B,D,B,B,A,A,D,,B,B,,A,,B,,,C,D,D,B,,,D,C,,,C,D,A,,,,,,,,,,,,,,,,,,
13727779-4,B,C,,D,,D,C,,,,,B,C,B,B,,,B,B,,,B,,D,A,C,,,A,,,B,C,B,,,B,B,,B,A,A,C,,D,D,,B,,D,B,C,,,B,,C,A,A,
19209018-0,B,C,,A,,D,C,C,C,A,C,C,A,A,,,C,D,B,D,C,C,D,C,A,D,B,,,,B,B,A,B,C,D,,,,B,,,A,D,C,,,,,,,,,A,D,,,A,,
19106882-3,B,A,D,A,D,C,D,C,C,C,C,C,A,B,D,B,A,C,D,B,C,A,D,D,C,C,A,B,C,A,B,D,A,A,B,D,A,B,C,A,,D,D,B,D,D,B,C,,A,A,C,D,D,D,D,C,D,D,B
14123273-8,A,D,A,A,B,D,C,C,A,C,D,C,A,D,D,B,A,D,B,B,B,B,,C,A,B,C,B,A,,B,D,B,B,,D,B,B,,B,D,D,A,B,C,C,B,D,A,B,B,A,B,B,B,D,C,D,D,C
19841553-7,D,B,D,D,A,A,C,D,B,D,B,D,B,B,A,C,A,D,B,D,A,A,B,C,B,B,C,B,C,D,C,D,D,C,C,B,C,B,B,B,D,B,D,C,D,D,D,C,A,D,B,D,B,A,D,B,B,B,B,C
17450878-K,D,A,D,C,A,C,D,D,B,D,C,C,A,B,D,D,A,C,B,D,D,A,B,D,A,D,C,B,A,D,A,D,B,C,C,A,A,D,A,D,D,A,D,A,D,D,D,D,B,D,B,C,A,B,A,B,C,D,D,A
19336393-8,C,D,D,A,D,D,C,C,D,A,B,B,B,B,D,B,A,B,B,D,C,B,D,C,B,A,B,B,A,A,B,C,,C,B,D,,,,A,D,,,B,D,,B,A,A,C,B,C,C,B,B,A,C,D,D,C
16899086-3,C,C,D,A,D,D,C,C,D,B,C,C,A,C,D,B,D,D,B,D,A,B,D,D,A,D,B,B,C,B,D,B,B,B,C,C,B,C,B,A,D,C,A,B,C,D,B,D,B,C,C,C,C,B,D,B,C,D,D,D
14644467-9,B,A,B,A,D,D,C,C,D,B,C,C,A,D,D,B,C,D,B,D,A,B,B,D,A,D,B,B,D,C,B,D,C,B,C,A,A,B,B,A,D,A,A,B,C,D,B,C,C,A,D,A,C,B,D,B,C,D,D,C
19607089-3,B,A,B,C,A,D,C,C,A,A,A,C,C,B,B,A,C,D,B,B,A,A,B,C,C,D,B,B,D,C,B,B,C,A,A,C,A,D,A,A,A,A,A,B,D,D,C,A,B,A,A,A,C,B,D,C,C,D,D,D
19403899-2,B,A,B,A,B,,C,C,B,A,,C,B,C,D,,C,D,B,A,C,D,D,,A,,,C,A,,B,B,C,B,,A,C,D,,A,,B,A,A,D,,B,A,,C,C,A,A,,D,B,C,D,D,C
22039703-3,A,A,D,A,D,D,D,C,D,C,B,D,C,B,B,B,C,B,B,D,A,B,D,D,B,A,B,C,A,B,B,D,B,C,B,A,C,B,B,A,D,D,B,C,D,C,A,A,A,A,A,C,C,B,B,C,C,D,D,C
19214219-9,B,A,B,A,A,D,C,C,D,A,C,C,A,B,D,C,C,D,B,D,C,B,D,C,A,C,C,B,D,C,B,D,C,A,B,D,C,B,B,B,D,A,B,B,D,D,B,A,C,B,B,B,C,D,D,B,C,D,D,D
19616137-6,C,A,D,A,B,D,C,B,C,C,B,D,A,D,D,C,C,B,B,A,B,B,A,B,A,A,B,B,B,D,A,C,B,B,C,C,A,D,A,B,D,D,A,D,C,A,A,D,A,D,A,B,B,B,D,B,C,D,D,C
19366192-0,C,C,B,C,B,D,C,C,D,C,B,C,A,B,D,C,C,D,B,D,A,B,B,C,A,B,,B,B,B,B,D,B,B,C,C,B,D,B,B,D,D,B,B,D,D,D,D,,A,A,,,B,D,B,C,D,B,C
19724847-5,B,A,D,A,D,D,C,,B,A,,C,A,B,D,D,C,D,A,D,C,D,D,B,A,D,B,B,D,C,D,D,C,D,B,C,A,D,B,A,D,B,D,B,C,D,B,C,A,A,B,C,C,B,D,B,C,D,B,C
17568997-4,C,C,B,A,D,D,C,C,D,A,C,B,A,C,A,A,C,D,B,D,C,B,D,D,A,A,A,B,A,C,C,D,C,C,B,C,C,B,B,B,,D,D,B,D,,A,C,,A,,C,C,B,D,B,C,D,D,C
19352797-3,,A,D,,D,D,C,B,,B,B,C,C,D,A,C,,D,,B,C,B,,,,B,,,A,,C,,C,A,,D,A,,,B,D,A,B,B,C,D,B,C,A,C,B,A,,,,C,,D,D,D
19072117-5,B,C,D,A,B,D,C,A,B,B,B,B,A,B,D,B,C,D,A,D,C,A,D,D,A,D,B,B,C,C,D,C,C,B,D,A,A,B,A,A,D,A,A,C,C,C,A,D,D,C,C,A,A,C,D,B,C,B,B,D
18854749-4,C,A,B,B,D,D,C,C,B,B,B,C,C,C,D,C,A,B,B,C,A,B,D,C,B,A,C,B,B,B,B,B,C,B,C,C,B,D,A,D,D,C,A,B,D,B,C,D,C,C,B,A,C,B,B,B,C,B,B,A
18430371-K,C,D,B,B,A,B,C,C,C,C,C,C,C,B,A,D,B,D,B,C,D,D,D,B,D,B,A,A,A,C,C,C,A,C,D,C,A,C,A,B,D,D,D,B,D,C,B,C,A,C,C,A,A,B,B,B,C,A,C,B
19059460-2,A,A,,,D,D,,C,D,D,B,C,,C,A,C,C,D,A,,A,B,B,,A,B,,B,,C,B,,C,B,B,,A,D,,A,D,A,D,B,D,D,C,C,A,B,,A,A,B,,B,A,D,D,
19650557-1,A,A,D,C,D,D,D,C,C,B,B,D,C,D,D,C,C,A,A,A,B,D,D,C,B,D,D,D,B,C,B,D,C,B,C,C,A,B,B,D,D,D,D,B,D,D,A,D,C,B,B,C,A,B,D,C,C,D,D,C
18410933-6,A,A,D,A,D,D,C,C,B,A,B,C,A,D,D,C,D,C,B,B,B,D,B,D,B,B,A,C,B,D,D,B,C,B,D,A,A,B,A,D,D,D,A,B,D,C,B,A,A,C,B,A,D,B,D,B,B,D,A,C
17789031-6,C,C,B,A,D,D,C,C,D,A,C,C,A,D,D,B,C,D,B,D,C,B,D,C,A,D,B,B,A,C,D,D,C,C,B,A,C,D,B,A,D,C,D,B,D,D,B,C,A,C,B,A,C,B,D,B,C,D,D,C
18333705-K,C,C,B,A,D,D,D,C,D,A,C,C,A,D,D,B,A,D,B,D,C,B,D,C,A,D,B,B,C,C,B,D,C,C,D,C,D,B,B,B,D,D,B,B,D,D,B,C,C,B,C,A,C,B,D,C,C,D,D,C
13520934-1,A,A,A,C,C,D,D,B,A,D,B,C,A,A,D,A,A,B,C,A,B,B,C,D,C,B,B,B,A,B,B,D,B,B,C,A,B,B,A,A,C,B,B,B,C,D,A,C,A,C,C,C,B,B,D,B,C,C,D,C
18485458-9,C,A,B,A,C,A,D,C,C,B,B,C,A,D,A,A,A,D,B,D,D,C,B,C,A,A,D,B,A,B,B,D,A,B,A,A,B,D,B,A,D,B,D,B,D,A,B,D,D,B,C,A,C,B,A,B,C,D,C,B
19256540-5,C,A,D,A,D,D,C,A,B,A,C,C,A,B,D,B,C,A,C,D,D,B,C,B,B,D,B,B,A,C,B,B,C,C,A,D,B,D,B,B,D,D,A,B,D,D,C,C,A,B,B,A,C,D,C,A,C,D,C,C
17854911-1,C,A,D,A,D,B,C,C,B,A,A,B,A,B,C,B,B,D,C,A,A,C,C,C,A,C,B,C,B,B,C,B,C,C,C,C,C,A,A,A,B,B,A,B,B,A,C,B,D,B,C,B,C,A,A,B,C,B,C,B
19650419-2,C,C,,,D,D,C,,B,B,,C,B,D,D,A,C,C,B,B,D,D,B,D,B,A,B,B,A,,D,,C,D,B,D,C,B,,A,D,,D,B,D,,A,B,D,C,D,B,B,,D,,C,,,
17813387-K,C,D,A,C,D,D,C,B,B,B,A,C,C,D,D,C,A,C,B,C,D,B,D,A,C,C,B,B,A,D,A,B,C,B,C,A,D,A,A,A,D,C,B,C,D,B,C,D,A,A,B,A,C,D,A,B,C,D,D,B
17523924-3,C,A,D,A,D,D,C,C,D,A,B,C,A,D,D,C,C,D,B,D,D,B,D,D,A,B,B,B,D,D,D,B,C,B,B,C,C,D,C,B,D,B,B,B,D,B,A,B,C,B,C,B,A,B,B,B,D,D,D,C
19477837-6,C,A,,A,D,D,C,B,B,B,,C,A,B,D,B,C,D,B,,C,B,A,,,D,,B,A,C,B,,C,B,A,A,D,D,,A,D,D,A,B,D,C,,,,B,,C,,,D,A,C,D,,
19232502-1,,,B,A,D,D,D,,D,A,C,C,,B,D,A,,,B,D,D,B,A,A,,C,D,B,A,B,B,C,C,B,C,C,B,A,,B,D,A,B,B,D,C,,D,D,B,D,C,D,B,B,A,C,B,D,
19205048-0,C,A,B,D,D,D,C,C,D,A,D,A,A,B,D,B,C,C,D,D,C,B,C,C,A,C,B,B,A,C,C,D,A,B,A,C,A,A,B,A,D,C,B,B,D,D,D,D,C,D,D,C,B,B,C,B,C,A,D,B
19282190-8,B,C,B,B,D,D,C,B,D,A,B,C,A,D,D,B,B,C,B,D,A,B,D,C,B,C,B,B,A,,B,B,B,B,C,C,C,D,,B,D,A,D,B,D,,B,D,,,,C,C,B,D,C,C,D,D,C
19597915-4,C,A,A,A,A,D,C,C,D,A,C,C,A,D,A,A,C,D,B,D,B,B,A,C,A,D,B,B,D,C,B,C,C,A,A,B,B,D,B,A,D,D,D,B,D,D,D,C,C,A,A,A,B,A,D,B,D,D,D,C
13246940-7,B,C,B,B,B,D,B,C,C,A,C,C,A,D,A,B,C,D,B,D,B,B,A,C,A,B,A,B,D,C,D,D,C,A,C,D,B,C,B,B,D,D,D,B,D,C,A,C,C,D,C,C,C,B,B,C,C,D,C,B
19478242-K,C,B,B,A,D,D,C,C,C,C,C,D,C,C,D,A,B,C,B,C,D,B,A,D,B,D,C,B,A,B,B,C,B,B,B,A,C,B,A,A,D,C,A,B,B,D,D,C,A,A,A,C,A,B,A,A,C,A,D,B
18759740-4,C,C,B,A,D,D,C,C,B,A,B,C,A,D,D,B,C,D,A,D,B,B,A,A,B,D,B,D,A,D,D,D,B,D,C,A,D,C,C,B,D,C,D,B,D,C,A,B,A,B,B,C,C,B,B,A,C,D,D,C
18820431-7,C,A,B,A,D,D,B,A,D,B,C,C,A,D,D,C,C,D,A,D,C,B,D,B,C,C,B,B,B,B,D,B,C,B,A,A,D,B,C,A,D,D,D,B,D,A,C,A,A,C,D,A,C,B,C,B,C,D,D,C
19176176-6,B,C,D,A,,D,C,C,D,A,B,C,A,D,D,B,C,D,B,D,C,B,D,C,A,,B,B,,C,D,D,B,C,B,A,C,C,B,B,D,B,D,A,C,D,C,D,B,A,D,A,C,B,D,B,C,D,B,C
17979966-9,A,C,D,,D,D,C,C,D,A,B,C,C,D,D,C,A,A,B,A,A,A,A,D,A,D,B,B,B,C,C,C,B,B,C,C,C,B,,C,D,,A,B,A,D,,,,B,,,C,,D,B,,,,B
18216842-4,,,C,A,D,,,,,,,C,A,C,D,C,A,D,B,D,A,D,A,C,,C,B,,C,C,B,,A,,D,A,A,D,,A,D,D,B,,D,B,,C,A,C,,A,,,D,C,C,,D,D
17374736-5,B,A,D,A,D,D,C,C,B,A,,C,A,D,D,B,C,A,B,D,C,B,C,C,A,B,B,B,D,C,B,D,C,C,B,D,B,D,,B,C,B,A,,,,D,C,,C,D,C,C,B,D,B,C,D,D,B
18565244-0,C,A,B,A,C,D,C,C,B,A,A,C,A,B,D,B,C,D,B,D,D,A,D,C,B,D,C,A,D,C,B,B,C,B,B,A,B,B,B,A,D,B,A,B,D,D,A,D,A,C,B,C,A,B,D,B,C,B,C,C
18447648-7,A,D,A,,,,D,A,C,,,D,,B,B,,,,,D,A,A,D,A,,B,B,,,,,B,B,D,C,,A,,,B,D,D,B,A,D,D,C,C,,B,,C,,,D,B,,,D,B
19016638-4,D,D,D,A,C,D,C,D,B,D,B,C,A,D,D,C,C,D,A,D,C,B,D,B,A,D,B,B,C,C,B,D,C,B,B,C,B,B,B,B,D,C,B,B,C,D,B,C,A,C,C,A,C,A,C,B,B,D,D,C
14153642-7,,,D,,D,D,C,,B,,,,A,B,D,C,,,,,,,,,,,,,,,B,,,,,,C,B,,B,,B,,,D,D,,,,,,,,,,,,D,,
19421816-8,A,D,A,A,D,A,C,C,B,C,C,C,C,C,A,C,D,C,B,A,A,B,B,A,A,D,C,B,A,D,D,B,D,B,B,C,B,B,C,C,D,D,D,C,D,A,A,C,B,C,A,C,A,B,D,D,D,A,D,C
18804085-3,D,A,D,C,D,B,D,C,B,A,C,C,A,D,A,A,B,B,A,D,B,B,B,D,B,A,C,D,C,D,D,C,C,D,C,A,A,B,A,A,D,C,A,C,D,C,B,D,D,C,D,B,B,B,A,B,D,B,D,C
13494819-1,B,C,B,A,D,D,C,C,D,A,C,C,A,B,D,B,C,D,B,D,C,D,D,A,A,D,B,B,D,D,B,D,C,A,B,D,A,B,A,A,D,B,A,C,D,D,C,C,C,B,B,C,C,D,D,D,C,D,D,C
19713456-9,C,C,B,C,D,C,C,A,C,A,C,C,A,B,D,B,C,D,B,D,C,B,D,C,A,B,A,B,B,B,D,B,D,A,B,A,C,D,B,A,D,C,D,B,D,D,B,C,A,C,B,A,C,B,D,B,D,D,D,D
16570119-4,A,A,A,A,D,A,B,A,D,B,C,C,B,B,B,A,C,B,B,A,A,B,C,C,A,B,A,C,B,B,B,D,D,A,D,A,A,D,A,A,C,C,B,B,C,C,C,D,B,B,D,B,A,B,D,A,B,B,A,B
18535824-0,B,A,D,A,D,D,C,C,A,A,D,C,A,D,D,B,C,D,B,D,C,B,D,D,A,D,B,B,D,C,D,D,C,C,C,A,B,C,C,A,D,C,B,B,D,,,,,,,,,,,,,,,
14226414-5,A,A,A,D,D,D,A,D,B,D,B,D,C,C,A,C,C,A,B,C,D,B,A,B,C,D,B,D,A,D,A,D,B,C,B,D,B,B,C,B,A,B,D,B,C,D,C,B,D,B,C,C,A,A,B,A,C,A,D,A
18486869-5,A,A,A,B,C,D,D,C,D,C,D,C,A,D,D,A,C,D,B,C,D,B,D,C,B,B,B,C,C,C,B,B,D,B,A,C,A,A,C,B,D,A,B,B,D,C,C,C,A,C,B,C,D,B,D,A,C,D,A,C
18457919-7,C,B,D,A,D,A,C,C,B,A,C,C,A,C,D,B,C,D,B,D,D,D,D,C,A,D,B,B,A,C,B,C,C,A,B,A,C,B,B,A,D,D,D,B,D,D,B,C,B,A,B,C,B,B,D,B,C,D,D,B
17695468-K,C,D,D,B,D,D,C,C,B,B,B,C,A,D,A,D,A,B,B,B,D,B,C,D,B,B,B,B,A,C,B,D,B,C,D,D,C,D,C,A,D,C,D,B,D,D,B,C,A,B,D,B,D,A,A,A,C,D,C,B
17041565-5,C,A,D,B,C,D,C,C,B,D,D,C,A,B,A,B,C,A,B,C,A,B,C,B,A,D,C,A,D,B,B,B,C,C,D,B,C,B,B,A,D,A,A,B,A,D,B,D,A,C,A,C,B,B,B,B,C,D,D,C
18834105-5,A,A,B,D,D,D,C,B,D,C,C,C,A,B,D,A,C,D,A,B,C,B,A,A,C,B,B,B,D,D,B,B,C,B,C,D,B,B,B,A,D,D,D,B,D,D,A,D,A,C,A,A,A,B,D,B,C,A,D,D
10926779-1,A,B,B,A,A,D,C,A,B,B,C,D,A,C,D,C,C,D,B,B,D,D,B,B,A,B,B,A,A,B,A,B,C,B,C,C,C,C,B,B,A,D,D,B,C,C,B,C,B,B,A,C,C,B,D,B,D,,,
18789493-K,C,A,D,A,B,D,C,C,D,B,C,C,B,D,D,C,C,D,D,D,D,B,D,B,A,C,C,C,A,B,B,B,C,A,C,B,A,B,A,A,D,C,B,B,C,C,B,C,A,C,D,C,C,B,D,B,C,D,D,C
17957055-6,C,C,A,D,D,D,C,C,D,A,C,C,A,B,D,B,C,D,B,D,C,B,D,B,A,C,B,D,B,C,B,D,B,B,B,C,C,D,B,C,D,D,D,A,D,D,B,B,A,B,B,A,B,A,D,B,,D,,C
19086674-2,B,C,B,A,D,D,D,C,C,A,C,C,A,B,D,B,C,D,B,D,C,C,D,D,A,D,B,B,B,C,B,D,B,B,C,A,A,D,B,A,D,C,A,B,D,D,B,C,A,B,D,C,A,B,D,B,C,D,D,C
19756266-8,C,A,C,A,D,D,A,C,C,D,D,D,C,B,D,C,B,D,D,B,D,B,C,A,B,C,B,B,A,B,B,B,B,A,A,C,A,C,C,A,A,D,B,B,C,B,B,D,A,B,D,A,C,B,D,D,D,B,C,C
19010879-1,C,A,B,C,D,D,C,C,B,B,B,C,C,B,D,C,C,D,B,A,C,B,D,D,A,B,B,C,D,A,B,C,B,A,C,D,B,D,B,B,D,B,D,B,D,D,B,C,C,B,C,A,C,B,D,D,C,D,D,C
15642393-9,C,C,B,A,D,D,C,C,D,A,C,C,A,D,D,B,C,D,B,D,C,D,D,C,A,D,B,B,D,C,B,D,C,A,B,A,C,B,B,A,D,C,D,B,C,D,B,B,A,B,B,A,C,B,D,B,C,D,D,C
18809123-7,B,C,D,D,D,D,C,C,D,A,C,C,A,D,D,B,C,D,B,D,C,B,D,A,A,D,B,B,D,B,B,D,C,C,B,A,B,B,,A,,C,D,B,D,D,B,C,A,B,B,A,C,,D,B,C,D,A,B
17996051-6,C,C,B,A,D,D,C,C,D,A,C,C,A,D,D,B,C,D,B,D,C,B,D,C,A,B,B,B,A,A,B,D,C,B,B,A,C,B,B,A,D,D,D,B,D,D,C,C,A,C,B,C,C,B,D,B,C,D,D,C
19691011-5,B,A,B,A,C,D,C,C,D,A,B,C,A,A,A,A,C,D,B,D,A,C,D,B,A,A,B,B,B,C,D,B,B,C,A,C,A,B,C,B,D,C,C,B,D,C,C,C,A,C,C,C,C,B,C,B,C,B,C,B
17274841-4,C,A,C,A,D,D,C,A,B,A,C,C,A,D,D,B,A,D,B,D,C,B,D,C,A,D,B,B,B,B,B,B,C,C,D,D,C,C,B,A,D,D,D,B,D,D,C,A,D,B,B,C,D,A,D,B,C,D,D,C
19553026-2,B,D,B,C,D,A,C,C,B,C,B,C,C,D,D,A,B,C,C,B,B,B,A,D,B,B,B,B,B,B,B,D,A,C,B,D,C,C,C,A,D,D,D,B,D,D,C,D,D,A,A,A,B,B,B,D,B,D,D,C
19405021-6,D,A,B,C,D,D,C,B,B,B,B,D,C,B,C,C,A,B,B,D,D,D,A,A,C,A,B,C,A,D,B,D,C,A,B,A,A,B,C,A,A,D,A,D,D,D,C,D,B,C,B,C,C,B,D,D,C,A,D,B
18597211-9,A,C,A,A,A,D,C,C,D,A,C,C,A,D,D,B,C,D,B,C,C,B,A,A,A,D,B,B,D,D,B,D,C,C,C,A,A,B,C,B,D,D,B,B,D,D,B,C,C,C,C,A,C,B,D,B,C,D,D,C
10675800-K,D,A,B,A,D,C,C,C,B,C,B,C,A,B,D,B,A,D,B,D,D,B,B,C,B,D,C,B,B,A,A,D,B,C,D,B,B,D,B,B,D,D,D,B,D,D,B,C,B,C,D,B,B,B,C,B,B,D,B,B
18657688-8,A,C,C,B,A,A,D,C,B,A,B,C,A,B,D,A,C,A,B,A,C,B,D,D,A,B,B,B,A,D,B,B,B,B,A,D,A,D,B,A,A,D,A,C,D,D,B,A,B,B,C,D,D,A,B,B,C,D,B,C
18527462-4,D,A,B,C,D,C,C,C,D,B,B,C,C,D,D,A,A,A,B,D,D,B,D,A,A,B,C,D,A,D,B,C,C,B,C,A,B,C,C,B,A,D,B,B,B,C,A,A,C,C,B,C,D,B,D,D,D,A,C,C
19168479-6,A,A,D,A,D,D,D,C,D,C,C,C,A,D,D,B,C,A,D,C,A,B,D,B,A,D,B,B,A,B,C,B,C,B,D,C,B,D,B,C,B,D,D,D,D,C,A,D,A,A,D,C,B,B,B,D,C,D,D,B
18460793-K,A,B,B,D,A,D,A,B,D,D,B,C,A,B,D,A,C,A,B,C,D,B,B,B,C,D,B,B,B,D,B,D,B,C,A,C,A,C,C,B,D,D,A,B,D,C,D,D,D,C,B,C,D,B,D,C,C,D,C,C
19616270-4,C,C,B,A,B,D,C,B,D,B,C,C,A,B,D,C,C,D,B,D,B,B,B,A,C,C,A,D,B,D,D,D,B,B,C,C,C,C,B,B,D,D,B,B,D,D,B,C,A,C,A,A,A,B,D,B,A,A,B,C
19254224-3,A,A,B,B,C,D,D,A,D,A,C,C,A,B,A,A,C,D,B,D,C,D,D,D,,A,B,D,C,B,B,C,A,A,A,D,C,B,C,A,A,D,B,B,C,D,B,A,A,B,C,A,C,B,D,B,C,D,D,C
19199464-7,A,C,C,C,B,C,C,D,B,D,B,C,B,D,D,B,C,A,A,D,C,B,D,D,A,C,B,B,A,C,B,B,A,B,D,C,D,D,A,B,B,A,B,B,D,B,B,D,A,A,C,C,C,B,A,B,C,D,D,B
18604469-K,B,A,B,A,D,D,D,B,A,A,C,D,A,B,A,B,A,D,B,D,A,B,B,A,A,B,C,B,B,B,C,B,C,A,C,C,B,C,B,D,D,D,B,B,D,B,C,D,D,B,A,A,A,A,D,C,C,A,D,A
17832117-K,A,A,D,A,D,A,C,A,B,B,B,C,A,D,C,B,C,D,B,A,D,C,C,A,A,D,B,B,B,D,D,D,C,B,D,D,A,D,A,B,D,D,B,B,D,D,C,C,A,D,B,A,D,D,C,B,C,B,C,C
18458200-7,B,C,B,A,D,D,C,C,D,A,C,C,A,B,D,B,A,D,B,D,D,B,D,C,A,C,B,B,D,C,B,C,C,B,D,A,C,D,B,A,D,C,D,B,D,D,C,C,D,B,C,D,C,A,D,B,C,D,B,B
17714740-0,B,A,D,C,B,D,C,B,C,A,D,C,A,D,D,B,B,B,B,B,A,B,B,D,C,D,B,B,A,A,B,B,C,D,B,A,C,B,C,A,D,D,A,C,D,C,C,A,C,C,D,A,C,A,B,A,B,D,C,C
18007669-7,B,C,D,A,B,D,C,C,B,A,B,C,A,D,D,A,A,B,B,B,B,B,B,D,A,B,C,B,A,B,B,C,C,B,A,D,A,B,C,B,D,A,A,A,B,D,C,D,A,B,C,C,A,B,B,B,C,D,C,B
18005794-3,C,C,B,A,D,D,C,C,D,A,C,C,A,D,D,B,C,D,B,D,D,B,D,C,B,B,B,B,D,C,B,B,C,B,C,A,D,B,B,B,D,C,D,B,D,D,D,C,A,B,D,A,C,B,D,B,C,D,D,C
18213259-4,B,A,C,A,C,C,C,C,D,C,B,C,A,B,D,D,A,C,B,A,D,B,B,C,B,D,B,B,B,A,A,B,B,B,D,D,B,B,B,B,B,A,C,D,D,B,A,C,B,A,C,C,B,B,A,C,B,A,D,B
12753701-1,A,C,D,A,D,D,C,C,D,A,C,C,A,B,D,A,C,D,B,D,D,B,C,B,A,C,B,B,B,C,B,D,C,B,A,B,A,C,B,C,D,D,A,D,D,C,B,D,D,C,D,C,D,A,B,A,C,D,D,A
18964042-0,C,A,D,,D,D,C,C,D,A,C,C,A,D,D,C,C,D,B,C,A,B,D,A,,B,,B,A,C,B,B,B,A,C,D,B,B,,A,,,,,,,,,,,,,,,,,,,,
18796088-6,C,C,A,A,D,D,C,C,D,A,C,C,A,D,D,C,C,D,B,D,A,C,B,C,A,D,D,C,A,C,D,B,D,A,B,D,C,D,C,B,D,D,A,B,C,D,B,C,A,A,B,A,C,B,D,B,C,A,B,C
18429189-4,C,C,B,A,D,D,D,A,B,C,B,C,A,B,A,D,C,D,B,D,D,C,D,D,D,D,C,D,B,B,C,D,B,D,D,C,A,B,B,A,D,D,A,B,D,D,A,D,A,D,B,A,D,,D,B,C,A,,
19271103-7,C,A,D,B,D,D,C,B,B,A,C,B,D,D,D,D,C,D,B,D,C,B,B,C,A,D,B,C,D,B,B,D,C,B,B,B,C,D,B,B,D,D,D,D,D,D,B,D,D,B,B,A,C,B,D,B,C,D,D,C
19252790-2,A,C,B,C,D,A,C,B,C,B,C,C,A,B,D,B,C,D,B,D,D,B,C,C,A,A,B,B,A,B,B,D,C,B,C,B,B,C,C,A,D,D,D,B,D,C,B,C,A,C,A,C,C,B,D,B,C,D,D,D
19599831-0,B,A,B,A,D,D,C,C,D,A,C,C,A,B,C,B,C,D,B,A,C,B,C,B,B,A,C,D,A,C,D,D,B,C,B,C,C,C,B,B,D,D,A,B,D,D,B,C,A,B,C,A,C,B,A,B,C,D,D,B
19638239-9,B,C,D,C,B,D,C,C,B,A,C,C,C,C,D,A,D,D,B,A,A,B,C,C,A,C,B,B,A,B,B,D,B,B,D,B,A,C,A,A,D,D,D,B,D,D,D,C,A,C,D,A,C,B,A,B,A,D,B,B
16781415-8,C,C,B,D,D,D,C,C,D,C,C,C,A,D,D,C,C,D,B,D,C,B,D,A,A,B,B,B,A,B,C,D,D,C,C,C,C,B,B,A,D,B,A,A,C,D,B,C,A,C,B,C,C,B,B,B,D,D,D,C
17603033-K,,A,B,A,D,D,C,C,C,B,B,C,A,C,D,C,D,,B,C,C,B,A,C,A,D,A,B,D,B,D,C,B,B,,A,A,A,B,D,B,,B,B,D,D,,C,,B,C,,D,B,D,,C,D,D,C
18851938-5,C,B,A,A,B,D,C,B,D,A,C,C,C,D,D,B,C,D,B,B,C,C,B,A,A,D,B,B,C,D,B,C,C,B,A,B,B,D,C,A,B,B,D,B,D,D,C,C,D,D,C,A,B,A,D,B,B,D,D,B
19308669-1,C,A,B,C,A,D,C,C,D,A,C,C,A,B,B,B,C,C,B,D,B,B,D,D,A,C,A,A,D,C,D,D,D,D,B,B,A,B,B,B,D,C,D,A,D,D,B,C,C,A,A,A,C,B,C,B,C,A,B,C
18260018-0,C,A,D,A,D,D,C,C,D,B,B,C,A,B,D,D,C,D,B,D,A,B,D,C,A,A,C,B,A,B,B,B,B,A,C,C,D,B,A,A,D,D,A,B,D,C,B,C,A,C,B,C,A,B,D,B,C,D,D,C
19150021-0,D,A,A,C,D,D,D,C,D,D,B,C,A,D,C,C,C,D,B,C,C,D,B,A,A,B,B,B,B,B,D,D,D,B,C,A,C,B,C,B,D,D,B,B,D,D,B,D,A,B,D,C,D,B,A,B,B,D,D,C
18899553-5,A,A,D,A,D,D,C,C,D,A,D,C,A,D,D,B,C,D,B,A,D,D,D,D,A,B,B,A,C,D,B,B,B,B,B,B,B,C,B,A,B,C,A,B,D,B,B,C,B,C,B,C,C,A,D,B,C,D,D,B
15576662-K,C,C,C,A,D,D,B,B,C,A,C,A,A,B,D,A,A,D,B,C,A,D,D,A,,C,,B,A,D,C,B,C,B,D,C,D,,A,A,D,D,A,B,C,D,C,D,,C,,A,C,,C,B,C,D,C,C
18454432-6,B,C,D,A,,,C,,C,,,C,A,C,D,,A,,B,D,C,B,D,D,A,B,,,,C,B,,C,,D,,B,D,,,,,C,,,,,,,A,,,C,,C,B,,,,
18234142-8,,B,,A,,,C,C,B,D,,B,C,B,B,,,,A,B,A,C,,,,D,B,C,A,B,D,D,C,A,,B,A,,,B,D,D,A,B,D,D,C,C,A,B,B,A,,,D,B,,,,B
19091810-6,A,A,B,C,A,A,C,C,C,B,C,C,B,D,C,C,C,D,,D,B,A,B,A,,C,,B,C,B,B,D,C,A,,C,A,D,,A,,C,A,B,D,D,,C,A,,D,C,,,,,,,,
19416165-4,A,C,D,A,D,D,C,C,D,B,B,C,D,D,D,B,C,D,A,D,D,C,D,D,B,B,B,D,A,A,B,B,B,B,D,A,A,C,B,D,A,D,A,D,C,D,D,C,A,C,A,A,C,B,D,C,B,D,B,C
18784391-K,A,A,A,D,D,C,C,C,C,B,B,D,A,B,C,C,A,B,C,B,D,B,D,A,A,D,A,B,B,C,A,A,B,D,B,A,C,A,C,B,C,A,C,A,A,B,A,C,C,A,D,B,C,B,D,B,C,A,B,C
13588082-5,C,A,D,B,C,B,A,B,D,B,B,D,C,D,D,C,C,D,B,B,B,B,B,C,B,D,A,C,D,B,B,D,C,B,C,D,B,B,C,C,C,D,C,B,D,A,B,D,B,B,B,C,C,B,D,B,C,D,C,A
19562698-7,D,B,A,A,D,A,C,C,D,A,C,C,A,D,A,B,C,D,A,D,B,C,C,B,A,A,B,B,C,A,D,B,C,D,A,C,C,B,D,C,C,B,B,C,D,C,B,C,A,D,B,C,C,B,B,C,B,A,C,D
18736329-2,B,A,D,A,A,C,C,C,B,D,B,D,A,B,D,B,A,B,B,B,B,B,A,C,A,C,B,D,D,B,D,B,C,B,A,B,B,D,B,B,D,D,D,A,D,B,B,C,D,A,D,D,A,B,D,B,B,D,C,C
18345571-0,C,A,D,D,D,D,C,C,C,A,,C,B,B,B,A,D,D,A,B,D,D,A,B,,B,B,B,,B,B,D,,B,C,C,B,B,C,C,D,D,C,C,D,C,,,,A,,,C,B,D,D,,,D,C
14082346-5,C,A,,A,B,D,D,C,C,D,B,C,A,D,D,D,A,D,B,C,B,B,,B,A,C,C,B,A,B,D,D,C,A,B,A,A,D,A,D,A,,A,B,D,D,,D,B,,D,C,A,B,B,,C,A,D,C
19449108-5,C,D,D,A,D,D,C,C,C,B,B,C,A,D,C,A,C,D,B,D,A,C,D,A,A,B,B,D,A,D,A,D,B,A,B,A,B,C,C,B,C,A,D,C,C,C,A,A,A,A,C,A,D,A,D,A,B,D,B,B
19154038-7,C,A,B,A,D,D,C,C,B,A,B,C,A,A,C,C,B,B,B,D,C,B,C,A,B,C,B,C,A,A,C,C,B,B,C,D,A,B,A,D,C,C,B,B,D,C,A,B,A,B,B,A,B,A,D,A,C,A,D,B
17719965-6,D,B,A,A,D,D,C,A,B,B,B,C,A,B,D,B,C,D,A,,,D,,,A,D,B,B,C,,C,C,B,C,B,,C,D,,A,B,,A,,D,,B,C,D,A,B,A,,B,,A,C,A,D,C
16798311-1,A,A,A,A,D,A,C,B,B,D,C,C,C,D,D,D,B,B,B,D,D,B,B,C,A,C,A,B,A,C,B,D,C,A,B,D,A,D,B,B,D,C,D,B,D,D,C,C,A,B,D,C,B,A,C,B,B,D,D,C
14000621-1,C,,,A,D,C,D,B,B,,,D,,C,D,A,C,C,B,D,A,B,,,A,C,B,C,B,,B,D,C,,,B,A,D,B,B,A,C,B,B,C,C,B,C,B,B,C,C,C,A,,,C,C,D,B
18121335-3,B,C,B,A,D,D,C,C,D,A,C,C,A,B,D,D,C,D,B,D,C,B,D,C,A,D,B,B,D,D,D,B,B,A,B,C,C,C,B,A,D,D,D,B,D,D,B,C,A,C,B,A,A,B,D,B,C,D,D,C
18145908-5,C,A,B,A,D,D,C,C,D,A,B,C,A,D,D,D,C,D,B,D,A,D,B,D,A,B,D,C,C,B,B,D,B,B,A,C,A,C,B,D,D,D,D,C,D,B,B,B,D,C,D,A,C,B,D,C,C,D,D,C
19447556-K,C,A,A,A,D,C,C,C,C,A,A,D,B,B,C,B,C,C,B,D,A,D,D,A,B,D,D,B,B,B,C,C,B,B,A,A,D,C,B,B,B,C,B,B,D,D,B,C,A,B,D,B,C,B,B,B,D,D,D,D
19128010-5,A,A,B,A,D,B,C,C,D,C,C,C,A,D,D,B,C,D,A,B,D,D,D,C,B,B,B,B,A,C,A,B,C,A,A,D,A,C,B,B,B,C,A,C,D,B,A,A,A,B,B,C,B,B,D,C,C,D,D,C
19730292-5,C,C,B,A,D,D,C,C,D,A,D,C,A,D,D,D,C,D,B,A,D,C,B,D,B,C,D,D,D,C,D,D,C,C,C,D,D,C,A,B,D,D,A,B,D,A,B,B,A,B,B,A,C,A,B,C,C,D,A,A
19166346-2,A,C,C,B,D,D,C,C,B,A,A,C,B,D,D,C,C,D,A,D,B,B,D,D,B,B,A,B,A,C,B,D,C,B,A,A,A,D,B,B,D,D,D,B,D,C,D,C,B,C,C,C,C,A,B,C,C,B,C,C
19756688-4,B,C,D,A,C,C,D,B,D,A,D,C,B,C,D,B,B,D,B,D,A,B,B,C,A,D,B,B,B,D,D,D,B,B,B,A,A,B,B,B,B,C,D,B,D,D,B,B,A,B,B,D,C,B,D,C,C,D,D,C
18817438-8,C,A,B,A,D,D,C,A,D,B,B,C,A,D,D,A,C,D,A,D,D,B,D,A,B,C,B,B,A,D,B,B,B,B,B,A,D,C,C,B,D,D,D,A,D,D,B,C,,C,C,A,A,A,D,B,B,A,D,D
19126015-5,C,B,C,A,B,D,C,C,D,A,C,C,A,B,D,B,C,B,B,D,A,D,B,B,A,C,B,B,A,B,D,A,B,C,B,B,A,D,B,B,A,B,D,B,D,B,C,B,B,B,B,B,B,A,D,A,C,D,B,C
18973583-9,C,A,D,A,D,D,C,C,B,A,D,C,A,B,A,D,C,D,A,D,A,B,C,B,B,D,B,B,B,D,C,C,C,A,C,D,D,B,B,D,D,C,B,B,B,C,B,D,A,C,B,D,D,B,D,B,C,D,D,D
18214890-3,B,B,D,C,D,C,C,C,C,D,C,D,A,D,A,B,B,D,A,D,D,B,B,B,A,C,B,B,A,C,D,B,B,C,C,C,A,C,D,B,D,D,C,B,D,D,A,B,A,C,A,A,B,B,D,B,C,A,D,C
18342277-4,D,B,B,B,D,B,C,A,C,B,B,C,C,B,C,C,D,B,B,D,D,B,A,A,C,B,C,C,A,B,B,C,C,B,B,C,A,B,B,A,A,A,A,B,B,C,C,A,B,B,C,B,B,B,B,B,C,D,C,B
13846895-K,C,A,D,C,C,D,C,C,D,D,D,D,C,B,C,C,A,B,B,B,A,B,C,C,C,D,C,B,D,B,B,D,C,C,A,C,A,C,B,B,D,B,C,B,A,B,D,D,C,D,B,C,D,B,C,B,B,C,A,D
19349668-7,B,D,D,A,D,C,D,B,D,A,B,C,A,B,D,A,A,D,B,D,A,C,D,D,B,D,B,C,A,D,B,C,B,B,C,C,C,B,D,B,D,B,A,D,D,D,D,B,A,B,A,D,C,D,D,B,B,D,D,C
19406795-K,C,C,D,A,D,B,C,C,D,A,A,A,B,B,D,D,C,D,A,D,C,B,A,C,A,A,B,D,A,C,D,C,C,A,B,D,A,B,D,B,D,C,D,C,D,D,A,D,A,A,B,A,B,B,A,D,B,D,C,B
18687285-1,C,A,D,A,C,D,C,C,C,A,C,C,A,D,D,B,C,C,B,D,A,C,D,C,B,A,B,C,B,B,D,B,C,B,B,C,B,D,B,C,D,B,D,B,D,C,B,C,A,B,C,C,B,A,D,B,C,D,B,A
18187841-K,A,C,A,A,D,D,C,C,B,A,B,C,B,B,D,C,C,D,B,D,A,D,D,C,A,B,B,B,B,B,D,D,C,B,B,D,A,C,A,A,D,B,B,A,B,C,A,A,A,B,D,B,B,B,D,B,A,D,B,B
19549320-0,A,A,D,A,B,A,C,A,B,B,B,B,C,B,D,A,C,B,D,D,A,A,B,D,B,D,A,B,A,C,B,B,A,B,A,C,A,B,C,A,B,A,A,A,D,C,D,D,A,A,B,C,A,B,A,B,B,D,D,C
18222304-2,C,A,B,,D,D,C,C,D,A,,C,A,D,D,B,A,D,B,,A,A,,C,A,D,B,B,A,C,B,D,C,C,B,A,C,B,,A,D,C,D,B,D,,B,D,A,A,B,A,C,B,,B,C,D,,C
18045073-4,B,C,B,A,D,D,C,A,B,A,B,D,A,D,D,B,C,D,B,D,C,B,D,B,C,C,B,B,A,A,D,D,B,B,C,A,A,B,B,D,D,B,D,B,D,D,B,D,A,B,B,A,C,B,D,B,C,D,D,C
19620649-3,C,A,B,,D,C,C,C,B,A,C,C,A,D,D,B,C,,B,D,A,C,D,A,D,D,B,B,A,C,B,D,B,B,B,A,A,B,B,B,D,D,D,A,D,D,B,A,D,D,B,A,,B,A,B,,D,C,B
19339973-8,C,C,D,A,D,D,C,C,D,A,A,C,A,B,D,A,C,C,B,D,D,C,B,C,B,C,,D,A,,D,D,B,,A,A,D,D,D,B,C,A,A,B,D,D,B,B,A,C,C,C,,,D,B,C,A,D,D
19142185-K,A,A,D,A,D,D,C,C,D,B,C,C,A,D,B,B,A,D,B,D,B,B,D,B,A,C,A,B,D,D,D,B,C,D,B,D,C,B,B,B,D,C,A,B,D,D,B,D,D,A,C,C,C,B,D,B,C,D,D,B
13761561-4,B,C,B,A,D,D,C,C,D,A,C,C,A,D,D,B,D,D,B,D,C,B,C,C,A,D,B,B,A,C,D,D,C,B,C,A,C,B,B,A,D,D,A,B,D,D,B,B,A,A,D,A,C,B,D,C,C,D,D,C
19255476-4,C,C,B,A,C,D,C,C,D,D,B,C,A,D,D,B,C,D,B,D,C,C,D,D,C,D,A,B,D,D,B,B,C,B,C,D,C,B,C,B,D,B,D,B,D,D,B,D,A,C,D,A,B,B,B,B,C,D,D,C
18816095-6,C,C,A,A,D,D,C,C,C,D,B,C,C,B,B,A,A,A,A,C,D,B,B,C,A,D,A,B,A,B,C,C,C,B,B,B,B,B,A,A,B,D,D,B,D,C,C,C,A,D,D,C,B,B,D,B,B,D,D,D
18293937-4,D,C,C,A,D,C,A,C,D,A,B,D,D,B,C,A,C,D,A,C,B,B,D,A,A,D,A,D,A,D,D,D,C,B,A,C,C,D,A,D,C,B,B,D,D,C,B,C,D,D,D,B,A,A,B,D,C,D,B,B
19293584-9,C,A,B,A,D,A,C,C,B,A,C,C,A,D,D,D,C,D,A,D,C,B,B,B,D,C,A,B,A,C,D,D,C,C,C,D,C,D,B,A,D,C,D,B,A,C,D,B,A,D,B,B,B,B,B,B,C,D,D,B
17627983-4,C,C,C,A,D,D,C,C,D,A,C,C,A,D,D,B,C,C,B,D,C,B,D,C,C,D,A,B,B,C,B,C,B,B,A,D,C,C,B,A,D,C,A,B,C,A,B,A,B,C,B,C,C,B,D,D,C,A,D,D
19535023-K,D,C,B,A,D,D,C,D,D,B,C,C,A,D,A,B,C,D,B,D,C,B,D,B,A,D,B,B,D,C,B,D,C,B,C,A,D,B,B,A,D,B,A,B,D,D,B,C,A,B,C,C,C,B,D,B,C,D,D,C
13112326-4,A,D,,A,D,D,A,C,D,C,B,C,A,B,A,B,A,D,C,D,A,B,D,B,,B,B,B,A,C,B,C,A,B,B,,,,,A,D,,,,C,,,C,A,C,,C,,,D,D,,A,,
18489854-3,C,A,B,D,D,B,B,B,B,C,B,C,A,D,A,B,C,B,B,D,A,B,D,B,C,D,D,B,B,D,C,A,D,A,D,C,B,D,B,C,D,B,B,B,C,D,D,D,A,D,C,B,B,C,C,B,C,A,A,B
19294758-8,D,A,A,A,D,D,C,C,D,B,C,C,B,A,A,B,D,D,B,C,D,B,D,D,A,B,A,B,D,C,B,B,A,A,B,A,C,D,C,A,D,D,D,B,A,D,B,C,A,C,B,C,C,A,A,A,C,D,D,C
20342398-5,A,C,A,C,D,D,C,C,D,B,B,D,B,C,A,D,A,D,B,A,C,C,B,D,A,B,A,D,A,D,D,B,C,A,C,D,C,B,C,B,B,D,D,B,D,D,D,C,B,D,B,C,C,B,B,C,B,A,C,B
19280326-8,A,A,B,D,D,D,C,B,D,B,B,C,A,B,D,D,A,D,B,D,C,B,D,C,A,C,B,A,A,D,C,B,B,D,A,A,C,D,B,B,D,D,D,B,C,D,B,A,A,B,B,A,C,A,D,B,A,D,D,C
16865949-0,C,B,D,C,C,C,C,C,D,C,C,C,A,D,D,A,B,B,B,B,A,B,A,B,A,D,B,B,A,C,B,D,B,B,D,C,A,D,C,B,D,D,A,B,C,D,A,D,C,D,C,C,A,A,C,D,B,D,B,B
19124627-6,C,A,D,A,B,D,C,A,B,A,B,C,B,D,D,B,A,B,B,D,C,B,B,C,C,B,D,D,B,C,D,D,C,C,C,A,A,C,B,A,B,D,A,C,D,D,C,C,A,C,B,C,C,D,D,B,A,D,D,C
17883266-2,D,C,,A,,D,C,C,D,A,C,C,A,D,D,B,C,D,A,D,A,B,D,C,A,A,B,B,A,C,D,C,A,B,B,D,A,D,,C,D,D,A,B,C,D,B,C,A,C,D,A,A,B,D,B,C,D,D,D
19548736-7,B,A,A,A,D,D,C,C,B,C,A,D,A,B,C,C,C,D,C,D,C,B,D,D,B,D,B,D,C,B,C,D,B,B,C,B,A,B,B,B,D,D,B,B,D,B,B,C,D,C,C,C,B,B,D,C,A,A,C,C
19013259-5,C,C,B,D,D,B,D,A,B,B,A,C,B,B,D,C,D,D,B,A,A,A,B,D,C,D,C,D,A,B,B,D,C,B,A,D,C,D,A,B,D,C,C,C,D,D,B,D,C,D,D,C,C,B,A,D,D,A,D,C
19744145-3,B,C,A,A,D,D,C,C,B,A,C,C,A,B,D,B,C,D,B,D,C,C,D,C,A,D,B,B,D,C,B,B,C,B,B,A,C,B,B,A,D,D,D,B,C,D,C,C,A,B,B,D,C,B,D,B,C,D,B,C
16334411-4,C,A,A,A,,D,C,,B,A,,C,A,D,D,B,C,,A,A,D,B,,,A,C,B,B,,,B,D,B,,,C,A,D,,D,D,D,A,,D,A,,C,,B,C,C,,,B,D,,D,,C
19245657-6,B,D,D,D,D,D,C,C,B,A,C,C,A,D,D,B,C,D,B,C,D,B,A,B,C,C,B,B,D,D,B,D,D,B,B,B,A,D,B,A,D,D,A,B,D,D,B,C,A,C,D,A,C,B,A,C,C,D,D,A
18034452-7,B,A,B,A,C,C,C,C,D,B,D,C,A,C,D,C,A,B,B,D,B,B,A,A,B,A,B,B,D,A,D,D,C,B,C,D,B,D,C,B,D,C,D,B,C,A,C,D,D,B,A,C,B,B,C,D,D,D,A,B
15639203-0,C,C,D,A,D,D,C,B,B,,A,C,A,C,D,,A,D,B,A,D,D,A,B,,B,B,B,A,,B,C,B,B,,A,A,B,,A,D,C,D,D,C,,D,D,A,C,C,C,,,,B,C,D,D,C
18559740-7,C,A,B,,D,D,C,C,D,,B,C,A,B,A,B,A,D,B,D,C,B,D,C,,D,B,B,A,C,B,D,B,B,D,A,B,,,A,D,D,A,B,D,,,D,A,D,C,A,,,D,A,C,D,,C
17888744-0,C,A,B,A,D,D,C,B,D,B,B,B,C,A,A,A,C,A,B,D,D,C,C,B,A,B,C,B,C,A,C,C,A,B,B,C,C,D,B,A,C,C,B,B,C,D,C,C,C,A,B,A,D,A,C,B,A,D,C,B
16512843-5,C,A,,A,,D,C,C,B,B,,C,A,B,D,B,C,D,,,D,B,,,A,D,,B,D,C,C,A,C,A,C,B,D,C,,A,D,C,A,A,D,D,B,A,A,A,B,,,,A,A,,A,,
16431423-5,C,B,B,A,D,D,C,C,D,C,B,C,A,D,D,A,A,D,B,D,B,C,A,D,A,D,B,B,D,C,B,C,C,D,C,D,A,B,A,A,D,B,D,B,D,D,B,C,A,B,B,A,B,B,A,C,C,B,D,C
19653434-2,C,C,A,A,A,B,C,B,C,A,B,B,C,D,A,D,A,D,B,D,D,A,C,B,C,C,A,D,A,B,B,D,C,C,D,C,A,D,D,B,D,A,D,A,D,D,C,D,D,C,A,C,A,B,D,D,C,D,D,D
17953230-1,C,A,A,B,A,D,C,C,D,A,C,C,A,D,D,B,C,D,B,D,A,B,B,C,C,D,B,C,D,C,B,C,B,B,A,A,D,D,C,A,D,C,A,B,C,D,D,C,B,D,B,A,C,B,D,B,C,D,D,D
18857486-6,C,A,B,A,D,B,D,B,D,B,A,C,A,C,D,A,C,D,B,B,D,C,D,D,A,D,C,D,A,C,B,D,B,C,B,A,A,C,C,B,A,D,A,B,C,B,A,C,B,A,A,C,C,B,D,A,C,D,D,B
18452190-3,C,B,A,C,C,B,B,A,B,,A,C,B,B,C,,B,B,,,B,A,D,,A,A,,B,C,,D,C,C,A,,D,A,C,,C,B,A,D,A,,C,A,,,D,C,,A,A,B,,C,C,,A
17525117-0,C,C,B,C,A,C,D,B,B,B,,C,A,D,D,A,D,A,B,A,C,D,A,B,A,B,A,C,A,C,B,D,C,C,D,A,C,B,C,A,A,C,A,B,C,D,B,C,D,D,D,A,B,B,B,A,C,D,D,C
18211694-7,B,C,B,A,D,D,C,C,D,A,C,C,A,B,A,B,C,D,B,D,A,B,D,D,A,A,B,B,D,C,B,D,C,D,B,D,A,B,B,A,D,B,A,B,D,D,B,A,A,B,C,A,C,A,C,B,C,D,D,C
17445066-8,D,A,B,A,D,D,D,C,D,A,D,C,B,B,A,B,C,D,B,C,C,B,A,D,B,C,B,B,A,C,B,D,B,B,B,C,C,C,A,B,C,D,B,B,D,D,A,C,A,A,D,B,A,A,D,A,C,B,D,C
18105116-7,C,D,B,A,D,D,C,C,D,A,C,C,A,C,A,B,A,D,B,D,A,B,D,B,A,B,B,B,D,B,D,B,B,B,C,A,C,B,B,A,D,C,D,B,D,D,B,C,A,C,A,C,B,B,C,B,C,D,D,C
19640930-0,C,A,A,A,D,C,C,C,B,D,B,C,A,B,D,A,C,B,B,A,C,B,D,D,B,D,B,B,D,C,B,D,C,A,A,C,B,C,B,B,D,C,D,B,D,B,B,C,A,C,B,B,A,A,D,A,A,D,D,C
17512502-7,D,C,D,A,C,D,C,C,B,B,C,D,C,B,D,C,C,D,B,D,D,B,C,C,C,B,C,B,A,D,B,D,C,A,D,B,B,C,C,B,C,D,C,B,D,B,C,D,D,B,C,C,B,B,C,B,D,A,C,D
19594786-4,C,C,B,A,D,D,C,C,D,A,C,C,A,D,D,B,C,D,B,D,C,B,D,C,A,C,A,B,D,C,B,D,C,B,A,A,C,B,B,A,D,C,D,B,D,D,B,C,C,B,C,A,C,B,D,B,C,D,D,C
19104518-1,C,C,D,,A,A,C,B,B,A,B,B,A,D,D,A,C,D,B,D,C,D,D,D,A,B,B,B,B,,C,B,A,B,A,A,A,D,B,B,C,D,B,B,D,D,,C,A,C,D,A,A,B,D,D,,D,D,C
18747395-0,B,C,D,B,A,B,C,C,D,A,D,C,C,D,D,A,C,B,B,D,A,B,D,B,C,D,D,B,C,B,A,B,A,A,C,C,A,C,C,B,A,D,A,A,A,A,C,D,D,A,A,C,B,A,D,C,C,D,D,A
12892184-2,B,C,D,A,D,D,C,A,B,C,C,C,C,D,C,A,C,D,B,D,B,B,B,A,A,B,B,D,B,B,B,C,D,C,B,B,A,D,C,D,D,B,D,B,C,B,B,D,A,A,A,C,C,B,D,D,C,D,D,C
19393820-5,A,C,D,A,A,D,D,C,B,D,B,B,B,D,D,D,C,D,B,B,B,B,B,B,B,B,B,D,A,B,D,B,A,D,C,C,A,D,A,B,D,C,D,B,A,D,D,D,B,B,D,A,C,B,D,B,C,D,C,A
16590111-8,C,C,D,D,D,D,C,C,D,A,D,C,A,A,D,B,C,A,B,A,D,B,D,C,A,C,A,B,D,C,D,D,B,B,B,B,A,D,B,A,D,A,A,B,C,D,B,C,A,A,B,A,C,B,D,B,C,D,D,B
19090978-6,C,C,B,A,D,D,C,,B,A,,C,A,C,D,B,D,,,D,C,,B,,,C,,,,C,B,B,C,,,A,B,D,B,B,D,B,D,B,D,,,C,,C,B,A,B,B,D,,C,,,C
19295121-6,C,A,D,D,A,D,C,C,D,A,C,C,A,D,D,B,D,B,B,C,A,B,D,C,A,D,B,B,D,C,B,D,C,B,C,A,C,C,B,A,D,A,D,B,D,B,B,A,A,C,B,A,B,B,B,B,C,D,D,C
10965821-9,D,C,D,C,D,D,C,A,B,D,B,D,A,B,A,A,A,B,B,A,D,B,A,C,B,B,B,C,B,B,D,D,C,B,C,A,A,C,B,D,D,D,A,A,D,C,A,D,C,B,D,A,B,B,C,C,B,A,C,C
19114773-1,B,C,A,,D,,,C,B,A,B,C,A,D,D,B,C,A,B,D,A,C,D,B,A,,B,B,A,A,B,D,C,B,B,A,C,,,A,D,D,A,,D,D,B,C,A,C,D,A,,,D,B,C,D,A,D
18848393-3,C,A,,A,D,D,C,C,C,,,C,A,D,D,A,,D,B,A,B,B,,C,A,B,,B,D,B,B,C,B,,B,A,A,C,,D,D,C,B,D,D,D,B,C,A,A,B,A,A,B,D,B,D,D,B,C
18247682-K,B,C,B,A,D,D,C,C,B,A,C,C,A,C,D,B,C,D,B,A,C,B,A,C,A,D,B,D,D,C,B,D,C,B,B,A,C,D,B,A,D,C,D,B,D,D,B,A,A,B,B,A,C,B,C,B,C,D,D,C
18066509-9,C,D,B,A,D,D,C,C,D,A,D,C,C,D,D,A,A,D,,D,D,,D,,A,,,B,D,,B,D,B,,,A,,B,B,D,B,D,B,A,D,,B,,A,B,,C,C,B,D,B,,D,D,C
19470604-9,A,C,B,A,C,B,C,A,B,B,A,C,A,A,A,B,C,A,B,C,A,B,D,A,A,B,B,B,D,B,C,B,C,B,C,B,A,D,B,A,D,C,D,B,D,D,B,C,D,B,B,A,C,A,D,B,B,B,D,B
18726546-0,A,A,A,B,B,D,C,C,B,A,C,C,A,B,A,C,A,D,C,D,A,B,B,C,C,B,D,D,A,D,D,C,C,B,B,A,B,D,A,C,D,D,A,B,D,C,C,B,D,B,B,B,C,B,D,B,C,D,B,D
19517647-7,C,C,D,A,,D,C,C,D,B,B,C,D,D,D,,A,D,,D,C,B,D,C,A,C,B,,A,,B,B,B,B,,D,C,,,A,,,A,B,D,D,,,,B,,,C,B,D,B,C,B,D,
19525746-9,B,A,C,B,A,D,C,C,B,B,C,C,A,B,D,B,A,B,A,D,C,B,D,C,A,A,B,C,A,C,D,D,C,B,D,C,A,B,B,B,D,C,D,B,D,D,B,D,A,C,C,A,C,B,B,C,C,D,A,A
18091358-0,C,C,B,A,A,D,C,C,D,A,C,C,A,D,D,B,C,D,B,D,C,B,D,C,A,D,B,B,A,C,D,D,C,B,C,A,C,B,B,A,D,A,A,B,C,D,B,C,A,C,A,A,C,B,D,B,C,D,D,C
19679338-0,C,C,D,A,D,D,C,C,D,B,C,C,C,B,A,A,D,D,B,B,D,C,D,C,B,B,B,B,C,C,C,D,C,B,A,D,A,D,C,A,D,C,A,A,D,D,A,C,A,C,B,D,B,B,D,D,C,C,D,B
13966574-0,B,A,B,B,B,D,C,D,B,B,C,C,A,A,D,B,C,D,B,B,D,A,B,D,B,B,D,A,C,D,A,D,A,D,B,B,C,A,C,C,B,A,A,D,C,A,C,D,A,B,C,A,C,B,B,C,B,D,B,C
17770866-6,A,A,B,C,D,D,C,C,B,D,B,C,A,B,D,C,C,B,A,C,D,B,D,A,A,A,B,B,A,B,B,A,B,B,A,C,A,C,C,B,D,D,A,B,D,C,B,A,A,C,D,C,B,B,D,B,C,D,D,B
18147566-8,D,C,A,A,D,C,C,D,B,D,B,A,B,C,B,A,C,D,B,A,A,A,D,A,A,B,C,B,B,D,A,C,B,C,D,C,B,B,A,A,D,D,A,B,D,D,D,D,B,B,C,C,C,A,A,D,C,D,D,C
18990345-6,C,C,B,D,D,D,C,C,B,A,C,C,D,D,D,B,C,D,B,B,C,B,A,B,A,C,B,D,A,C,B,D,A,B,D,B,C,C,B,B,D,A,A,B,A,D,B,C,A,C,B,C,B,B,D,B,C,B,D,C
9217358-5,A,C,D,A,A,D,C,C,D,A,B,C,A,B,A,B,C,B,B,C,A,D,D,D,B,B,B,B,A,B,B,D,B,C,D,C,C,B,B,A,D,C,D,B,D,D,C,A,B,B,C,A,B,B,C,D,C,D,C,B
18839894-4,B,C,B,A,D,D,C,C,D,A,C,C,A,D,D,B,C,D,B,D,C,B,D,C,A,D,B,B,D,A,D,D,C,B,B,A,C,B,B,A,D,C,D,B,C,D,D,C,A,B,B,A,C,B,D,B,C,D,D,C
19152195-1,C,A,B,,D,,C,A,D,A,D,,A,D,D,,A,,B,A,D,B,D,,,,B,,B,,B,B,C,B,B,,C,B,,D,D,,C,,D,,,,,,B,,B,,,B,C,B,D,
18560735-6,B,A,A,B,D,D,C,C,D,A,C,C,A,D,D,C,C,D,B,D,C,D,D,A,A,D,,B,A,C,D,B,B,B,B,A,C,B,B,A,D,B,A,B,D,D,B,C,C,B,D,A,C,,,C,C,B,D,D
18048041-2,C,C,B,A,,D,C,C,B,B,D,C,A,B,D,B,C,D,B,D,C,B,A,B,A,,B,B,A,C,C,D,C,B,A,D,C,B,B,B,D,D,,A,A,D,C,D,A,C,B,,C,,D,B,C,D,B,C
16242700-8,A,A,A,B,A,D,C,A,B,B,B,C,A,B,A,A,B,D,A,A,C,C,B,D,,C,B,B,A,,B,D,A,B,C,A,B,,,A,D,C,A,B,C,C,B,A,A,B,B,A,A,B,A,C,A,D,D,C
15959856-K,B,C,B,A,D,D,C,C,D,A,B,C,A,C,D,B,A,D,B,D,D,C,B,C,A,C,B,B,B,C,B,D,C,B,D,A,C,B,B,A,B,D,A,B,D,D,B,C,A,B,B,A,C,B,D,B,C,D,D,C
18559155-7,C,C,A,A,B,D,A,B,D,C,D,D,A,B,D,B,A,D,B,B,D,B,A,A,A,C,A,D,D,C,D,D,D,B,C,D,C,D,A,A,D,B,A,B,D,D,D,C,A,C,B,C,C,C,B,B,C,D,B,B
18895369-7,C,C,B,C,D,D,C,B,D,A,B,A,C,B,A,B,C,D,B,D,C,C,D,A,A,A,C,B,A,B,D,B,C,B,D,B,A,B,A,A,D,C,D,B,D,B,C,D,A,C,B,C,C,B,A,B,C,D,D,B
18833138-6,C,A,B,A,A,D,B,A,D,A,C,C,A,D,D,B,C,D,B,D,A,B,,,,D,D,B,D,,C,B,C,A,D,C,C,B,B,A,D,A,A,B,D,D,B,C,A,D,D,A,A,B,A,C,A,D,C,B
13239691-4,C,A,A,C,D,D,C,C,B,A,,C,A,D,D,B,D,,B,D,B,B,,A,A,,B,B,D,,C,D,B,D,,A,C,B,,A,,D,A,B,D,,B,B,,B,,,,,,,,,,
16422533-K,C,A,D,A,D,D,C,B,D,B,C,D,A,C,B,B,D,D,B,D,,B,A,D,B,A,B,B,B,B,B,B,A,,A,D,A,B,,B,D,C,C,B,B,D,A,D,A,A,A,C,A,A,A,A,D,D,C,B
19089101-1,B,C,B,D,D,D,C,C,A,A,C,C,A,A,D,B,C,D,B,D,C,B,D,B,A,B,B,B,A,C,D,D,A,B,B,A,C,D,B,A,D,C,A,B,C,D,B,C,A,C,A,A,C,B,D,B,A,D,D,C
18431810-5,C,C,A,A,D,D,C,C,B,D,C,C,B,C,B,B,A,A,B,D,C,A,D,B,A,B,,B,A,C,D,C,C,B,A,D,C,D,,B,D,D,A,B,B,D,A,A,A,D,B,B,C,B,D,B,D,D,C,B
15689169-K,A,B,D,D,B,B,D,C,D,A,B,C,C,D,D,C,B,B,A,A,A,B,D,A,A,C,D,D,A,B,B,D,C,C,C,A,B,B,C,A,B,B,D,C,B,C,D,D,A,B,C,A,A,A,D,D,A,D,D,A
18877003-7,B,C,B,A,D,D,C,C,D,A,D,C,A,B,C,B,C,D,B,D,D,B,C,A,A,B,B,C,D,D,C,D,D,B,D,D,C,D,D,A,D,D,D,B,D,D,D,A,A,B,C,A,C,A,D,B,C,D,D,B
18903311-7,C,A,D,A,D,A,C,A,B,D,B,C,A,D,B,A,C,D,,C,B,D,A,,A,D,A,C,A,C,B,B,D,C,C,D,A,,B,B,D,C,B,B,B,B,D,C,,B,D,A,B,,C,B,,A,,
19429749-1,A,C,A,A,D,D,C,C,D,A,C,C,C,B,A,B,C,D,A,D,D,C,A,D,A,D,C,B,A,C,D,D,A,B,C,C,D,D,D,A,D,D,B,C,D,D,B,D,A,B,D,C,B,B,B,,,,,
10820486-9,A,D,D,A,A,B,D,D,B,A,C,B,C,D,A,A,A,C,B,A,B,A,D,D,A,D,A,D,D,D,D,C,D,C,D,D,B,B,C,A,A,C,D,D,D,C,D,D,D,C,C,C,C,B,B,C,B,D,D,A
19178867-2,C,C,B,A,B,D,C,B,A,B,B,C,A,B,D,B,A,A,B,D,C,B,D,C,,C,B,,D,,B,D,D,A,B,A,A,D,D,C,D,C,D,A,D,D,B,C,A,A,B,C,B,B,D,B,D,C,D,C
18783445-7,A,A,C,C,,D,C,C,D,A,B,D,C,B,D,A,C,D,B,A,D,D,D,D,,B,,,A,D,A,C,C,B,B,C,,D,B,A,D,D,D,B,D,D,A,C,A,A,B,C,,,,C,,D,,D
17797655-5,B,B,D,C,B,B,C,C,B,D,D,C,B,C,B,D,C,D,A,A,B,A,C,D,B,A,D,C,B,B,D,D,C,A,A,A,A,C,C,A,D,D,D,B,D,C,C,C,D,C,C,B,D,C,D,A,B,A,C,B
19437991-9,B,C,B,C,D,D,C,C,D,A,C,C,A,D,D,B,C,D,B,D,B,B,C,B,A,B,B,B,D,,C,C,B,,B,A,C,B,B,A,D,B,A,B,C,D,D,D,A,C,C,A,C,,D,B,C,D,D,C
15501569-1,B,C,A,,,,C,B,,D,,,,C,A,,C,D,,,,,,,,,A,B,A,,D,,C,B,,,A,D,A,B,D,C,,B,D,,,C,,,,,,,,D,,D,D,C
19280126-5,A,C,D,B,D,D,C,C,D,A,C,A,A,D,C,B,C,D,B,D,D,C,D,D,C,B,C,D,D,A,D,D,B,C,C,D,C,D,B,A,D,D,D,B,D,D,B,D,D,B,B,C,A,B,D,B,D,D,A,C
18798579-K,C,B,D,A,D,D,C,C,C,A,C,C,A,D,D,B,C,D,C,D,D,C,B,B,B,D,B,B,B,B,B,D,C,B,C,B,A,D,B,A,D,D,D,B,D,D,D,D,A,B,B,A,C,C,D,C,C,D,D,C
19169934-3,B,A,B,A,D,D,C,C,D,B,A,C,C,B,A,D,C,D,B,D,B,A,D,A,D,B,B,B,A,D,B,D,C,C,C,C,C,B,C,B,C,C,D,B,C,C,A,D,A,A,B,C,A,B,D,D,C,A,D,C
18873813-3,C,A,A,A,D,D,C,C,D,A,C,C,A,B,A,B,C,D,B,D,D,B,A,D,A,D,A,B,D,B,B,D,C,B,B,C,D,B,C,A,D,C,D,B,A,D,B,B,C,B,D,A,A,A,A,B,C,D,B,C
19017283-K,C,A,D,B,B,D,D,A,B,B,C,C,A,D,C,D,C,B,A,C,C,B,D,C,A,C,B,B,D,C,B,D,C,B,C,B,C,D,C,B,D,B,B,B,D,D,B,C,C,A,D,A,C,A,B,B,C,A,C,A
19008364-0,C,C,D,C,B,D,C,C,B,B,C,C,A,B,A,A,C,B,B,D,C,B,D,C,B,C,B,B,D,B,B,D,B,A,D,A,C,B,A,A,D,B,D,C,D,D,B,C,C,B,D,C,C,B,D,B,B,D,C,C
19177482-5,C,A,,C,D,D,C,C,B,A,,C,A,C,C,B,C,A,,D,,B,D,C,A,D,,,A,,C,B,C,B,,A,C,,,B,,B,B,B,D,C,D,,,C,B,A,,B,,B,D,,A,D
18930472-2,A,A,D,A,D,D,C,C,D,A,B,C,D,B,D,A,A,B,B,D,B,B,B,C,A,D,B,B,D,C,D,D,C,A,D,D,C,C,D,A,D,D,D,B,D,D,B,B,B,B,A,C,C,B,A,B,C,D,D,C
15280062-2,B,A,A,C,B,D,C,C,B,D,B,D,C,B,D,B,C,C,B,C,D,A,A,D,A,B,B,B,C,B,B,B,A,C,B,D,B,C,C,D,D,D,B,D,A,B,C,D,B,C,B,D,C,A,D,B,C,B,A,C
17565814-9,C,A,B,A,A,D,D,C,B,A,B,B,A,C,B,C,C,D,B,D,C,B,D,C,A,A,B,B,B,C,B,D,C,A,B,B,A,D,C,A,D,D,D,B,D,D,C,C,A,C,B,C,C,A,D,A,C,B,A,C
19145236-4,B,C,B,A,D,D,C,C,D,A,B,C,A,B,D,C,C,B,B,D,A,B,D,D,A,B,B,B,A,C,C,B,C,B,B,D,D,B,B,A,C,D,B,A,D,C,C,B,C,C,B,C,B,A,D,B,C,D,D,C
18022610-9,C,C,A,A,D,D,C,C,B,C,A,B,A,D,A,A,C,D,B,C,D,A,C,D,A,D,B,B,A,B,B,D,C,B,C,C,A,B,A,B,C,D,A,C,D,C,B,A,A,C,D,C,B,A,A,B,C,D,B,C
16140462-4,A,D,D,C,B,C,B,D,A,A,A,C,C,D,B,B,C,C,C,C,B,A,A,A,C,A,C,C,B,B,D,D,D,C,B,D,B,C,C,C,B,D,D,D,D,A,C,D,A,D,C,B,B,C,A,A,C,D,B,C
19173554-4,B,C,D,B,D,D,C,,B,A,B,C,A,C,D,B,C,D,B,C,C,B,D,A,B,C,B,D,A,C,B,D,B,C,B,D,C,B,,B,D,C,A,B,D,C,A,A,C,B,B,,C,B,D,B,C,D,,C
12055287-2,B,C,A,B,D,C,D,A,D,A,C,C,A,D,D,B,C,D,B,A,B,A,D,D,C,D,B,B,C,B,B,D,B,C,D,A,C,D,B,A,D,B,B,A,D,C,A,D,A,C,D,C,C,B,D,A,C,D,D,A
18984267-8,,C,C,,A,D,C,C,B,B,B,C,A,B,D,A,D,D,B,D,B,B,,,,,B,C,,,B,,B,B,,,,,,B,D,C,D,B,D,D,,A,,C,D,A,,,,,C,A,D,B
18992036-9,A,A,D,A,C,D,C,A,D,D,B,B,B,B,D,C,A,D,C,A,B,B,C,A,B,C,B,D,A,D,D,D,B,B,C,A,A,C,B,D,D,D,B,B,D,C,C,D,B,B,A,A,D,B,D,B,C,D,D,A
13046953-1,D,C,A,B,D,D,C,B,C,C,B,C,A,D,D,B,C,D,B,C,C,B,A,B,B,C,D,B,B,C,B,D,C,C,D,A,A,B,B,A,D,C,D,B,D,D,B,A,A,B,C,C,B,A,B,A,D,D,B,C
19208174-2,B,A,B,A,D,D,C,A,D,B,C,D,C,D,D,A,C,D,B,C,A,C,C,A,B,C,B,A,D,A,D,B,C,A,C,A,C,B,B,B,D,D,D,B,D,D,B,A,A,B,C,D,C,B,D,B,B,D,D,C
15145161-6,C,B,C,A,D,C,D,A,B,D,B,D,A,B,A,A,C,C,B,D,A,B,C,B,A,C,B,B,B,D,B,D,C,B,B,B,A,D,B,B,A,C,B,B,C,C,B,C,B,B,C,C,C,A,C,B,C,D,D,B
17328726-7,A,B,A,A,A,D,C,C,D,D,C,C,A,D,D,D,D,A,B,C,C,C,A,D,A,C,B,B,A,C,B,B,A,A,C,C,C,B,C,A,C,D,A,A,B,C,C,A,A,B,A,A,D,B,D,C,C,C,B,C
18926248-5,C,A,D,A,D,A,C,D,D,C,C,C,A,C,A,C,D,D,B,D,C,D,B,B,A,A,C,B,A,D,B,D,A,B,B,C,A,D,B,D,D,C,A,B,C,B,A,C,B,A,B,C,A,A,D,B,B,D,C,C
19397364-7,C,B,B,A,C,C,C,B,D,B,B,C,C,C,D,B,C,D,B,A,A,A,C,D,B,B,B,B,A,A,B,B,D,C,B,D,A,A,A,B,A,D,B,C,D,C,B,D,A,D,A,C,C,A,D,D,C,A,A,B
17255142-4,C,C,A,A,A,B,C,A,D,A,B,C,A,D,D,B,C,D,B,D,C,B,A,B,C,D,B,C,B,D,D,D,B,B,D,A,A,B,D,A,D,C,D,B,D,D,B,C,A,B,B,A,C,B,A,C,C,D,D,C
15487355-4,B,C,B,A,D,D,C,C,D,A,B,B,A,C,D,B,C,D,B,D,D,B,C,D,A,B,B,D,A,D,B,D,C,A,A,D,C,B,D,B,D,B,A,B,B,D,B,C,A,B,B,C,B,B,D,A,C,D,D,C
18798567-6,C,C,A,A,D,D,C,C,A,A,C,C,A,D,D,B,C,D,B,D,C,B,A,C,A,C,B,B,B,D,D,B,B,B,C,C,A,B,C,C,D,B,D,B,D,A,D,C,A,C,C,A,A,B,D,A,C,D,D,C
19667892-1,A,A,D,A,B,D,C,C,B,B,C,C,A,C,D,B,C,D,B,D,D,C,A,C,C,A,B,B,A,A,B,D,A,B,B,D,A,C,B,A,D,C,B,B,C,D,C,C,A,A,C,A,A,B,D,B,C,D,B,C
16757921-3,C,D,D,C,D,D,C,C,B,A,B,A,C,B,D,C,B,B,B,A,B,C,,A,B,C,B,D,,A,,,B,,,,C,C,,B,,,,,C,C,,,,C,,,,,B,A,C,D,D,A
18576904-6,A,B,A,A,D,D,C,B,D,B,,C,C,B,D,C,C,D,B,C,A,D,D,,A,D,,C,,B,D,D,,A,,C,A,B,,A,,D,D,B,A,,A,,A,D,B,C,C,,A,B,C,A,D,C
17277627-2,C,A,,A,,D,C,C,D,A,A,C,A,D,D,B,C,D,B,B,C,B,A,A,A,,B,B,A,,D,D,C,,D,A,C,,B,,D,A,D,,C,D,B,,A,B,,A,A,,D,B,,D,,C
19176765-9,C,A,B,,,D,C,C,B,A,,C,A,D,D,B,C,D,B,D,A,D,D,C,A,C,,,,,B,D,C,B,D,A,D,B,,A,D,B,A,B,D,D,,,,,,,,,,,,,,
17187287-1,A,C,A,C,A,B,D,C,B,B,,A,C,B,C,A,,B,B,C,B,D,C,A,A,D,B,D,A,B,B,C,C,A,C,A,A,D,,B,C,D,D,B,D,C,A,D,,B,B,C,A,,D,B,C,A,D,A
19613003-9,C,A,A,A,D,D,C,A,B,A,A,C,B,B,D,C,C,D,B,C,A,D,C,B,B,A,B,B,A,C,B,B,B,C,A,B,C,A,B,A,D,D,D,B,D,B,B,A,B,A,D,C,C,A,D,B,C,D,D,C
19002707-4,A,C,B,B,D,D,D,C,D,C,B,C,A,B,D,B,C,D,B,D,B,D,B,D,A,B,A,D,A,B,D,D,B,B,C,C,A,B,B,B,D,D,B,A,D,C,A,D,A,B,B,B,B,B,D,C,C,D,D,C
15382734-6,C,A,B,A,D,D,C,B,B,B,,C,A,B,D,,C,D,B,D,,,B,,,,,B,,,B,,A,,,B,A,B,,A,D,C,A,B,D,D,C,D,D,B,D,A,C,B,A,B,C,D,D,C
18664403-4,D,C,B,A,C,D,C,D,B,C,,C,A,D,D,C,A,D,B,A,A,B,D,C,C,D,A,B,A,B,B,D,B,B,C,A,D,B,,B,C,B,A,B,C,D,B,A,A,B,B,A,C,B,D,D,,D,D,C
18664471-9,C,,,C,D,D,,C,B,A,,C,D,D,D,A,C,D,B,,D,B,,A,A,D,B,B,A,C,B,,C,B,,A,C,D,C,B,D,D,D,B,D,,C,D,A,B,B,A,B,B,D,B,,D,B,C
17138873-2,C,C,D,C,D,B,C,C,D,A,B,C,C,D,A,A,A,D,A,A,B,A,B,A,D,D,D,B,A,B,C,D,C,A,C,A,C,C,C,B,D,D,B,D,A,B,D,C,B,B,B,C,C,B,D,D,C,D,C,B
14465051-4,B,C,A,A,C,D,C,C,D,B,B,C,A,D,D,D,A,D,B,D,C,B,D,C,A,D,C,B,A,B,B,D,B,C,A,D,A,B,B,B,D,C,A,B,D,C,A,A,B,C,D,C,A,B,D,B,A,D,C,B
17702932-7,A,A,A,C,C,D,C,C,D,A,D,C,A,B,D,C,C,D,B,D,A,B,D,C,B,C,C,C,A,C,B,B,C,B,C,C,C,D,A,A,D,D,D,B,A,A,B,A,C,B,D,C,C,A,D,B,C,D,D,C
19265379-7,B,C,B,A,D,D,C,C,D,A,C,B,A,C,A,B,A,D,B,C,C,B,B,B,A,A,A,B,A,C,C,D,C,C,B,C,A,B,B,B,B,D,D,B,D,A,A,C,D,A,C,B,C,A,D,B,C,D,D,C
19191997-1,B,B,B,C,D,B,C,B,B,D,B,B,A,D,D,A,D,D,B,A,A,B,D,D,B,B,B,A,C,D,B,D,D,B,D,C,C,D,C,D,B,D,D,B,B,D,D,D,B,B,D,C,B,A,B,D,C,A,D,B
19741032-9,C,C,A,A,D,D,C,C,D,A,C,C,A,D,C,D,D,D,B,D,D,C,D,C,A,D,,B,A,B,B,D,B,,D,A,C,B,D,B,A,D,A,B,C,D,D,B,A,A,A,C,C,,D,B,C,D,D,C
14083395-9,D,A,D,B,B,B,B,D,C,D,C,D,A,D,D,A,C,B,B,B,A,B,B,C,B,C,C,D,B,C,C,C,B,C,B,B,B,C,C,C,D,B,D,B,B,D,B,C,B,B,C,B,B,B,D,C,D,B,D,C
15613767-7,,B,D,A,B,,C,C,,,,C,A,B,B,C,,A,B,A,B,B,B,C,,B,,C,D,,B,B,A,A,A,D,A,B,,B,D,C,D,D,A,D,C,C,,B,A,,,,,,,,,C
18356764-0,C,A,B,A,D,D,C,C,B,B,C,C,A,D,D,A,C,B,B,D,C,C,D,A,B,B,B,B,A,B,D,D,D,B,B,A,A,D,B,D,C,C,A,B,D,C,B,A,A,A,B,C,A,A,D,B,C,D,B,D
18582499-3,B,C,B,B,D,A,C,C,B,A,B,C,C,D,D,D,C,D,B,D,B,D,D,A,A,D,A,B,A,D,B,C,C,B,C,A,C,B,B,B,A,C,B,B,D,C,B,D,C,B,C,C,C,B,C,B,C,D,B,B
16830642-3,B,B,C,C,B,C,C,B,D,A,C,C,A,C,A,B,C,D,B,D,A,B,D,B,A,D,B,B,C,B,B,D,B,B,C,B,A,D,B,A,B,C,A,B,D,B,B,C,A,C,C,B,C,B,D,B,C,D,D,C
19687579-4,C,C,A,A,D,D,C,C,D,A,D,C,C,C,D,A,C,D,A,D,C,B,D,A,A,D,D,B,A,D,B,D,C,B,A,A,A,D,C,A,C,A,D,B,D,B,B,C,A,B,D,C,C,B,D,B,B,A,B,C
18988361-7,A,C,B,,A,D,C,B,D,A,B,C,A,D,B,C,C,,B,D,C,B,D,C,A,D,,B,B,C,D,D,C,A,B,A,C,B,A,A,D,D,D,B,D,D,B,C,C,B,D,C,C,A,D,B,,D,C,B
16020530-K,C,A,A,A,B,D,C,C,B,C,B,C,A,A,D,B,C,B,B,D,A,B,A,A,A,D,B,B,C,C,C,B,B,B,A,A,A,B,C,A,D,C,D,B,D,A,D,C,C,B,B,A,A,A,B,C,C,D,D,D
19517479-2,C,A,A,A,A,D,C,A,D,A,C,D,A,C,A,A,C,C,B,D,A,B,A,C,C,A,B,D,A,D,C,C,B,B,B,D,B,D,B,A,D,C,D,B,C,D,C,C,C,C,B,A,C,B,A,B,C,D,D,C
18183197-9,A,D,D,B,A,D,C,A,B,A,C,C,A,D,C,B,C,C,B,B,D,A,B,C,B,A,A,B,A,D,B,D,C,B,B,A,A,C,A,B,D,C,B,B,D,A,B,A,A,C,B,C,C,A,A,B,C,D,D,B
19372210-5,C,A,B,A,D,D,C,C,C,D,C,C,A,D,A,C,C,B,B,B,A,B,D,C,A,D,B,B,B,C,B,D,C,B,C,A,D,C,A,A,D,C,D,B,D,D,B,C,A,C,C,A,C,,D,B,C,D,D,D
18410705-8,B,C,B,A,,D,C,C,D,A,,C,A,B,D,B,C,D,B,D,A,D,D,C,A,D,,C,D,,B,D,,,C,,C,B,,A,D,D,D,,,D,B,,,,,,C,,D,B,C,D,,
17682189-2,,,,A,,D,D,C,B,A,A,C,C,,A,,D,D,A,,B,A,,,,,,B,,,C,,B,,,,,B,,A,D,C,,B,D,A,,C,C,,,A,C,B,D,A,C,D,,C
19865276-8,A,C,,,,D,C,A,D,C,,B,A,B,A,,C,A,,D,C,B,D,D,,,,,,,,D,,,,D,A,D,B,A,C,B,D,B,C,,,,,,D,,,,,C,,D,,C
19194173-K,C,A,D,,D,D,C,A,D,B,B,C,A,B,A,,C,D,B,A,D,B,B,,A,C,,B,B,D,B,C,B,B,B,C,A,C,,B,D,C,A,,D,D,A,A,A,B,B,A,C,,,D,C,D,D,C
18020768-6,B,C,B,A,D,D,C,C,C,A,C,C,A,C,D,B,C,D,B,D,C,B,D,C,A,D,B,B,D,C,B,D,C,B,B,A,C,B,B,A,D,C,D,B,D,D,B,C,A,B,B,A,C,B,D,B,C,D,D,C
17883543-2,C,B,D,A,B,D,C,C,B,D,,B,C,C,C,C,,B,B,B,B,D,C,A,B,B,B,B,A,C,D,B,B,C,B,D,B,B,,B,D,D,D,B,B,B,B,D,A,B,C,A,B,B,,A,D,D,D,B
18990141-0,C,C,A,B,D,D,C,C,D,D,C,C,A,C,D,B,C,D,B,A,C,A,B,D,C,D,B,B,D,A,C,B,B,B,B,D,A,B,A,D,D,B,D,A,D,C,D,D,A,B,D,C,C,B,B,C,C,D,C,B
17485353-3,C,A,B,C,D,D,C,C,D,A,C,C,A,D,D,B,C,D,B,D,C,C,D,C,A,D,B,B,A,C,B,D,C,B,A,A,C,B,B,A,D,D,D,B,D,D,B,C,C,B,C,A,C,B,D,B,C,D,D,C
16445054-6,C,C,D,,,D,C,,C,B,,C,C,D,A,,C,D,B,D,A,A,D,D,,B,B,,,B,B,C,B,,C,D,B,B,,A,D,B,A,,C,,B,,A,C,B,C,A,,,B,,,,
19518084-9,C,C,B,A,B,D,C,C,A,C,A,C,A,D,D,D,C,D,A,D,D,C,C,A,A,B,B,B,D,D,B,B,C,B,B,A,A,D,B,A,D,D,D,B,D,C,A,C,A,B,B,A,C,B,C,B,C,D,D,C
14082172-1,C,C,B,A,C,D,C,A,B,D,B,C,,D,D,B,C,D,B,B,C,B,C,B,C,B,B,B,A,C,B,C,A,D,B,C,C,B,B,A,D,A,A,B,C,C,B,C,D,A,D,A,C,B,B,C,C,D,D,C
19517478-4,C,C,A,A,D,D,A,C,B,A,C,C,A,D,D,B,C,D,A,D,C,B,D,,A,C,B,B,A,A,D,B,C,B,A,C,A,B,,A,D,C,B,A,D,D,B,C,C,B,B,A,C,,D,B,C,D,D,C
19562281-7,B,A,A,C,D,D,D,A,D,B,D,C,A,D,A,A,A,D,B,B,D,B,C,C,B,C,B,B,B,C,B,D,C,B,A,C,C,B,B,C,D,D,D,B,D,D,B,C,A,B,A,C,C,B,D,B,C,D,C,C
19207514-9,C,C,C,A,B,D,C,C,B,B,A,A,A,C,D,B,C,D,B,D,C,B,D,C,A,D,A,B,D,B,D,D,C,B,D,D,C,C,B,A,D,C,D,B,C,C,B,C,A,C,B,D,C,D,D,B,C,D,C,D
19278713-0,C,C,B,A,A,B,D,C,C,B,D,C,C,B,D,C,B,D,B,A,A,B,C,D,B,D,A,D,A,D,D,D,B,A,A,C,A,C,C,B,D,A,D,B,D,C,A,D,D,C,D,D,C,B,A,B,D,A,C,C
17668250-7,C,A,B,B,D,D,C,C,C,A,B,C,A,D,C,B,C,D,A,D,C,B,C,C,B,A,A,B,D,C,D,C,C,C,B,A,C,D,A,A,D,C,A,B,D,C,B,C,A,A,D,C,A,B,B,A,C,B,A,C
19041836-7,C,C,D,D,A,D,C,C,D,A,B,C,A,A,D,B,C,D,B,D,C,B,D,C,A,D,B,B,D,A,B,D,A,D,B,A,C,D,A,A,D,D,D,B,C,D,B,A,A,B,B,A,B,B,D,C,C,D,D,C
15458858-2,C,A,B,A,D,D,C,C,D,A,D,C,A,D,C,B,A,D,B,D,D,B,A,B,A,D,B,B,A,C,D,D,C,C,A,B,D,B,B,D,D,C,A,B,D,D,B,A,B,C,B,C,A,B,D,B,C,D,D,C
17001731-5,B,A,B,A,D,D,C,C,D,A,C,C,A,B,D,B,C,D,B,B,C,B,B,A,C,D,B,C,D,A,B,D,B,C,C,C,A,D,D,B,D,C,B,B,D,D,D,C,A,C,C,A,C,B,D,A,D,D,C,C
17681039-4,B,C,B,A,D,D,C,,B,C,,C,A,D,D,B,C,D,B,D,A,C,D,C,A,,A,B,,C,B,B,C,B,B,C,C,B,A,A,D,D,D,B,D,D,B,A,C,B,B,A,C,,D,B,C,D,D,C
16365253-6,C,C,B,A,D,D,C,C,B,A,D,C,A,D,D,B,C,A,B,D,C,B,A,C,A,D,B,B,D,C,B,C,C,A,A,A,A,C,B,B,D,C,D,B,D,D,B,D,C,A,D,D,C,B,D,A,C,D,D,D
18204759-7,C,A,D,A,D,D,C,C,D,A,C,C,A,D,D,B,D,D,B,D,D,C,D,C,A,C,B,B,A,C,B,D,B,B,A,A,A,C,A,B,D,A,A,B,D,A,B,C,A,B,B,B,C,B,D,B,C,D,D,B
19566556-7,B,C,B,A,D,D,C,C,D,A,B,D,B,D,D,C,C,D,B,D,D,B,A,D,A,B,A,B,B,C,B,D,A,D,C,D,A,C,A,B,D,A,A,B,C,B,A,C,A,C,D,A,D,A,D,B,C,D,D,C
19033533-K,C,D,B,C,D,D,C,C,B,B,A,C,C,B,D,B,C,D,B,D,D,B,B,B,A,D,C,B,A,B,D,B,B,B,B,B,C,B,B,D,D,C,D,C,B,D,B,D,C,D,C,B,A,B,D,A,A,D,D,C
17077810-3,B,A,B,A,D,D,C,C,D,A,B,C,A,B,C,A,C,D,B,D,,A,,,A,D,,,,B,A,C,C,D,,A,C,B,B,D,D,D,A,B,B,D,C,C,A,C,D,C,,B,B,B,C,D,D,B
18148635-K,D,A,D,,B,D,D,C,B,A,B,C,A,B,C,B,A,D,B,C,B,B,D,C,A,C,B,,,D,B,D,,,C,A,C,D,A,D,A,,D,B,D,D,D,C,D,B,D,D,B,B,D,D,,,D,C
13461702-0,,,,,,D,C,A,B,D,,C,A,B,D,,C,D,,C,A,B,,,,B,,,,B,B,B,B,,,A,C,B,,A,D,D,D,B,D,,D,D,A,C,D,,,,A,C,,D,,
19105473-3,,C,,,D,D,C,,D,B,,D,A,B,A,B,C,A,,C,A,D,D,,,,,,A,,B,D,,C,A,A,C,,,A,D,D,A,B,D,,B,D,,C,C,A,C,,D,B,C,D,,C
18875098-2,C,A,B,B,D,D,D,D,B,D,B,C,D,D,D,B,B,D,A,D,C,A,B,D,A,B,C,B,C,D,B,C,A,B,A,A,B,D,D,B,D,B,B,B,D,A,B,D,C,B,C,C,B,B,D,C,B,D,C,B
18401153-0,A,A,B,A,C,D,C,B,D,B,D,C,A,D,D,C,C,D,B,D,C,B,D,C,A,D,B,B,D,C,D,B,C,B,D,A,C,B,B,B,C,A,D,B,D,D,B,D,A,D,B,C,C,B,A,B,C,D,D,C
19438256-1,C,C,A,A,D,D,C,C,D,A,C,C,A,B,C,A,C,D,B,D,C,D,B,B,A,D,B,D,A,C,D,D,C,A,B,A,C,C,B,A,D,D,D,B,D,D,B,C,C,C,B,A,C,B,D,B,C,D,D,C
18681022-8,A,B,B,A,D,D,C,C,B,C,C,C,B,B,B,,C,A,D,A,A,D,,A,A,B,A,D,C,B,C,C,C,,B,,C,,,B,D,C,B,A,D,,B,C,,B,B,A,,D,A,C,,,D,C
16328950-4,C,C,,A,D,D,C,D,D,A,B,C,A,D,D,B,C,D,B,D,A,B,D,B,A,B,,B,A,B,B,C,C,A,B,C,C,D,,A,D,D,D,D,D,D,D,C,A,B,B,A,A,D,D,A,C,A,C,C
18968979-9,B,C,B,A,D,D,C,C,D,A,C,C,A,D,D,B,C,D,B,D,C,D,D,C,C,A,B,B,D,C,D,D,C,B,D,D,A,B,B,A,D,B,D,B,A,D,B,C,A,A,A,C,B,A,C,A,C,D,D,C
19790783-5,C,C,B,A,D,D,C,C,D,B,D,C,A,D,D,D,C,D,B,D,C,B,B,A,A,D,B,B,A,A,D,B,C,A,D,A,B,D,B,A,D,D,A,B,D,D,B,C,A,A,C,A,C,B,D,B,C,D,D,D
17286290-K,C,C,B,A,D,D,C,C,D,A,C,A,A,D,D,B,C,D,B,D,C,B,D,C,A,D,B,B,D,A,B,B,C,B,B,C,C,B,B,A,D,C,D,B,D,D,B,C,A,B,A,A,C,B,D,B,C,D,D,C
18170546-9,C,C,A,A,D,D,C,C,D,A,,C,A,C,D,C,A,D,B,,C,A,D,B,A,A,B,B,A,C,B,B,A,,A,C,A,B,,A,D,A,,B,C,,C,,,C,D,,C,,D,B,C,D,D,
9727013-9,C,A,B,A,D,D,C,D,B,A,,C,C,A,D,B,C,D,B,,B,B,,,,C,B,C,D,C,B,D,B,D,,A,A,B,,A,,,D,,D,D,B,D,,,,,,,,,,,,
19058253-1,A,C,C,C,D,D,C,C,B,D,D,C,A,D,D,B,C,D,,D,A,B,D,C,D,D,B,B,C,D,D,D,C,B,,B,B,D,,D,D,A,D,B,C,D,B,C,A,B,C,C,B,A,D,B,C,D,A,B
16707783-8,B,D,A,A,B,D,C,C,B,A,C,C,A,B,D,C,C,D,B,D,B,B,B,B,C,C,A,B,A,A,B,D,C,B,C,B,D,D,B,B,D,D,D,B,C,D,B,C,A,A,B,A,C,B,D,B,C,D,D,C
13590865-7,B,C,C,A,D,D,C,C,C,A,C,C,A,C,D,C,C,D,B,D,C,B,A,C,A,B,A,B,A,D,C,D,C,A,A,A,C,B,B,B,D,A,D,B,D,D,B,B,A,C,D,A,C,B,D,B,C,D,D,C
18837487-5,C,A,B,A,B,D,C,C,C,B,C,C,A,D,D,C,C,D,B,D,C,D,D,B,C,A,B,C,D,C,D,A,C,A,A,A,D,D,B,B,D,C,D,B,C,D,,D,D,,B,A,C,B,B,D,C,D,D,C
13388181-6,B,C,D,A,B,A,C,B,A,A,B,C,C,D,A,C,C,A,B,A,B,A,B,B,C,A,D,B,B,B,B,D,C,B,B,B,A,B,A,D,C,B,B,D,C,C,C,D,A,D,B,B,B,A,B,B,C,A,C,A
19575280-K,C,C,,A,D,D,B,C,D,D,C,C,A,C,D,,B,D,B,D,A,B,C,B,C,C,C,B,A,C,B,A,D,B,A,,C,D,B,A,D,C,C,A,D,D,B,B,A,C,C,C,,B,D,B,B,D,D,B
15293653-2,D,A,D,B,D,B,C,D,B,B,B,B,C,B,D,B,D,C,B,D,C,B,B,B,A,C,D,B,A,D,C,D,C,B,D,D,A,D,C,B,D,B,A,B,D,C,D,D,A,C,D,C,B,A,A,B,C,A,C,B
18467999-K,B,A,D,D,D,A,C,,B,A,,C,A,B,D,C,C,D,B,D,D,C,A,,,C,B,,B,B,D,D,,B,C,C,,B,,A,D,B,A,B,D,,D,D,A,A,C,B,,,,,,,A,A
18773263-8,C,A,D,A,D,D,C,A,B,A,D,C,A,B,D,B,D,D,B,D,C,B,D,C,A,D,D,B,C,D,C,B,B,B,A,A,C,B,B,A,D,D,A,B,D,D,D,A,A,B,A,A,A,B,D,B,C,D,D,C
18702409-9,,C,A,A,D,D,C,C,B,A,C,C,A,D,D,D,C,D,B,D,C,B,D,C,A,D,B,B,D,C,B,D,C,A,B,A,C,C,B,B,D,C,D,B,D,D,B,C,A,B,C,A,C,B,D,B,C,D,D,C
16436113-6,A,C,A,B,D,D,C,C,B,A,A,C,A,D,D,B,C,D,B,D,C,B,B,B,A,D,B,D,D,B,B,D,B,D,C,A,C,D,B,A,D,C,A,B,D,D,C,D,A,B,A,C,C,A,D,B,B,D,D,C
18475570-K,B,C,A,D,D,A,C,B,D,A,C,C,A,B,D,A,C,D,B,D,C,B,D,C,A,D,B,B,D,C,D,D,C,B,B,A,C,B,B,A,D,A,A,B,D,D,B,A,A,B,B,A,C,B,D,C,C,D,D,C
24169930-7,C,C,A,A,C,A,C,C,B,B,B,C,A,D,D,B,A,D,B,B,B,C,B,A,C,D,B,B,A,D,B,D,C,B,D,C,A,B,C,B,C,C,C,C,B,A,B,C,C,A,B,B,A,B,A,C,C,A,B,D
17029371-1,C,A,A,A,,D,C,C,D,B,C,C,A,B,A,B,C,D,B,D,C,B,D,C,,D,,B,A,A,B,D,C,A,,A,C,B,,,D,D,A,B,C,D,,,,,,A,C,,D,B,,,,
19516314-6,C,A,D,A,B,D,C,C,D,B,B,C,C,B,A,D,C,A,B,A,C,C,D,A,B,D,B,B,A,D,B,D,C,A,D,D,A,B,A,C,D,C,A,B,C,D,B,A,A,A,B,A,C,A,D,B,A,A,D,A
18641553-1,C,A,D,A,D,D,D,C,D,C,B,D,A,C,C,B,C,C,B,D,D,D,C,A,A,D,C,B,A,D,B,B,B,C,A,D,B,B,B,C,B,B,A,B,D,A,B,C,C,C,C,A,B,A,D,C,A,C,D,C
19447214-5,B,A,B,D,D,B,C,C,B,B,C,C,B,B,D,D,A,C,C,D,C,D,D,C,B,D,B,D,C,D,C,C,C,C,B,D,A,D,B,A,D,D,D,B,D,D,C,D,B,B,B,C,,,,B,C,D,B,C
17410828-5,C,C,B,A,D,D,C,C,B,A,C,C,A,B,D,B,C,D,B,D,C,B,C,C,A,D,B,C,A,B,B,B,A,B,C,A,D,B,B,A,D,B,A,B,D,D,C,C,A,D,C,B,C,B,C,C,C,B,C,B
18619387-3,B,A,B,A,D,D,C,C,D,A,,C,A,C,B,D,A,D,B,D,A,B,A,C,A,C,A,B,D,C,D,B,B,,B,A,C,D,,A,D,C,,A,D,D,B,C,A,C,B,A,,,,B,C,D,,C
19109495-6,C,C,D,A,D,D,C,C,C,A,C,C,A,D,A,B,C,D,B,D,D,B,D,B,A,D,B,C,D,C,B,B,C,B,C,A,C,D,C,B,D,A,A,B,D,D,B,C,A,B,C,C,B,B,C,D,C,D,D,C
19007611-3,B,A,D,,D,D,C,C,B,B,,C,A,,A,,C,D,B,D,,C,D,C,,D,B,B,D,C,C,,,B,,A,,,,A,D,C,D,B,D,D,D,A,,C,B,A,,,D,B,C,D,D,B
17022334-9,C,C,B,A,C,D,D,D,D,B,B,C,A,B,D,C,C,D,A,D,C,B,B,C,A,A,B,B,A,C,B,C,D,A,C,D,B,D,C,B,D,A,D,C,D,D,D,C,B,C,B,A,B,B,D,B,C,D,D,C
19782429-8,C,C,B,A,D,D,C,C,B,A,D,C,A,D,D,B,C,D,B,D,C,B,D,C,A,D,B,B,A,C,D,D,B,D,B,C,D,B,B,A,D,C,D,A,C,D,D,D,C,C,B,C,C,A,D,B,C,D,B,C
20318760-2,B,B,A,A,B,A,D,B,A,D,B,C,C,B,B,B,D,B,C,A,A,B,B,C,B,B,B,B,B,A,B,B,B,A,C,A,A,B,C,A,D,D,A,B,D,C,C,D,C,D,D,A,B,A,B,B,D,B,C,A
18089166-8,C,B,C,A,C,B,C,D,D,A,B,D,A,B,A,D,A,D,B,C,D,D,A,B,B,B,D,B,A,D,A,C,D,B,D,D,B,B,A,C,D,B,B,B,A,C,B,A,A,C,C,C,C,B,A,B,C,D,A,B
18167383-4,C,A,B,A,D,D,C,A,B,B,B,C,B,D,D,B,C,D,B,A,A,B,D,D,A,C,B,D,A,D,B,D,B,B,A,D,C,B,C,A,D,D,A,B,D,D,C,D,B,A,D,A,A,B,A,C,D,D,D,C
17431911-1,C,C,,A,,D,C,C,D,D,,C,A,C,D,A,C,D,,D,C,,D,A,A,,B,B,C,,B,,C,B,,D,B,D,B,D,D,B,B,B,C,,B,,A,C,B,A,C,B,B,B,,D,C,C
16214119-8,D,A,C,C,A,D,C,B,D,B,A,C,C,C,A,C,B,D,A,C,D,C,C,C,C,C,B,C,B,C,B,D,C,B,C,C,C,B,B,B,D,B,A,B,D,A,B,B,D,B,B,A,D,A,B,B,A,D,C,C
17957703-8,B,C,D,A,D,D,C,C,B,A,D,C,A,D,D,B,C,D,B,D,A,C,D,B,A,B,C,D,A,C,B,B,C,B,B,B,C,B,D,A,D,B,D,B,D,D,B,B,A,B,B,A,C,B,D,B,C,B,D,A
18864215-2,D,C,B,A,,D,C,C,C,B,,C,C,C,D,C,C,D,B,A,D,D,C,C,C,,,C,,,,B,B,,C,C,A,,,A,D,C,D,B,D,B,B,C,A,C,C,A,C,B,A,A,C,D,A,C
12226530-7,C,B,B,A,C,D,C,C,C,C,B,D,C,B,D,B,C,B,A,C,D,A,B,D,A,D,A,D,B,B,B,C,B,B,C,C,B,B,C,D,D,C,A,B,D,C,B,C,D,B,B,A,A,A,B,B,C,D,C,B
16375849-0,C,A,A,A,D,D,C,C,B,B,B,C,A,B,A,D,C,D,B,D,C,B,D,C,A,D,B,B,A,D,D,C,B,C,,A,A,D,B,C,D,B,A,B,D,D,,D,A,A,D,,C,,D,A,C,B,A,C
18353637-0,B,A,B,A,D,D,C,B,D,B,B,C,A,D,D,B,A,D,B,D,C,D,D,B,A,C,B,B,D,B,B,D,C,B,D,B,C,B,C,B,D,C,C,B,D,D,B,C,A,D,D,A,C,A,D,B,C,A,D,C
18551070-0,C,C,B,A,D,D,C,C,D,A,C,C,A,A,D,B,C,D,B,D,C,D,D,C,A,A,B,B,C,C,B,B,B,C,B,D,A,D,B,A,D,D,D,B,D,D,B,C,A,B,D,C,C,B,D,B,C,D,D,C
19231973-0,B,A,D,C,D,A,C,C,B,B,A,C,A,B,A,B,D,A,B,A,B,B,A,B,C,C,B,B,A,C,A,D,B,B,B,C,D,D,A,B,D,A,A,B,D,D,C,C,A,C,B,A,D,A,A,A,A,C,C,C
18677200-8,C,C,D,,D,,C,C,D,B,D,C,A,C,,A,C,D,B,D,D,B,,D,,A,C,,A,B,B,,C,B,,B,,,,C,C,C,D,B,D,,,D,,B,B,,B,A,D,,,D,D,B
19283062-1,C,C,D,C,D,D,C,C,B,A,C,C,A,D,D,C,C,D,B,D,C,B,C,C,A,D,B,B,A,C,B,D,C,B,B,A,C,A,B,A,D,B,D,B,C,D,B,D,D,D,B,A,C,B,D,B,C,D,D,C
17708883-8,C,A,B,A,D,D,C,C,B,A,B,C,B,D,D,B,C,D,B,D,D,B,A,B,A,D,B,B,B,A,B,D,B,B,B,A,C,D,C,A,D,C,D,B,D,D,B,C,A,B,B,A,C,B,B,B,C,D,B,C
17675555-5,B,C,D,A,D,D,C,C,D,A,C,C,A,D,D,B,C,D,B,D,C,B,D,C,A,D,B,B,D,C,C,D,C,B,B,A,C,C,B,A,D,C,C,B,D,D,B,B,A,B,B,A,C,B,D,B,C,D,D,C
18967256-K,B,C,A,,B,D,,B,B,B,A,C,B,B,D,,A,D,,B,C,C,D,,A,D,,C,A,,D,D,B,B,C,B,B,D,B,,C,A,D,B,A,,B,D,D,C,C,C,,,D,C,,B,C,B
18682223-4,C,A,D,C,D,D,C,B,B,B,B,B,B,D,D,A,D,D,B,D,C,D,D,D,B,C,B,C,B,D,B,B,B,B,B,B,D,D,C,B,D,C,A,B,D,C,B,D,A,B,C,A,A,A,D,C,B,B,D,B
17495026-1,B,A,A,A,D,D,A,A,B,B,C,C,C,C,C,B,C,D,B,A,B,D,D,D,A,D,B,B,D,C,D,D,C,B,D,A,C,D,B,B,D,A,B,B,C,D,B,A,A,C,B,A,B,A,D,A,D,A,D,C
19740323-3,A,C,B,C,D,D,C,C,D,A,C,C,A,D,D,A,C,D,B,B,C,B,D,A,B,C,C,B,A,A,B,B,B,B,B,B,D,B,A,A,D,D,D,B,C,C,D,A,A,A,B,A,C,B,B,B,C,D,D,C
18670463-0,B,C,D,A,D,D,C,C,D,A,D,C,A,D,D,B,C,C,B,D,C,D,D,B,A,C,A,B,D,D,B,C,B,B,A,D,B,B,A,B,B,,,B,,C,B,C,B,C,B,A,,A,,D,,D,,C
14143634-1,A,A,D,A,B,B,A,C,B,D,B,D,A,B,B,B,C,A,A,A,B,B,,D,B,B,,B,C,B,B,D,C,B,,B,D,B,,A,A,C,A,B,D,D,,D,,B,C,C,A,D,D,A,C,D,D,B
16349224-5,C,C,A,A,D,D,C,A,B,A,A,C,A,D,C,D,C,D,B,D,B,B,B,A,A,A,B,A,A,C,D,B,B,D,D,D,A,B,A,B,D,D,A,B,D,D,A,D,B,B,B,C,C,B,A,B,C,B,B,B
19113403-6,B,C,A,A,D,D,C,C,B,A,D,C,A,C,A,B,C,D,B,D,C,B,C,C,A,D,B,B,A,C,D,D,D,A,B,A,C,D,B,A,D,C,A,A,A,D,B,C,C,A,C,C,C,B,D,D,C,D,D,C
19695912-2,B,C,B,A,D,D,C,C,D,A,C,C,A,C,D,B,C,D,B,D,A,B,D,C,A,C,B,B,A,C,B,D,C,B,C,A,C,B,B,A,D,A,B,B,C,A,B,C,D,C,C,A,C,B,D,B,C,D,D,C
18641019-K,B,C,B,A,D,D,C,C,D,A,C,C,A,B,D,B,C,D,B,D,C,D,D,C,A,D,B,B,D,B,D,D,C,C,B,A,B,C,B,A,D,A,D,B,D,D,B,D,A,B,D,A,C,A,D,B,C,D,D,D
18636600-K,D,C,B,,D,,C,C,B,B,,C,A,D,D,C,C,D,B,D,D,,,,,C,A,B,A,,D,B,B,,,B,D,B,,A,D,C,A,B,C,D,B,A,A,B,C,A,C,B,D,B,C,,D,C
18343992-8,B,C,B,A,D,D,C,B,D,A,C,C,A,D,D,B,C,D,B,D,C,D,D,A,A,D,B,B,D,C,D,D,C,A,D,A,C,B,B,A,D,C,D,B,C,D,B,D,A,C,D,A,C,B,D,B,C,D,D,C
18485198-9,D,B,D,,A,A,A,C,D,,,C,B,B,B,A,C,C,B,A,B,D,B,C,B,D,A,D,D,C,D,C,,D,B,B,C,C,C,A,A,A,B,B,D,,B,C,A,C,D,C,D,B,B,C,B,A,C,B
17700280-1,C,A,C,C,A,C,C,C,B,C,C,C,A,B,D,C,C,B,B,D,B,B,B,D,C,D,B,B,B,A,B,C,D,C,B,A,C,B,D,C,D,B,A,B,C,D,B,C,A,B,D,A,C,B,D,B,C,D,A,C
18425082-9,C,A,,A,B,D,C,A,D,A,B,C,A,C,A,C,A,A,B,D,B,B,,,A,C,,B,A,,B,B,C,C,D,C,C,C,,A,D,D,B,,C,A,B,C,B,A,,B,A,B,D,B,,B,A,C
19922380-1,C,A,D,A,B,B,B,B,B,B,B,C,B,D,D,B,B,B,B,B,B,B,B,B,B,B,B,B,B,B,B,A,C,B,A,B,B,B,B,A,D,C,B,B,D,B,C,A,A,B,D,A,D,B,D,A,C,D,D,A
19154808-6,,C,,,,D,A,C,D,,,D,C,C,D,,,B,B,D,,B,,,,,,,,,,,C,,,,,D,,,,,,,,,,,,,,,,,,,,D,A,D
18663934-0,C,A,B,A,D,D,C,C,B,A,B,C,A,D,D,B,C,D,B,D,B,B,B,B,A,D,B,B,D,D,D,D,A,B,B,A,C,D,B,A,D,D,D,B,D,C,B,D,A,B,A,A,C,B,D,C,C,D,B,A
19335949-3,C,C,B,D,C,D,C,C,B,A,C,C,A,B,D,C,C,A,B,D,C,B,A,B,A,C,B,B,A,C,B,D,C,C,B,A,A,B,C,A,D,A,D,B,D,B,D,B,A,B,B,C,B,B,D,D,C,D,B,C
18653731-9,C,C,B,A,C,D,C,B,C,A,,D,B,B,B,B,D,D,B,C,C,D,D,C,,D,B,B,B,C,B,C,B,B,B,A,C,,,C,,,,,,,B,,,,,,C,D,D,B,,,,
18550565-0,C,A,A,C,B,C,C,D,B,B,B,C,C,C,A,D,C,D,B,B,C,B,A,C,A,D,D,B,A,C,C,B,C,C,D,D,A,C,C,A,B,D,C,B,D,C,D,D,A,C,D,C,C,A,A,C,C,D,C,A
19518919-6,C,A,B,B,B,D,D,B,B,C,B,C,B,B,D,C,C,A,B,B,A,B,B,D,C,B,B,C,B,D,B,B,A,B,A,B,C,C,C,B,D,D,D,B,B,C,B,C,D,C,C,A,B,A,B,B,C,D,D,B
19245145-0,B,A,B,A,D,D,C,C,D,B,B,C,,B,D,C,A,A,,D,A,B,D,C,,C,,B,,,B,B,B,A,B,A,C,,,A,,,B,B,D,,B,C,A,C,C,,C,,D,B,,D,,D
18399305-4,A,A,,,,,C,C,D,A,,C,B,D,D,C,C,A,B,A,C,D,D,C,A,C,,,A,C,B,D,C,B,D,A,B,C,,B,D,B,D,B,D,D,B,C,C,B,B,B,,B,,B,C,D,D,C
19104688-9,C,B,,B,C,,C,B,C,,,D,C,B,B,,C,D,B,C,A,,D,,B,,,B,D,B,D,C,C,B,B,,,B,,C,,D,A,B,D,D,,B,,C,,A,,,D,B,,D,,D
18860135-9,B,C,,A,D,D,C,A,C,A,,C,A,D,D,C,A,,B,D,C,B,D,C,,D,,B,B,,D,,C,A,C,,C,D,,B,D,,D,B,D,,B,C,A,,B,A,C,B,,B,C,D,D,A
17603950-7,C,A,A,A,D,D,C,C,D,A,B,C,A,B,D,A,C,B,B,C,C,B,C,D,A,C,B,B,A,B,C,D,B,A,C,A,B,C,B,B,D,D,A,B,C,B,B,D,A,A,C,C,C,B,C,C,C,A,C,C
19223361-5,C,A,D,,D,,C,C,B,,A,D,A,A,D,B,D,,B,C,D,C,D,B,A,A,C,B,A,A,B,D,B,A,C,B,C,C,,B,A,C,B,,,,,,,,,,,,,,,,,
18941182-0,C,A,,,D,D,C,,B,A,,C,A,D,D,C,C,D,B,C,D,,D,C,A,,B,B,,,B,C,B,,C,B,C,D,,,D,C,D,B,D,D,A,D,A,C,B,A,C,B,D,B,C,D,,C
17954841-0,A,C,B,A,D,A,C,C,D,B,C,C,A,D,D,A,A,D,A,D,B,B,B,C,C,A,A,B,A,B,B,D,C,A,D,A,B,B,A,A,D,D,A,B,D,C,D,D,C,B,B,A,C,B,D,B,C,A,B,A
18977562-8,C,C,D,A,D,D,A,C,D,D,B,D,B,C,A,B,A,D,B,A,A,D,A,B,A,D,B,B,A,B,D,B,B,B,C,C,A,B,A,D,B,D,B,B,B,C,B,B,D,A,C,A,B,A,D,B,C,A,D,B
8099024-3,C,A,C,A,B,B,C,D,A,A,B,C,A,D,D,A,C,D,A,D,B,B,D,C,A,C,B,C,A,A,D,B,B,B,D,A,A,D,B,A,D,D,C,B,D,D,B,D,B,B,C,C,C,B,A,C,B,A,C,C
18670580-7,B,C,A,A,A,D,C,C,D,A,C,C,A,C,D,B,C,D,B,C,C,B,D,D,B,B,B,B,D,A,B,D,C,B,D,B,B,B,C,B,D,D,D,B,D,D,B,B,B,B,C,A,C,B,A,A,C,D,D,C
18967482-1,B,C,B,A,D,D,C,C,D,A,D,C,A,C,D,B,D,D,B,D,C,B,D,C,B,C,B,B,A,C,D,D,C,A,C,A,C,B,D,A,D,C,A,B,D,D,B,C,D,C,B,A,C,B,D,B,C,D,D,C
17461591-8,D,B,A,A,D,A,D,A,B,D,A,D,C,B,D,C,C,D,B,A,A,A,D,C,C,D,B,D,B,B,A,D,C,B,B,D,A,D,B,A,D,B,D,C,D,C,C,D,B,B,B,B,D,B,B,B,D,B,B,C
19666783-0,D,A,B,B,B,A,A,A,C,C,B,C,A,C,D,C,A,D,B,A,B,B,B,A,A,B,B,B,D,D,A,D,B,B,C,B,A,D,C,A,D,C,A,B,C,C,C,D,A,A,A,D,A,B,A,C,C,D,D,A
19837680-9,B,C,A,A,D,D,C,C,B,A,C,C,A,D,D,C,C,D,B,,A,B,D,C,A,B,,B,A,C,B,D,C,B,B,A,,D,B,B,,C,D,B,C,,C,C,A,C,B,B,C,,D,B,C,D,D,
16626802-8,B,C,A,A,D,D,C,A,D,A,B,A,A,B,D,B,C,D,B,D,D,D,C,D,A,D,C,C,A,C,B,A,A,B,D,D,A,D,B,D,D,B,D,B,C,D,B,C,B,B,D,A,C,B,A,B,C,D,D,C
18145482-2,C,A,B,A,C,D,C,D,D,B,C,C,A,D,D,B,C,D,B,D,C,B,D,C,A,D,B,B,A,C,D,D,C,B,B,A,C,B,B,A,D,C,D,B,D,D,B,C,D,B,B,A,C,B,D,B,C,D,C,C
18323575-3,C,A,D,A,C,B,C,C,B,A,C,C,A,D,A,B,C,A,B,D,A,B,D,C,A,A,B,B,A,C,C,B,C,C,C,D,C,A,B,A,D,B,B,B,D,B,D,C,C,C,D,B,C,B,D,B,D,D,D,C
18906138-2,C,A,D,A,D,C,C,C,B,A,,C,A,D,D,A,,,B,D,C,B,,,,,,,,,D,,C,A,A,D,B,,,D,D,A,D,B,D,A,B,B,A,C,D,A,A,B,A,A,C,D,A,C
19446436-3,C,A,D,C,D,A,C,D,B,B,B,B,A,A,D,D,A,D,B,,D,A,D,D,B,B,D,,A,C,B,C,B,B,B,D,D,D,,B,C,A,B,B,D,D,A,C,,A,B,D,C,,D,D,B,D,C,A
18517095-0,C,C,B,A,,,C,C,B,B,A,C,C,D,D,,C,C,A,D,A,A,B,,,D,C,,A,,D,D,C,D,,D,,,,B,D,D,A,,D,,B,D,,,B,,D,B,D,B,C,D,D,C
19828210-3,B,A,D,A,D,,C,C,,A,,C,A,B,A,A,C,D,B,,C,C,C,A,A,,,,A,,B,C,B,,B,A,A,D,,A,D,C,D,B,D,D,B,A,A,B,A,,B,,D,B,C,D,C,C
16236513-4,A,D,B,,D,B,C,C,B,,,D,C,B,A,,A,D,B,A,B,D,A,A,,A,,,A,B,B,D,C,,B,,A,,,B,D,C,A,B,D,,,D,A,,A,C,,,D,,D,D,,C
17733073-6,C,A,B,A,D,D,C,C,D,A,C,C,A,D,D,B,A,D,B,D,C,B,D,C,A,D,A,B,C,C,D,D,C,B,D,A,C,C,,A,D,D,B,B,D,D,D,C,C,C,B,A,C,D,C,A,,D,D,C
17307982-6,C,A,A,A,D,D,C,A,B,C,C,C,A,D,D,B,C,D,B,D,D,B,B,C,B,B,D,B,B,C,C,B,C,B,C,C,A,C,B,A,D,C,A,B,D,C,B,C,D,C,C,C,B,B,D,C,B,B,C,C
19300139-4,A,A,D,D,D,,C,B,B,D,C,C,B,D,C,B,C,A,B,D,C,B,A,D,B,B,A,B,A,B,B,B,C,D,A,A,A,C,C,B,D,A,C,B,D,B,D,C,A,B,B,A,A,A,D,C,C,A,B,D
17478858-8,C,C,B,A,D,D,C,C,D,B,D,C,A,D,D,B,D,D,B,D,A,D,D,,A,D,B,B,A,D,A,C,C,B,C,B,B,B,B,D,C,C,A,B,D,D,,C,,C,B,A,C,D,C,D,C,D,,D
16379030-0,C,A,A,,,D,C,,,A,,C,,D,D,A,C,D,,,,B,,,,,,,,C,C,,,,,,,,,B,D,D,,,,,,,,,,,C,,D,,C,D,,
17991898-6,C,C,C,A,D,D,C,B,D,A,C,A,A,D,D,D,C,D,D,C,A,C,D,D,B,B,B,D,A,B,C,C,B,D,A,A,C,D,C,A,B,C,C,B,D,C,B,C,B,C,C,A,D,B,D,A,C,D,C,C
19466610-1,C,A,B,A,D,D,C,C,C,A,D,C,A,B,C,A,A,D,A,D,D,B,B,A,A,C,B,B,A,B,B,D,D,D,C,B,D,D,A,A,D,A,B,B,D,C,B,C,A,B,D,D,A,B,D,B,C,D,D,B
19245161-2,C,A,,,C,C,C,C,D,D,,C,A,B,D,B,,D,A,D,D,B,D,,A,A,,,A,,D,C,,C,,A,D,,,A,C,A,B,,A,,D,,A,C,,A,,,D,B,,,,
18119378-6,C,C,A,D,D,D,C,C,B,A,B,C,A,D,D,B,C,D,B,D,C,D,D,C,A,D,B,B,A,C,B,D,C,B,C,A,C,D,B,D,D,C,D,B,D,D,B,A,A,B,C,A,C,B,D,B,C,A,D,C
19906340-5,D,A,A,C,D,C,C,C,D,B,C,A,B,D,D,A,A,C,B,D,D,B,D,B,C,B,B,B,A,D,A,B,A,C,C,B,C,C,C,B,D,C,B,D,B,C,C,D,C,A,C,C,C,B,C,A,C,D,B,A
18960404-1,A,A,D,A,D,,C,C,B,C,C,C,B,D,A,A,C,B,B,,B,C,D,A,C,B,A,C,B,D,B,,C,A,C,D,A,C,D,A,,D,B,D,D,B,D,C,A,A,D,C,A,A,D,C,C,D,A,C
18128417-K,C,C,D,A,D,D,C,C,D,A,C,C,A,D,D,B,C,D,B,D,C,B,D,C,B,D,B,B,D,D,B,C,C,B,C,A,C,B,B,A,D,C,D,B,D,D,B,D,A,B,B,A,C,A,D,B,C,D,D,C
18946050-3,,,,,D,D,C,C,B,,,C,A,,,,,D,,C,D,B,A,B,A,,,C,C,,B,D,C,B,,D,,B,,A,,D,D,B,D,,B,B,,C,B,,,,,,,,,
17648157-9,C,C,A,B,D,C,C,C,A,B,C,C,B,B,D,D,C,A,A,A,B,A,D,B,C,B,A,D,B,D,D,C,D,C,D,A,C,C,,A,D,C,B,B,D,D,A,C,C,B,B,D,C,B,,B,,D,,C
11885618-K,C,A,D,A,,D,C,,,,,,,D,,A,,,B,,,,,,,C,A,,D,,B,,,,,,A,,,A,D,B,B,,C,,,,,C,,,,,,A,,D,D,
19287835-7,B,C,B,C,B,,C,C,D,B,C,C,A,D,D,D,C,D,B,D,D,C,D,C,,B,B,B,A,,B,,C,A,A,A,C,C,,A,D,B,D,B,D,D,A,C,C,C,C,A,C,B,D,B,C,D,C,C
19223870-6,C,C,B,A,D,D,C,C,D,A,B,C,A,C,D,A,C,D,A,D,A,B,A,C,A,B,B,B,A,C,C,A,C,B,B,B,B,D,A,B,D,D,A,B,D,C,C,A,D,C,C,C,C,D,D,B,C,D,D,C
17292444-1,C,A,D,C,D,D,C,C,B,A,B,C,A,B,D,B,D,D,B,D,,C,D,B,A,C,,B,,,C,D,B,B,,A,B,B,,B,D,,B,B,D,C,,,,,,A,C,,D,,,D,D,D
18882110-3,C,A,D,A,D,D,C,D,B,A,A,C,A,D,D,B,C,D,B,D,D,D,D,,A,D,B,B,A,,D,D,B,B,B,A,C,B,,A,C,A,D,B,D,D,B,D,A,C,B,A,C,A,D,B,D,B,,C
18065079-2,,A,A,,,,,,,,,,,,,,,,,,,,,,,,,,,,,,,,,,,,,,,,,,,,,,,,,,,,,,,,,
19608183-6,A,A,D,A,C,D,C,C,B,A,D,C,A,D,D,A,C,D,B,D,C,B,D,B,A,B,B,B,A,B,B,D,D,B,A,A,B,B,B,A,D,D,D,B,D,D,C,D,A,C,B,A,C,B,D,B,C,D,D,C
19209652-9,D,C,B,A,A,C,C,C,B,B,A,C,A,B,D,A,A,D,A,B,A,D,D,A,A,B,B,B,C,B,A,B,B,B,B,D,C,B,B,B,D,C,C,B,D,C,A,D,A,A,C,C,A,B,D,B,C,D,B,B
12679390-1,B,C,A,A,D,D,C,C,D,A,C,C,A,C,D,B,C,D,B,D,B,B,C,B,A,D,B,B,A,C,B,D,C,B,D,A,C,B,B,A,D,C,D,B,C,D,B,C,A,B,D,A,C,B,D,B,C,D,D,C
18701222-8,A,C,B,A,A,D,C,C,D,A,C,C,B,B,A,C,C,C,B,D,A,A,C,D,A,C,C,D,A,B,B,D,D,A,D,D,A,D,C,B,D,D,D,B,D,C,B,D,A,B,B,A,A,D,D,B,C,A,D,C
18789972-9,C,A,B,A,B,D,C,C,D,D,C,C,A,B,A,B,C,D,B,B,C,B,D,C,A,A,B,B,A,C,B,D,B,C,B,D,C,C,A,B,D,D,A,B,D,D,B,C,A,B,C,A,A,A,D,B,C,D,D,C
21833349-4,C,C,B,D,,D,C,A,B,A,,C,C,C,D,B,D,D,B,D,A,C,D,D,,A,,A,B,,,,,,,,A,B,,D,,,B,B,,,B,,,B,C,C,C,,C,,,D,,
19068607-8,B,A,C,B,D,B,C,B,D,A,B,C,C,C,A,B,B,B,A,C,D,B,C,C,B,B,C,B,A,B,C,D,B,D,D,D,C,D,A,B,A,B,D,B,C,B,C,D,A,B,B,C,C,B,B,D,C,D,D,B
14399679-4,C,B,B,D,B,C,,C,B,D,B,B,C,D,B,A,C,D,B,D,D,C,D,B,B,D,B,B,C,B,A,B,D,B,B,B,B,D,B,A,D,B,,,D,D,,C,B,B,B,B,D,B,D,,C,,C,B
18354995-2,C,A,A,C,D,D,C,C,D,B,B,C,A,B,D,B,C,D,B,A,D,D,D,A,B,C,B,B,C,A,D,C,C,A,C,C,D,C,C,B,D,C,A,A,D,C,B,D,B,D,C,C,A,A,C,D,B,D,D,C
19008589-9,C,C,D,A,D,D,C,C,D,B,A,C,A,B,D,C,C,D,B,D,C,C,D,A,A,C,C,B,D,C,B,D,C,B,A,A,D,B,C,A,D,C,C,B,D,D,C,C,A,C,B,A,C,A,D,B,C,D,D,D
19010251-3,B,C,D,A,D,C,C,C,D,A,D,C,A,D,D,A,C,D,B,D,D,B,D,A,A,C,B,B,A,B,B,D,C,C,C,A,C,D,B,C,B,A,A,B,D,C,B,B,A,B,B,A,C,D,D,A,C,A,D,C
18329803-8,C,C,D,A,D,D,C,B,D,A,B,C,A,D,D,B,A,D,B,D,D,B,C,C,A,D,B,B,D,C,D,B,C,B,B,A,C,B,B,A,D,C,D,B,D,D,C,C,C,B,B,A,C,B,D,A,C,D,D,C
18843576-9,,A,C,,A,A,A,,B,B,B,C,A,B,D,A,A,A,A,B,D,A,,D,A,C,B,B,C,,C,C,C,A,B,C,D,,,C,,D,C,C,C,B,B,,,C,,,B,,,D,C,A,C,C
19259954-7,B,C,A,A,D,D,C,C,D,A,A,C,A,D,D,B,C,D,A,D,B,B,B,C,C,D,B,D,B,C,D,D,B,B,C,A,C,B,B,A,D,B,A,B,D,D,B,C,A,B,B,B,C,B,D,B,C,D,D,D
18393398-1,B,A,B,A,D,D,C,A,B,B,B,C,A,D,D,B,D,D,B,D,A,D,C,B,A,D,A,C,B,C,B,B,C,A,A,B,B,B,C,A,A,C,D,B,D,D,B,C,A,C,A,A,D,A,C,B,A,D,C,B
19043862-7,B,A,D,A,D,D,D,C,B,B,A,B,A,B,A,B,B,A,A,C,A,B,A,B,C,C,B,B,A,C,C,B,B,B,B,C,D,B,A,B,D,C,B,B,D,C,C,C,A,B,D,A,B,C,D,D,C,D,B,D
9744708-K,C,C,D,A,C,D,C,C,D,C,,C,A,B,D,A,C,D,B,D,,B,,B,A,D,C,B,D,C,D,D,C,B,,A,,B,C,A,D,D,D,B,C,C,C,C,,C,,,A,,,B,C,A,,
11185826-8,C,C,D,A,C,B,C,C,D,A,B,C,A,D,D,C,D,D,B,D,A,B,C,A,B,C,A,B,A,C,D,C,C,B,C,A,D,B,B,C,D,B,D,B,D,D,B,C,D,B,B,C,C,B,D,B,B,D,D,C
18707668-4,C,A,A,C,D,D,C,C,B,A,B,C,C,D,D,B,D,C,B,D,C,B,D,B,A,D,B,D,B,C,D,D,C,B,C,B,D,B,C,B,D,D,A,B,D,D,B,A,C,A,B,C,A,B,D,B,C,D,A,C
17182581-4,A,A,B,A,D,D,C,C,D,A,C,D,C,C,D,D,C,D,B,D,D,B,B,C,B,B,B,B,A,B,B,B,C,B,C,A,A,D,D,B,D,D,D,A,D,D,B,D,A,B,D,C,B,B,D,C,D,D,A,C
18669239-K,B,C,C,A,A,D,C,C,D,C,C,C,A,D,D,B,C,D,B,D,C,B,C,A,A,C,B,B,B,C,B,D,B,C,C,A,A,B,A,A,D,D,D,B,D,D,B,C,A,B,C,A,C,B,D,B,C,D,D,C
22514674-8,A,C,C,,,A,C,C,B,C,,C,A,C,D,,C,D,B,,,B,,,A,D,B,B,D,B,C,D,C,B,,D,C,,B,B,B,C,D,D,A,D,B,C,D,A,C,C,C,B,D,C,,D,C,C
18540563-K,C,A,D,A,D,D,C,C,B,B,A,D,B,D,D,D,C,A,B,A,D,C,A,D,A,B,C,B,A,C,D,A,C,B,D,C,A,D,B,D,A,D,D,B,D,,,C,,,B,A,C,,D,C,C,D,D,B
18477938-2,C,C,,A,,D,C,C,D,,,C,,D,C,B,,,,D,B,C,,A,,D,C,B,A,A,C,,C,B,,A,B,D,,B,D,D,D,B,C,,D,D,B,B,,,B,B,B,A,,A,C,
18628534-4,C,D,A,B,A,D,C,C,B,D,C,C,A,B,D,C,C,D,B,D,C,D,A,B,A,D,B,B,A,C,B,,C,B,,A,,D,B,B,D,C,A,B,C,B,,A,C,,,C,C,,D,B,,D,D,C
19309302-7,C,C,B,A,D,D,C,C,D,A,C,C,A,C,D,B,C,D,B,C,C,A,D,B,A,A,B,B,A,C,D,D,B,C,B,A,A,D,B,A,D,C,D,B,D,D,B,,A,C,A,A,,,,B,C,D,D,D
17612171-8,B,C,B,A,D,D,C,A,D,C,D,D,A,C,D,B,C,D,B,C,A,B,D,C,A,D,B,B,D,C,D,D,C,B,D,A,C,B,C,A,D,C,A,C,D,D,B,A,A,B,B,A,A,B,D,B,C,D,D,C
15379034-5,C,A,D,A,D,D,C,B,C,A,C,C,A,D,A,B,C,D,B,D,B,A,B,D,A,B,B,C,B,C,C,D,A,D,C,A,C,B,C,A,D,D,A,B,D,D,C,C,C,C,D,A,D,B,D,A,C,D,D,C
19306928-2,C,C,D,B,D,D,C,C,B,A,B,B,D,B,D,B,C,D,D,B,D,C,D,D,A,C,A,B,C,C,A,B,D,B,C,C,B,B,B,A,D,C,D,B,D,D,B,C,A,D,C,A,C,B,D,B,C,D,C,C
19519837-3,C,D,B,D,D,D,C,C,D,A,D,D,A,B,D,C,C,D,C,B,A,A,A,C,B,B,B,C,A,B,B,D,C,D,B,D,B,B,A,A,D,D,A,B,C,D,A,C,A,C,A,A,D,B,A,D,A,D,D,C
15614240-9,B,C,,,,,C,,D,,,C,D,B,D,,C,D,B,D,D,C,A,,A,D,,,A,,B,,,,,C,B,B,,B,,A,,D,A,,,D,,,A,,C,,,,C,,D,
18784160-7,C,C,B,D,D,C,C,C,B,A,B,C,A,C,A,B,C,D,A,C,A,D,D,B,A,B,B,C,A,B,D,B,B,B,B,D,B,D,C,B,D,D,A,B,D,B,B,D,A,D,B,A,A,A,A,B,B,D,C,C
19742335-8,B,A,D,A,D,D,C,C,D,A,B,C,A,B,D,A,D,D,A,A,B,C,D,B,B,C,B,B,B,C,B,C,B,B,C,A,C,D,C,A,C,D,A,A,C,C,A,D,A,A,C,B,B,B,B,C,B,D,A,C
19528040-1,C,A,B,A,A,D,C,A,B,B,A,C,A,C,D,B,C,D,B,B,B,B,D,C,A,B,B,B,A,B,D,D,B,C,C,A,C,D,B,B,D,C,A,B,B,B,B,D,A,B,B,A,A,A,A,B,B,D,D,A
14174647-2,C,C,A,A,D,D,C,C,D,C,A,C,A,B,D,B,C,A,C,A,C,B,B,A,A,C,B,B,D,C,D,D,C,B,C,A,C,B,B,A,D,D,A,B,D,D,B,A,A,B,D,A,C,B,B,A,C,D,D,C
18740774-5,D,C,B,B,D,D,C,C,B,A,B,C,A,A,A,B,C,A,D,C,B,B,B,C,A,C,C,B,A,C,D,D,D,B,A,A,C,B,B,A,D,C,D,B,D,D,C,C,A,B,B,A,A,B,D,B,C,D,C,C
19094033-0,C,C,D,C,D,D,D,C,B,B,A,C,A,D,D,B,C,D,B,D,D,D,D,D,B,C,C,A,A,C,B,D,C,A,C,D,D,D,A,A,D,C,A,B,D,D,B,C,A,B,A,B,B,B,D,B,C,D,D,C
18954237-2,B,C,B,A,D,D,C,C,D,A,,C,A,D,D,B,C,D,B,D,C,B,B,C,A,D,,B,B,D,B,D,C,C,B,A,D,B,B,A,D,C,D,B,D,D,C,C,A,C,B,A,A,A,,B,C,B,,B
19106048-2,B,B,B,A,B,C,C,C,B,D,D,C,C,B,D,A,C,D,B,B,A,B,D,,A,B,C,D,A,C,B,A,B,D,,B,B,,,A,B,A,A,B,D,,C,D,C,C,B,A,,,D,B,D,A,,C
19491937-9,C,A,A,A,C,D,C,C,D,A,C,D,A,B,D,B,C,D,B,D,C,C,D,B,A,D,B,B,C,B,C,D,B,C,C,C,C,B,B,B,D,D,A,B,D,B,B,D,C,A,A,B,C,B,D,C,C,D,C,C
18902533-5,B,C,B,A,D,D,C,C,D,A,C,C,A,D,A,B,C,D,B,D,C,B,D,C,A,D,B,B,D,A,B,D,A,C,B,A,C,C,B,A,D,D,C,B,D,D,B,D,A,B,B,C,C,B,D,B,C,D,D,C
18748472-3,C,C,B,A,D,D,C,A,B,C,A,C,A,B,D,A,C,D,B,D,D,B,A,B,C,C,A,C,A,D,D,B,C,A,B,C,A,D,D,B,D,D,A,B,D,D,B,C,A,C,B,A,B,B,C,A,C,D,D,C
17921048-7,B,C,D,A,D,D,C,B,D,B,,C,B,D,D,B,A,D,B,D,C,B,B,B,A,D,B,B,D,,,C,B,C,B,D,D,D,B,B,D,D,D,B,D,B,C,A,D,B,C,C,,,,,C,,,
17249658-K,C,C,B,A,D,D,C,B,B,A,C,C,A,C,D,B,C,D,B,D,D,B,A,A,A,D,A,B,D,C,D,D,C,B,B,B,C,D,B,A,D,D,A,B,C,D,B,C,A,B,A,C,C,B,D,D,C,D,D,C
17958391-7,C,C,D,A,D,D,C,C,B,A,C,C,A,D,D,B,C,D,B,D,C,B,D,C,A,C,B,B,D,C,D,D,C,B,A,A,C,B,B,A,D,D,D,B,D,D,D,B,A,C,B,A,C,B,D,B,C,D,D,C
10872674-1,B,B,,C,,D,D,D,B,B,,D,A,B,A,D,,C,,D,,C,A,,,B,C,C,A,D,B,D,B,A,,D,C,,,,,,,,,,,,,,,,,,,,,,,
19023992-6,,C,D,A,D,D,D,C,B,B,A,C,A,C,D,B,C,D,B,,,B,,C,A,D,,B,,,B,B,C,B,,C,A,D,,A,D,D,,C,D,,B,C,,,C,A,B,B,B,B,C,D,D,
19179176-2,D,A,D,A,D,D,A,A,D,D,C,B,C,B,D,B,A,B,B,C,B,C,A,A,A,D,C,C,C,D,B,B,C,B,B,B,D,B,B,B,D,D,A,B,D,D,D,A,D,A,B,C,C,B,B,D,C,C,C,C
19601089-0,A,A,B,C,B,D,C,A,B,C,B,D,D,C,C,C,A,B,B,D,D,B,D,B,C,D,A,B,A,D,B,D,C,B,A,A,A,B,A,D,D,B,D,D,C,B,B,B,A,D,C,C,C,B,D,B,C,D,D,B
16355475-5,C,A,D,A,D,D,C,C,B,A,D,A,,D,D,,C,,,,B,C,A,,,A,,B,A,D,D,D,B,C,,A,A,,,,,,,,,,,,,,,,,,,,,,,
19433162-2,C,C,D,A,D,A,C,A,D,D,B,C,A,B,D,A,A,D,B,C,B,B,B,D,B,C,B,B,A,B,D,D,C,B,C,D,B,D,C,A,D,B,A,D,D,D,B,C,C,A,A,B,C,A,C,B,D,D,C,C
19225331-4,,A,D,A,,D,C,C,C,A,B,C,A,C,D,,C,D,B,A,C,C,D,C,A,D,B,,D,,D,B,A,B,A,A,A,,B,B,D,,D,,A,,,B,,,B,,,,D,C,,D,,C
18705741-8,C,C,B,A,D,D,C,C,B,A,C,C,A,D,A,B,C,D,B,D,C,B,D,C,A,A,B,B,A,C,B,D,B,B,B,A,C,B,B,C,D,C,D,D,D,D,B,A,A,B,B,C,C,B,D,B,C,D,D,C
17432882-K,D,D,C,A,D,B,C,C,B,D,B,D,A,D,D,C,C,D,C,A,B,B,B,C,C,D,B,C,A,A,A,C,D,D,B,B,D,B,A,A,C,D,A,C,D,D,D,D,C,C,C,A,B,C,C,A,C,C,C,C
15178457-7,B,B,A,A,D,A,D,C,D,B,B,C,C,D,D,B,D,D,A,A,A,B,B,A,A,B,C,D,B,D,C,A,C,A,B,D,D,B,C,D,A,D,D,B,D,C,C,D,A,D,D,A,A,A,A,A,B,A,D,A
18873264-K,A,A,,A,,D,D,C,C,B,B,C,A,B,D,B,C,D,D,A,D,B,A,A,A,B,B,B,A,,C,C,C,A,,C,C,B,A,A,D,B,A,B,C,C,B,C,,C,D,A,B,B,A,C,C,D,D,B
18575901-6,B,A,C,D,D,D,C,C,D,B,C,C,B,C,D,B,C,C,B,D,B,C,D,D,B,B,A,B,B,D,B,C,C,A,,A,B,C,B,A,D,A,A,B,D,D,B,C,A,B,B,A,C,,C,B,C,D,D,C
19837681-7,C,,D,,B,D,C,,B,A,,C,A,C,D,B,C,D,B,D,A,D,D,C,A,A,,B,,C,D,D,A,,A,C,A,B,,B,D,C,,B,D,,,A,,,,,,,C,B,A,A,B,
17442268-0,B,A,D,A,D,D,C,D,B,A,C,D,C,C,D,B,C,B,B,C,D,A,D,A,A,C,C,C,A,B,D,B,D,B,B,B,B,B,A,B,D,D,B,A,D,D,B,C,C,C,D,C,C,A,D,C,C,D,D,C
16040912-6,C,C,B,A,D,C,C,D,B,C,C,D,C,C,D,B,C,D,B,B,D,B,A,D,C,D,A,B,B,B,B,B,C,B,B,C,C,B,A,C,D,B,B,D,C,C,D,C,C,C,C,B,B,B,A,C,C,D,D,A
19316621-0,A,A,D,D,A,B,D,C,D,C,A,C,B,B,D,B,C,D,D,D,D,D,D,D,D,D,D,D,D,D,B,D,B,D,B,B,B,B,D,B,D,D,A,B,D,C,C,D,C,B,C,A,D,D,B,D,D,D,D,C
19184421-1,D,A,D,,D,D,,C,D,A,B,C,A,B,D,B,C,D,A,D,A,C,D,B,A,A,,B,A,A,D,C,C,C,A,A,B,D,,A,D,D,A,B,D,C,B,D,A,B,B,A,A,,D,B,C,D,D,B
19088018-4,B,A,B,A,D,D,C,C,D,A,C,C,A,D,D,B,C,D,B,D,A,B,C,C,B,C,B,B,B,B,D,D,B,C,A,A,D,D,B,A,D,C,A,B,D,D,B,C,A,B,A,B,C,B,D,B,C,D,D,C
19230227-7,C,C,C,A,D,D,D,B,D,A,C,C,A,B,D,C,C,D,B,D,C,B,B,B,A,C,B,B,B,C,D,B,C,B,D,C,C,B,B,D,D,A,A,A,D,D,B,C,A,C,D,A,D,B,D,A,C,D,D,C
17820236-7,C,C,A,,A,D,C,B,B,A,A,B,A,C,D,A,A,D,B,D,C,B,D,,B,A,B,B,D,A,D,,C,B,,A,,B,,B,,A,,B,D,,B,,A,A,,A,A,A,,,,,,
19035192-0,,,A,A,D,D,C,C,D,A,C,C,A,D,D,B,C,D,B,D,C,B,D,C,A,C,B,B,D,C,B,A,C,B,B,A,C,D,B,A,,C,D,B,D,D,B,C,D,B,B,C,C,,D,B,C,D,D,C
19526862-2,B,A,B,A,D,A,C,C,D,D,C,C,A,D,D,B,C,A,A,D,C,D,D,D,A,B,B,B,A,C,B,C,B,B,C,B,C,B,A,A,D,D,A,A,D,C,C,C,D,C,C,C,B,D,D,C,C,D,A,B
18038586-K,A,A,D,C,C,D,D,C,B,B,C,B,A,B,A,B,A,A,B,A,D,C,B,A,A,C,A,C,D,B,D,C,C,C,D,D,A,D,D,D,B,D,D,D,C,C,A,C,D,B,A,B,C,B,D,B,C,D,B,A
7190268-4,A,A,D,D,D,D,C,C,D,A,B,C,A,D,D,B,C,D,B,D,B,B,C,B,C,C,D,B,D,B,D,B,A,C,C,D,A,B,C,A,D,C,A,B,D,C,B,A,A,A,C,C,C,B,C,B,C,B,C,C
18722167-6,C,A,D,,A,D,D,B,B,,B,B,A,C,C,,C,,,D,C,,D,C,,C,,C,B,B,D,B,B,A,B,A,C,B,,A,D,D,B,B,D,D,D,D,A,C,B,D,,,,C,,,,
18573628-8,D,A,A,D,B,A,B,A,B,D,A,C,C,B,A,B,A,B,C,B,A,B,B,D,C,B,A,B,B,A,C,B,B,A,A,C,A,D,C,B,A,C,B,D,D,D,B,C,C,C,D,C,A,B,D,B,B,D,C,B
18544177-6,B,C,A,C,D,D,C,C,D,A,A,C,A,D,D,B,C,D,,D,C,B,D,C,A,,,C,A,C,B,D,C,B,B,A,B,D,B,A,D,C,A,B,C,D,B,,A,,,A,C,A,D,B,,D,,B
19376301-4,D,A,D,A,D,D,C,C,C,A,A,C,A,A,A,B,C,D,B,D,D,B,D,A,A,D,B,B,A,A,B,D,A,B,B,A,C,D,D,A,C,D,B,B,D,D,B,C,B,B,B,A,C,B,D,C,C,D,D,C
19173963-9,C,A,D,A,B,D,C,C,D,A,B,C,A,B,D,B,C,D,A,D,C,B,D,B,A,A,,B,D,A,B,C,A,A,C,A,A,B,,A,B,C,D,B,D,D,A,C,A,C,B,A,C,B,D,B,C,D,,C
17650887-6,A,C,A,,D,D,C,C,B,,A,C,,B,D,B,C,A,B,D,D,A,D,B,,D,B,C,C,C,D,D,C,A,C,D,B,D,,A,,D,,B,A,D,C,,C,B,B,A,C,,A,B,,D,D,C
18356341-6,B,C,D,C,D,D,C,C,C,C,B,C,A,D,D,B,C,D,B,D,C,B,A,C,A,B,B,C,D,B,C,B,A,C,D,C,C,C,B,A,D,D,A,B,C,,,,A,,,A,,,,,,,B,D
17924848-4,B,A,D,,A,D,C,C,C,C,B,C,A,D,D,B,C,D,B,,,B,,,C,D,B,B,A,C,B,D,B,D,D,A,C,B,,A,D,C,D,A,D,D,B,C,A,B,B,A,C,A,D,B,,A,D,
19245417-4,C,A,B,A,D,D,C,C,D,B,B,C,A,D,D,D,C,D,B,D,C,B,C,B,A,D,A,B,D,A,C,B,C,B,B,A,C,D,B,A,D,C,A,B,D,C,B,C,C,C,A,A,B,B,D,B,C,D,D,C
18664924-9,C,C,A,A,D,D,C,C,D,A,C,C,A,B,D,B,C,D,B,D,A,B,D,C,A,D,B,B,D,A,D,D,C,B,C,C,C,B,D,A,D,C,D,B,D,D,B,A,C,A,B,B,C,B,D,B,C,D,D,C
18245998-4,C,B,B,A,A,D,C,C,B,A,A,C,A,B,D,B,C,D,B,D,C,B,B,C,A,C,B,B,D,D,D,D,A,B,C,A,B,D,C,B,D,D,D,B,C,D,D,A,A,A,A,C,A,B,D,A,C,D,C,B
18661412-7,C,C,B,A,C,D,C,C,D,A,A,C,A,D,A,B,C,D,A,C,B,B,B,B,A,D,B,B,A,C,B,B,C,A,D,D,C,B,B,C,D,D,A,B,D,C,D,C,C,A,B,C,A,B,B,B,C,D,D,C
18487993-K,C,C,A,A,D,D,C,A,D,A,B,C,A,D,D,A,C,D,B,D,A,B,B,A,A,D,B,B,A,B,D,D,C,B,B,A,C,D,A,A,D,D,D,B,D,B,B,C,A,B,C,A,A,B,D,C,B,D,D,C
