RUN,
19506069-K,D,B,A,C,C,D,A,B,A,C,C,C,A,B,A,D,B,C,A,A,B,C,B,D,D,A,A,B,B,D,A,D,D,A,D,D,A,D,A,A,C,B,A,A,B,B,D,C,D,A,D,B,A,D,A,A,C,C,A,B
18436795-5,D,B,C,C,C,D,A,B,A,C,B,C,C,C,D,C,B,C,A,D,B,B,B,B,D,C,C,D,D,C,B,D,B,A,D,C,A,C,B,A,D,D,A,D,A,B,D,A,B,D,D,D,A,B,C,A,C,C,A,B
18581089-5,C,B,A,A,C,B,A,B,C,A,B,D,D,D,A,A,B,D,C,B,D,D,B,B,D,C,A,A,B,D,D,B,C,A,D,D,A,D,A,A,C,B,A,C,A,D,A,C,B,D,D,B,A,D,C,D,C,C,A,B
15354005-5,D,D,A,C,C,A,A,B,A,C,A,A,D,B,D,C,A,C,D,D,D,D,D,D,D,D,A,D,B,B,B,D,C,A,A,D,C,D,D,A,C,B,A,A,B,D,B,B,B,D,D,B,A,D,C,A,B,C,A,D
16183845-4,D,C,D,A,C,D,A,B,A,C,A,D,D,C,A,,B,C,C,D,B,D,B,D,D,C,A,A,D,D,B,A,,,D,D,,D,C,A,C,B,A,C,D,D,D,A,B,D,D,B,B,D,C,A,B,D,A,D
19759160-9,D,B,A,C,C,A,A,B,D,C,D,C,D,C,A,C,B,C,C,D,D,D,D,D,D,A,A,D,D,D,B,A,B,C,D,D,C,C,B,A,C,B,A,A,A,D,D,C,D,D,D,A,A,D,A,A,A,C,A,B
17614941-8,D,C,D,A,C,D,A,B,A,A,A,C,C,B,A,C,A,C,A,D,C,B,B,D,D,A,A,D,B,D,C,D,B,A,D,D,A,D,B,A,B,B,D,C,C,D,D,A,D,D,A,A,A,C,C,A,D,B,A,D
19460988-4,D,D,A,A,C,A,A,B,A,C,D,D,C,C,A,C,B,C,C,A,B,A,D,B,D,B,A,D,C,D,B,B,C,A,A,D,A,D,B,A,C,D,B,C,B,B,D,C,B,D,D,B,B,D,A,A,A,D,D,B
19791263-4,D,D,C,A,C,A,D,B,A,A,A,D,A,C,A,C,B,C,A,D,B,C,D,D,D,C,A,D,D,A,B,D,D,A,D,D,B,D,B,A,C,D,A,C,B,B,D,A,B,D,D,B,A,D,C,A,A,C,D,D
19085743-3,D,D,D,A,D,D,A,D,A,C,A,C,A,C,D,C,B,C,D,D,C,C,B,D,D,C,A,D,C,D,B,C,C,B,D,D,A,A,A,D,C,B,B,C,C,D,D,C,B,D,D,D,A,D,D,A,A,B,A,A
19011486-4,D,D,C,C,C,A,A,A,A,C,A,C,A,B,A,C,A,C,A,C,B,C,D,B,D,A,A,A,A,D,B,A,C,C,D,D,C,C,B,A,A,C,B,C,B,B,D,A,B,B,D,C,A,C,C,D,A,B,D,A
17975034-1,B,C,C,C,B,A,A,B,A,C,A,D,D,C,A,A,B,C,C,D,D,D,D,D,D,C,C,D,B,A,B,C,D,A,D,D,A,C,B,A,C,B,A,C,D,D,B,A,A,D,D,B,A,D,C,A,A,C,A,D
18216980-3,D,C,A,B,C,A,D,A,A,C,D,C,C,B,B,C,B,C,C,A,D,D,B,D,A,A,A,B,A,B,B,D,C,A,D,D,C,C,B,A,B,B,D,C,C,D,D,A,B,D,D,C,A,D,B,D,C,A,B,B
19197251-1,D,A,A,B,C,D,A,B,A,C,A,A,B,D,A,D,A,C,B,D,A,D,B,D,D,A,B,D,D,A,D,D,C,C,D,D,B,D,B,A,C,A,B,C,C,C,B,D,B,B,B,B,A,C,C,D,C,B,C,B
19127451-2,D,B,D,C,D,A,A,B,A,A,C,A,C,C,A,C,C,C,A,D,B,B,D,B,C,D,B,B,B,D,D,D,B,A,D,D,B,C,D,A,C,B,B,B,A,D,D,C,B,D,C,B,A,D,A,A,A,C,A,D
18822829-1,D,D,A,C,C,A,A,B,B,D,A,C,B,D,A,C,C,C,A,D,,D,,,D,C,C,,B,,B,A,C,A,C,D,D,C,B,A,,D,A,,A,,D,,,D,D,D,A,D,A,A,A,C,D,B
18347958-K,D,B,D,C,C,D,B,B,A,C,C,C,B,C,A,D,B,C,A,D,B,C,A,D,D,A,A,D,C,A,B,A,C,A,D,D,D,C,D,A,D,C,A,C,B,B,D,A,A,D,D,A,A,C,A,A,A,C,A,A
13912367-0,D,D,A,C,C,B,A,A,A,D,A,D,B,C,A,A,B,C,D,D,D,B,D,D,D,C,C,B,B,B,D,D,C,A,C,D,B,D,B,C,C,C,A,C,D,B,B,C,B,A,C,B,A,B,D,A,A,B,A,D
16491412-7,D,B,D,A,C,A,A,B,A,C,A,C,B,B,A,C,A,C,A,D,B,C,B,D,A,A,B,D,D,D,D,A,C,A,D,D,A,C,B,A,C,D,A,C,D,D,D,A,A,D,D,B,A,D,B,A,A,C,A,D
19247616-K,D,B,C,C,C,A,A,B,A,C,B,D,C,,A,A,,C,A,D,B,C,D,D,D,C,,A,,D,B,D,C,A,D,D,,C,,A,C,C,A,,A,B,D,B,B,D,,B,A,D,A,A,A,D,A,B
19091489-5,D,C,A,C,C,D,D,B,A,C,A,D,B,C,A,A,B,C,A,D,B,D,B,D,D,A,A,B,B,D,D,D,C,A,D,D,A,D,B,C,C,C,A,B,C,D,D,A,A,D,D,B,A,D,D,D,A,C,A,D
19533547-8,D,B,A,A,C,A,A,B,A,C,A,C,D,C,A,C,B,C,A,D,B,D,A,D,D,C,A,A,A,D,D,B,C,A,D,D,A,C,B,A,A,B,A,C,D,B,D,A,B,D,D,D,A,D,A,A,B,C,A,A
19488337-4,D,A,A,C,D,A,A,B,A,A,A,C,C,C,D,C,B,C,A,A,D,D,B,D,D,C,A,C,A,D,B,D,D,C,D,A,C,C,C,A,C,C,A,C,D,D,D,A,B,D,B,B,A,C,C,D,C,B,B,B
17225210-9,D,D,A,C,B,A,A,D,A,D,B,C,C,C,D,D,C,C,D,C,B,D,A,D,D,C,A,B,A,D,B,B,D,A,D,D,B,D,B,C,A,B,C,C,D,B,D,A,B,B,D,B,A,D,A,B,A,C,B,D
17813235-0,D,C,B,C,B,B,A,B,A,C,A,C,B,C,A,B,B,C,C,D,A,D,B,D,B,A,A,B,D,D,D,D,B,A,D,D,A,C,A,A,C,D,B,C,A,B,D,C,B,D,D,B,A,D,A,D,A,C,B,A
19183711-8,D,C,D,A,C,A,A,B,A,C,A,D,B,C,A,D,B,C,D,D,B,D,D,D,B,A,C,D,D,A,B,B,A,C,D,B,A,C,B,A,C,C,A,C,A,B,D,C,B,D,D,B,A,D,A,D,A,A,A,D
19425766-K,D,B,C,C,C,C,A,B,A,C,B,C,C,B,A,C,A,C,D,D,C,C,B,D,D,B,A,D,D,D,D,D,B,A,D,D,C,C,D,A,C,B,A,A,C,B,C,A,B,D,D,B,D,C,D,A,D,B,B,D
17908202-0,D,B,A,C,C,B,D,B,A,C,C,D,B,B,A,C,B,C,A,D,B,D,D,D,B,C,A,B,B,D,B,A,C,A,D,D,B,D,B,A,C,C,A,C,A,B,D,A,B,D,D,B,A,D,C,A,A,B,A,D
19474247-9,A,C,D,C,C,D,A,B,A,A,D,C,C,C,C,D,C,B,A,D,A,D,D,B,D,A,A,C,D,B,D,D,C,A,B,A,C,C,D,C,C,D,A,B,A,D,C,B,B,D,B,B,A,C,C,A,C,C,A,D
19531677-5,D,B,A,B,D,A,A,D,A,D,A,D,A,D,C,B,D,B,C,A,D,C,B,D,D,D,A,A,A,C,B,A,D,C,D,D,B,D,D,C,C,B,A,C,A,B,D,A,D,C,A,D,A,D,A,A,A,B,A,D
18682482-2,B,A,D,C,C,A,D,B,A,A,D,A,C,A,A,D,C,C,A,D,D,A,C,A,A,A,A,B,B,B,B,A,B,A,B,D,C,D,B,C,B,A,B,B,C,D,C,B,B,A,A,B,A,A,A,D,A,C,A,D
18842661-1,D,D,A,C,D,D,A,A,D,D,B,C,B,D,A,C,B,D,A,D,A,D,D,D,D,A,D,D,A,D,B,A,C,A,D,D,C,C,A,A,C,D,A,C,A,D,D,A,D,D,B,B,D,D,C,D,A,B,A,D
19374228-9,D,B,A,A,C,B,A,B,A,C,A,D,B,C,A,C,C,C,A,D,B,D,B,D,D,C,C,A,B,D,B,C,B,A,D,D,B,D,A,C,C,D,A,C,C,B,D,A,B,D,D,B,D,D,C,A,A,C,A,D
18210950-9,A,D,A,A,C,B,D,B,A,C,A,C,D,D,C,D,C,C,D,D,,D,B,D,D,C,,C,B,D,A,C,C,B,D,D,A,C,A,B,C,,,B,A,D,D,A,D,D,D,B,D,A,C,A,D,C,C,A
19497043-9,D,C,A,C,C,D,A,C,A,C,A,D,B,C,A,A,B,C,A,A,B,B,B,A,D,C,B,B,D,A,D,D,B,D,D,D,B,C,C,A,C,C,B,C,A,A,D,A,A,C,B,B,B,B,A,A,A,C,D,B
16975230-3,D,B,A,A,D,A,A,A,A,C,A,D,D,B,A,D,C,A,A,D,D,D,B,D,D,D,B,A,B,D,B,D,C,C,D,C,A,A,B,A,C,C,B,C,B,B,B,D,B,D,B,A,A,D,C,A,B,C,A,D
18078822-0,D,B,D,C,C,A,A,B,A,D,C,C,C,C,A,C,D,C,C,D,C,B,D,D,D,B,B,C,C,D,B,D,C,A,D,D,C,C,B,D,C,C,A,C,A,D,D,C,D,D,D,B,A,D,C,C,A,A,A,D
18570345-2,D,D,D,C,C,A,A,B,A,D,A,A,A,C,A,C,B,C,A,D,B,D,B,D,D,C,A,A,B,B,B,C,C,A,D,D,A,D,C,A,A,C,A,C,A,B,D,A,D,A,D,B,A,D,C,A,A,C,A,D
19358066-1,B,C,D,A,A,D,A,C,A,C,C,D,A,C,D,C,B,D,A,A,B,D,B,D,D,C,A,D,D,B,B,D,D,C,D,C,A,D,A,C,C,C,A,A,C,B,D,A,B,D,D,B,D,B,C,D,B,C,A,D
18518999-6,D,B,A,A,C,A,A,B,D,C,A,D,A,B,C,C,B,C,A,D,D,D,D,A,D,C,A,B,C,D,B,D,C,A,D,D,B,D,B,A,C,C,A,A,A,B,D,B,A,B,B,B,B,A,C,D,A,B,D,A
13243373-9,D,B,D,C,C,D,A,C,A,C,D,D,B,C,A,A,C,C,A,D,D,D,B,D,A,A,A,D,B,B,B,D,B,A,D,D,A,D,A,C,C,C,A,B,A,D,D,A,A,D,B,B,B,B,C,C,C,C,B,B
19016023-8,D,,C,C,C,A,A,B,A,A,A,D,D,C,A,C,B,C,A,D,D,D,B,D,D,A,,A,,,D,,,,D,D,B,,,A,,B,B,,,B,D,A,B,,D,B,A,C,C,D,C,C,A,A
17332192-9,C,B,A,C,C,A,A,B,A,C,D,D,B,C,A,D,B,C,A,D,B,D,B,D,D,A,A,D,D,D,D,A,C,A,D,D,C,D,B,C,D,C,A,C,C,D,C,A,A,D,C,B,A,C,B,D,C,C,A,D
17908325-6,A,A,A,A,D,D,A,B,A,C,C,C,A,C,A,C,B,C,C,D,D,C,D,B,D,B,A,D,D,C,D,D,B,C,D,D,B,C,C,B,D,B,C,C,C,B,B,A,B,C,B,D,A,D,B,D,B,C,D,D
19443261-5,C,D,D,C,C,A,A,A,A,C,D,D,B,C,A,B,B,C,A,D,B,D,A,D,A,D,A,D,B,D,D,D,C,A,C,D,B,A,C,C,C,B,A,A,C,B,D,A,D,C,C,C,A,C,C,A,A,B,B,B
18356729-2,D,A,A,A,C,A,A,B,B,D,A,C,D,B,D,A,B,C,C,D,,D,B,,,C,A,B,C,C,D,D,B,A,,D,C,C,D,D,B,C,,B,B,,D,A,,,,,D,A,,,,B,C,D
18376456-K,B,B,D,C,C,A,A,B,A,C,A,C,C,C,A,C,B,C,A,D,C,C,B,D,D,C,C,D,C,D,B,A,C,A,D,D,A,C,C,A,D,C,B,C,A,D,D,A,B,D,D,B,A,D,C,A,A,,,D
19068557-8,D,D,C,C,C,D,B,B,D,D,A,A,C,D,A,A,B,C,D,B,C,D,B,D,C,A,C,C,C,D,A,A,C,A,C,B,B,C,B,D,C,B,B,D,C,B,C,C,B,D,D,A,B,B,C,C,C,C,D,C
19780589-7,D,B,A,C,C,A,A,B,B,C,A,A,A,B,A,C,D,C,A,D,D,D,B,D,D,A,A,A,B,D,B,A,B,A,D,D,C,D,B,A,C,B,A,C,B,B,D,A,B,D,B,B,A,D,A,D,B,B,A,D
18181344-K,C,A,D,A,C,A,A,B,A,C,A,C,B,C,A,D,C,C,A,B,B,B,B,D,D,B,B,A,D,B,B,D,C,C,D,D,A,D,C,A,C,A,B,C,B,A,D,C,B,A,D,C,A,D,C,A,A,B,B,D
19257277-0,D,B,A,A,B,A,A,D,A,C,D,A,D,B,A,B,A,B,D,D,D,B,D,D,B,D,C,D,B,B,B,D,C,A,D,A,A,C,A,A,C,C,A,C,D,B,D,A,B,D,C,B,A,D,A,B,A,B,B,D
19534481-7,D,D,A,A,C,D,D,B,A,C,A,C,A,B,A,D,D,C,A,D,D,D,D,D,D,A,B,B,D,A,B,D,C,D,D,D,A,C,A,A,C,B,B,B,B,D,B,B,B,D,D,A,A,C,C,D,C,C,C,D
19112344-1,D,B,A,A,D,D,A,B,A,C,C,D,A,C,A,D,B,C,A,B,C,D,B,D,B,D,B,D,C,D,D,C,C,A,D,D,B,D,A,A,C,B,B,B,A,B,D,C,B,D,D,D,A,B,A,C,A,B,B,D
17583611-K,D,B,A,C,B,D,D,B,A,A,A,A,B,B,A,A,D,C,C,D,C,B,A,D,D,A,A,A,D,D,A,D,C,A,B,D,A,C,C,B,C,C,C,D,D,D,D,A,B,A,D,B,D,D,D,D,C,C,B,D
19176547-8,D,B,B,A,C,D,A,B,A,C,A,D,C,D,C,C,D,C,A,D,B,B,B,D,D,C,A,D,D,,D,A,C,A,D,D,B,D,C,B,C,B,D,A,A,B,B,A,B,A,D,A,A,B,D,A,B,C,A,C
17986060-0,D,B,A,C,D,B,A,B,A,B,A,D,B,C,A,C,D,A,A,D,B,D,B,D,D,C,C,A,B,A,B,D,C,A,D,D,C,C,B,A,C,D,A,C,C,B,B,A,B,D,D,B,A,B,C,B,C,C,A,C
17044011-0,D,C,A,C,C,A,A,B,A,D,C,D,A,C,A,C,A,C,A,D,D,D,B,D,D,B,D,D,C,B,B,D,B,A,D,D,C,C,C,C,D,C,B,C,A,D,B,B,B,D,D,A,A,C,C,D,A,C,A,D
16975947-2,C,C,A,C,C,D,A,B,D,C,C,D,B,B,A,D,A,D,D,B,A,D,B,D,D,C,A,D,D,B,B,A,C,A,D,C,B,D,B,A,C,A,B,C,B,B,D,A,D,D,D,B,B,B,A,D,C,C,D,D
17998939-5,C,B,D,A,D,,A,B,A,,A,C,A,,A,,D,C,C,A,A,B,D,D,D,D,,A,B,D,B,A,C,A,D,D,,D,B,,C,,C,,D,D,D,A,B,C,,D,B,D,,,A,A,B,A
13245932-0,B,D,A,C,D,B,A,B,A,C,C,B,A,D,D,C,B,C,A,D,B,D,A,D,D,D,A,A,C,B,D,A,C,A,D,D,B,C,D,A,C,D,B,A,B,B,D,A,B,C,D,B,A,D,C,A,A,C,B,D
19496887-6,B,D,B,A,C,A,D,B,B,C,A,C,D,C,C,C,B,C,C,B,A,D,B,B,C,A,B,B,D,D,D,D,C,A,D,B,B,D,C,C,C,B,D,C,C,D,B,C,B,D,D,B,A,C,C,A,C,D,C,C
19266270-2,D,B,A,C,C,A,A,B,A,C,A,C,A,C,A,C,B,C,A,D,B,D,B,B,C,C,A,A,D,D,B,D,D,A,D,D,A,C,B,A,D,B,A,C,A,B,D,A,B,A,A,D,A,D,C,C,A,C,A,D
18723574-K,D,D,A,C,D,A,D,A,A,C,A,D,A,A,C,C,C,C,A,D,B,A,D,D,D,A,B,D,B,B,B,C,C,A,D,D,B,C,B,A,D,C,A,C,A,B,D,B,B,D,C,B,A,C,C,A,A,C,A,D
19113466-4,D,B,A,A,D,A,C,A,B,C,A,C,B,B,B,C,B,D,C,D,A,C,C,B,D,B,A,B,D,A,D,A,C,D,D,C,C,C,B,A,B,B,B,B,A,B,D,B,A,D,B,C,D,B,C,A,C,D,B,B
17532774-6,C,D,D,A,D,D,A,B,A,C,D,C,A,B,A,D,B,C,D,D,A,C,B,B,D,A,B,D,B,A,B,B,B,A,D,D,A,D,B,C,C,A,A,C,A,B,A,A,B,D,D,D,A,C,C,B,A,B,A,B
19249131-2,D,D,A,A,C,A,A,A,A,C,D,A,D,B,A,B,B,C,A,D,D,D,B,D,D,A,B,D,A,D,B,D,C,A,D,D,C,D,C,A,C,D,C,A,A,D,D,A,D,D,B,C,A,D,C,A,A,B,A,D
18986248-2,B,A,D,C,C,A,A,B,A,D,A,C,C,C,A,C,A,C,D,D,B,C,B,D,D,C,C,A,B,D,B,D,C,A,D,D,C,C,D,D,C,B,A,B,D,B,D,A,D,D,B,B,B,A,A,A,A,B,B,B
17186823-8,B,B,B,A,B,A,A,C,D,C,A,D,D,D,A,C,C,C,A,D,D,D,A,C,A,C,B,B,C,B,B,A,D,A,B,D,A,D,A,A,D,C,C,D,D,B,D,A,D,C,D,D,B,D,A,A,A,C,A,D
18920102-8,B,B,A,C,A,D,A,B,A,D,B,D,C,B,A,C,B,C,A,D,B,D,B,D,D,A,A,D,D,D,B,A,B,C,D,D,A,C,B,A,D,B,B,B,B,B,D,A,B,D,B,B,A,D,D,A,B,C,A,D
18664259-7,B,D,A,C,D,D,A,D,A,D,A,C,A,D,A,A,B,A,D,D,B,B,B,D,D,D,B,D,B,B,B,B,D,A,D,D,A,C,B,A,C,C,B,A,A,B,C,A,D,D,D,A,D,C,A,D,A,B,A,D
19018989-9,B,B,A,C,C,B,D,C,C,C,C,C,B,A,B,A,A,C,A,D,B,C,A,B,D,B,A,B,C,B,B,A,C,A,B,C,A,D,C,A,B,A,D,A,B,B,D,B,D,D,A,B,A,B,C,D,A,B,C,D
19652468-1,D,B,A,C,C,A,A,C,A,C,A,D,B,B,A,C,B,C,A,D,B,D,B,D,A,C,C,D,B,D,B,A,C,A,D,C,B,D,A,A,C,D,A,C,A,D,D,B,B,D,D,B,A,C,A,A,A,C,A,D
19320686-7,D,D,C,A,C,A,A,B,A,C,D,C,C,A,A,C,B,C,A,D,D,D,B,B,D,A,A,B,D,A,B,D,D,B,D,D,B,D,B,D,C,B,A,B,A,B,D,A,B,D,A,B,A,D,C,D,A,C,D,D
19643207-8,A,D,A,C,A,B,A,A,A,D,D,C,B,C,B,C,B,C,D,D,D,C,C,B,C,B,A,C,A,B,D,C,C,B,C,D,B,C,C,C,B,C,D,C,C,C,B,C,C,D,C,C,C,B,C,B,B,C,D,A
18746734-9,D,B,A,C,C,A,A,B,A,C,D,A,D,C,A,D,B,C,A,D,B,D,B,D,C,C,A,A,B,D,B,D,C,A,D,D,B,D,B,C,C,C,A,C,A,B,D,A,B,D,D,A,A,D,A,A,A,C,A,D
18532061-8,D,B,A,C,C,D,A,B,A,C,A,B,B,C,A,C,B,C,A,D,B,C,B,D,D,C,C,D,B,D,B,D,C,A,D,D,B,D,B,A,C,C,A,C,A,B,D,A,D,D,D,B,A,D,A,A,A,C,A,D
16814203-K,B,B,C,B,C,A,A,B,A,D,C,D,B,C,D,C,C,C,C,D,B,D,D,D,D,C,A,A,D,D,B,A,C,D,D,D,B,C,C,A,C,D,A,A,B,B,D,A,B,D,D,C,A,B,D,D,A,C,D,B
17403870-8,D,B,C,C,C,A,A,B,A,C,D,A,B,B,A,C,B,C,A,D,B,D,B,B,D,C,D,A,A,D,B,B,C,A,D,D,C,D,D,A,C,C,A,A,B,B,D,A,B,D,D,B,A,D,C,A,A,C,A,D
17979612-0,C,B,A,B,C,A,A,B,C,C,D,D,B,B,D,C,C,C,A,A,A,D,A,D,D,B,A,D,D,A,D,B,D,A,D,B,C,D,D,A,A,C,A,D,D,D,D,C,A,D,D,D,A,B,C,A,A,D,C,B
19208049-5,D,B,A,C,D,C,A,B,A,C,C,C,B,B,C,D,D,C,A,A,B,D,C,B,C,D,D,D,B,C,B,D,C,B,D,D,B,C,B,A,C,C,A,C,A,B,B,C,B,B,D,B,C,D,C,A,D,C,B,D
19864082-4,D,B,A,A,C,D,A,B,A,C,A,C,C,B,C,A,D,C,A,D,B,A,B,D,A,D,C,C,B,A,B,B,B,A,D,A,A,D,D,C,A,D,A,A,C,D,D,C,B,A,B,B,A,D,C,D,A,C,D,D
18096925-K,D,A,A,A,C,A,A,B,A,A,A,C,A,B,D,C,B,C,C,B,C,C,B,D,A,C,C,A,C,B,D,A,D,A,D,D,C,C,B,A,C,C,A,C,B,B,A,A,D,B,D,B,B,B,A,D,A,C,B,D
17789164-9,B,D,A,C,C,B,A,B,A,D,A,D,A,C,D,D,B,A,A,D,B,B,A,D,C,B,A,C,B,B,B,D,A,A,B,C,B,D,C,D,D,B,C,B,B,D,C,B,B,D,B,D,C,A,B,A,B,C,B,D
17425929-1,D,B,B,A,B,B,D,C,A,D,A,C,B,C,A,C,B,C,A,D,D,D,D,D,D,C,B,C,C,D,B,B,D,A,B,D,B,D,D,A,A,D,B,C,B,D,D,B,B,D,D,B,A,D,A,D,A,C,A,D
18002336-4,B,C,A,C,C,D,A,A,A,C,D,C,D,B,A,D,C,C,A,A,D,C,B,D,C,D,A,D,C,A,B,A,C,A,C,D,B,C,B,A,C,C,C,C,A,A,B,D,B,D,A,B,A,D,C,A,A,C,B,B
19350959-2,D,B,C,C,C,B,A,D,A,D,B,C,C,C,A,C,B,C,D,D,C,C,B,D,D,D,B,D,C,A,B,C,C,D,A,D,B,C,B,C,C,B,A,C,A,B,D,C,B,D,D,B,A,D,C,A,A,B,A,B
19393565-6,D,B,A,A,C,A,A,B,A,D,A,C,A,C,A,D,B,C,D,D,B,C,B,D,D,D,A,C,A,D,D,C,C,A,D,D,C,D,A,C,A,D,A,A,D,D,B,A,B,D,B,C,A,B,A,D,A,C,D,B
19271168-1,B,D,C,C,D,A,A,B,A,C,D,A,A,B,A,D,B,D,D,D,A,D,B,D,D,C,A,A,D,D,B,D,B,A,D,D,A,D,B,A,D,B,A,B,A,B,D,A,B,D,D,B,A,D,D,A,B,C,A,B
19594452-0,D,B,B,A,C,D,A,B,D,D,A,C,D,D,A,B,D,C,C,C,D,D,D,D,D,D,B,A,D,A,C,A,A,A,C,C,D,C,A,D,A,B,B,B,D,D,D,C,D,A,D,A,A,C,A,D,A,B,A,A
19522632-6,D,B,A,C,C,A,A,B,A,D,A,C,A,B,A,C,B,C,A,D,B,D,B,D,D,B,A,C,A,B,B,D,C,D,D,D,B,C,D,A,C,B,A,C,B,B,C,B,B,C,C,D,A,D,C,D,A,C,A,D
19470318-K,D,B,D,B,D,B,A,B,B,D,A,C,B,B,D,D,C,C,B,D,D,D,D,A,D,C,D,D,C,B,B,B,C,D,C,D,C,C,C,D,D,D,B,B,B,B,C,C,B,C,D,A,A,D,C,D,A,B,A,D
19135230-0,D,B,A,C,D,A,A,B,A,C,D,C,A,B,A,C,B,C,C,D,B,D,B,D,D,C,B,D,B,A,D,A,B,A,D,D,A,D,A,A,C,C,A,C,B,B,B,A,A,D,D,B,A,C,C,D,A,C,D,B
22037473-4,D,B,B,C,C,A,A,B,A,C,A,D,B,B,A,C,B,A,D,C,C,C,D,D,D,C,C,C,D,D,B,D,C,A,C,B,B,C,D,C,C,C,A,B,B,D,D,A,B,C,B,D,C,B,B,B,B,C,C,D
18880580-9,D,B,C,A,D,D,A,A,A,C,C,C,A,D,A,B,A,C,A,C,D,B,B,D,A,C,B,D,B,B,A,D,B,A,C,B,C,C,A,A,D,C,D,D,B,B,D,C,B,C,D,B,A,C,A,C,B,B,B,B
18922774-4,D,B,A,A,D,B,A,B,A,C,D,D,A,D,A,D,D,C,A,B,B,C,A,D,B,A,B,A,C,D,B,D,B,D,D,C,A,C,D,C,C,C,A,A,A,C,D,A,D,D,D,B,A,D,A,D,A,C,B,B
18461829-K,D,A,A,C,B,A,A,B,A,D,A,D,B,C,A,C,B,C,C,A,B,C,B,D,D,C,C,A,C,C,B,B,B,A,D,D,B,D,D,A,C,D,A,B,D,B,D,A,A,D,D,B,A,D,C,C,A,C,D,D
19359896-K,B,C,A,A,C,D,A,A,D,C,A,C,A,B,C,D,B,D,C,D,D,C,B,C,D,D,A,C,C,D,B,D,B,B,C,A,C,C,A,B,C,B,A,A,A,D,D,C,B,D,B,A,A,C,D,C,A,A,A,A
18994799-2,D,A,A,B,D,A,A,B,B,C,A,C,B,C,A,C,B,A,A,D,D,C,D,D,D,B,B,A,D,C,B,D,D,A,D,C,B,C,D,A,C,C,A,B,B,B,D,A,A,D,D,C,A,C,A,C,A,D,D,D
19506902-6,D,B,B,A,C,A,A,B,A,C,A,D,B,B,A,C,B,C,D,D,C,C,D,D,D,B,C,D,D,D,B,D,C,A,D,D,D,C,B,C,C,C,A,B,B,D,D,A,B,D,D,B,A,B,A,D,A,C,A,C
17952573-9,D,C,C,A,D,B,A,B,D,C,A,D,C,C,D,A,D,C,C,D,B,A,D,D,D,B,A,D,D,C,B,C,B,C,A,B,C,C,D,B,C,A,C,C,D,A,D,A,B,C,D,B,D,C,D,A,A,B,A,D
18494775-7,D,B,D,C,C,A,A,A,A,C,A,D,A,A,B,C,C,C,D,D,B,D,B,D,D,A,A,D,D,A,B,D,D,A,D,D,B,C,C,B,D,A,B,C,B,B,D,C,B,B,B,B,A,C,C,A,A,C,B,D
19750264-9,B,B,D,A,A,D,D,B,A,B,A,C,A,C,D,C,B,C,B,D,C,D,B,D,D,C,A,C,A,D,C,D,D,A,D,D,C,D,C,A,B,D,B,A,D,C,D,C,C,A,D,D,A,D,C,A,C,B,D,D
13688762-9,D,B,A,C,C,B,A,A,A,C,A,B,A,B,A,C,B,C,A,D,B,D,B,D,A,C,C,A,A,D,B,D,C,C,D,D,B,D,B,A,C,C,A,B,D,B,D,A,A,A,D,B,A,D,C,A,A,C,B,D
19488282-3,A,B,B,A,C,C,D,B,D,C,D,C,C,C,A,C,A,C,A,D,B,B,B,D,C,C,C,D,D,A,B,D,C,A,D,D,B,D,C,A,C,C,B,C,B,B,B,D,B,B,B,B,A,B,A,A,D,B,A,A
19591117-7,D,B,A,C,C,D,A,B,A,C,D,D,A,B,A,C,D,C,D,D,C,D,B,D,D,C,B,A,C,D,D,D,B,A,D,D,C,D,B,A,C,C,A,C,B,B,D,C,B,D,D,B,A,C,C,A,A,C,B,D
17168548-6,D,D,D,C,D,D,D,D,D,D,D,C,C,D,D,C,B,C,A,D,D,C,A,D,D,D,B,C,C,D,D,D,B,A,C,D,C,D,B,D,D,B,C,B,B,D,D,C,D,D,D,D,D,B,D,D,C,C,A,D
22605606-8,D,B,C,A,C,A,A,B,A,C,A,D,C,C,A,A,A,C,A,C,B,B,B,B,D,C,D,D,D,D,D,B,C,A,D,D,A,C,C,A,C,D,B,A,B,B,D,A,B,,C,C,A,A,C,A,A,C,B,D
12273006-9,B,C,A,A,D,A,A,D,B,C,C,D,A,D,A,C,C,C,A,D,B,A,D,B,D,A,A,D,B,D,B,D,C,A,D,D,A,D,B,A,C,D,D,C,C,D,A,C,A,B,B,B,B,D,C,A,A,C,B,D
15673695-3,D,B,A,A,C,A,A,C,C,C,A,D,A,C,A,C,C,C,C,D,D,B,D,D,D,C,A,B,B,B,B,A,C,A,D,D,B,D,C,A,C,C,A,C,B,B,D,B,B,B,D,D,A,D,A,A,A,C,B,D
13270495-3,D,B,A,B,C,A,A,B,A,C,C,A,B,C,A,C,B,C,A,D,B,D,A,D,D,C,A,D,B,D,B,D,C,C,D,D,B,D,B,A,C,D,A,C,A,B,B,A,B,D,D,D,A,D,C,A,A,C,A,D
19398597-1,D,B,D,C,C,D,C,B,A,C,B,C,B,C,A,C,B,C,C,D,B,B,B,D,C,A,A,D,C,D,B,C,B,A,D,D,B,D,B,A,C,C,A,C,A,B,D,A,B,C,B,A,B,D,C,C,A,A,A,D
19601606-6,B,D,A,A,C,A,A,A,A,D,A,C,D,D,C,A,C,C,C,D,B,D,B,D,D,B,A,C,A,B,D,B,D,A,D,D,B,D,C,C,D,B,B,A,A,A,D,A,B,C,A,A,A,D,C,D,B,B,D,B
19757031-8,B,B,D,A,D,C,A,B,B,C,D,B,A,D,A,A,B,A,B,D,D,D,A,D,D,A,B,C,C,D,B,B,B,B,D,A,D,D,A,A,D,B,A,A,A,B,C,C,B,A,B,B,B,D,A,C,A,B,B,C
18165865-7,D,B,C,C,C,A,A,D,A,C,C,C,B,B,A,C,C,C,A,D,B,D,B,D,D,C,A,D,B,D,B,D,A,A,D,D,B,D,B,A,C,C,A,C,B,B,D,A,B,D,D,B,A,D,C,A,A,C,D,D
19071489-6,D,D,D,A,C,D,A,C,C,D,A,A,B,B,D,A,B,C,C,C,B,B,D,D,D,C,B,D,B,B,D,D,C,A,D,D,C,C,D,A,A,B,B,C,A,B,D,D,D,D,D,C,A,C,D,D,A,B,A,B
19514754-K,A,D,A,C,C,A,A,B,A,C,C,C,A,C,A,C,D,C,A,D,C,D,A,A,C,C,A,C,D,D,B,D,B,D,D,D,B,C,A,C,B,D,A,C,A,D,B,D,B,D,D,B,A,D,A,A,A,B,B,A
19270535-5,D,D,C,C,C,D,A,A,A,D,A,C,A,B,D,C,D,C,A,A,B,C,B,D,B,D,B,D,D,D,B,C,C,A,D,B,A,D,C,A,D,A,B,A,C,B,D,B,B,C,C,B,A,B,A,D,C,C,D,D
18837680-0,D,B,A,A,C,D,A,D,A,C,A,C,B,C,A,C,A,D,A,B,B,B,B,D,C,D,B,D,B,D,D,A,B,C,D,D,B,C,C,D,C,C,B,C,A,B,D,C,B,C,D,B,A,D,C,D,C,C,C,D
18558089-K,B,A,A,A,B,D,A,C,A,C,A,C,B,D,C,,A,C,A,C,,D,A,,,,,,,,,,,B,,,,D,,,,,,,,,,,,,,,,,,,A,B,D,D
17516061-2,D,C,A,A,C,A,A,A,A,C,A,D,B,C,A,D,C,D,C,A,D,D,B,B,D,C,A,D,B,D,B,B,C,A,D,D,C,C,A,A,C,D,A,C,B,B,D,B,B,D,D,C,D,D,D,A,A,C,A,D
18973897-8,D,B,D,A,B,D,A,B,A,D,A,A,A,D,A,B,C,C,B,C,D,D,B,D,D,D,B,C,B,D,C,B,C,C,B,D,B,C,B,C,D,C,B,C,C,D,D,C,B,D,D,B,A,C,A,A,A,C,D,D
18662347-9,B,B,C,C,C,A,A,B,A,C,C,D,B,A,A,C,B,C,D,C,B,D,B,D,D,B,A,D,D,D,B,C,C,A,D,D,C,C,B,A,C,C,A,C,B,B,D,A,D,D,D,B,A,D,C,A,A,B,B,B
19315611-8,D,B,D,C,C,A,A,B,A,C,A,D,D,B,A,C,B,C,A,D,B,C,B,D,D,C,A,D,C,D,B,B,D,C,D,D,A,D,C,A,B,D,A,C,B,B,D,A,B,D,D,C,A,D,C,A,C,C,D,C
19197066-7,D,C,A,C,B,A,A,B,A,A,A,D,A,C,C,C,B,C,A,D,B,C,B,D,C,A,A,C,D,D,B,B,C,A,D,C,B,C,B,C,C,C,B,B,A,D,D,D,B,A,D,A,A,D,B,A,A,B,C,B
19940018-5,D,B,C,A,C,A,D,B,A,D,A,D,A,C,A,C,A,C,A,D,A,A,B,B,D,A,A,A,B,D,B,A,A,A,D,B,A,D,B,A,D,C,A,A,A,B,D,A,B,D,B,B,B,D,A,A,C,C,A,C
18736988-6,D,B,A,A,C,A,A,B,A,D,D,C,B,D,C,C,D,C,C,D,D,D,A,D,D,C,A,A,A,A,B,D,D,A,D,A,B,D,D,A,B,C,A,C,B,B,D,B,B,D,D,A,A,C,A,A,B,C,A,B
19577368-8,D,B,B,A,C,D,C,B,A,C,D,A,A,D,C,C,D,C,A,D,B,C,B,D,D,C,A,B,A,B,D,A,A,A,B,D,C,D,B,C,A,B,D,C,C,D,A,C,B,D,D,A,D,D,C,A,B,C,B,D
17310521-5,D,D,A,A,B,A,A,B,A,C,A,D,A,C,A,C,B,C,A,C,B,D,B,D,D,C,A,A,B,D,B,D,C,C,D,D,A,C,B,A,C,C,A,C,C,B,D,A,B,D,D,B,A,C,C,D,A,C,A,D
19409169-9,D,D,C,C,D,A,D,B,A,D,C,C,C,D,A,C,A,A,D,D,D,C,B,B,A,C,A,D,D,D,B,D,B,A,D,D,C,D,D,C,C,D,A,C,A,B,D,C,B,C,D,B,A,D,A,A,B,C,A,D
19080904-8,D,B,A,C,C,A,A,B,A,C,C,C,B,C,A,A,B,C,C,D,B,D,B,D,D,C,B,A,B,B,B,D,D,C,D,B,C,D,B,A,C,D,A,C,B,B,D,C,B,D,D,C,A,D,C,A,C,C,A,C
19490123-2,D,B,B,A,C,A,A,B,A,C,A,D,B,C,D,A,A,C,A,D,D,C,A,D,D,B,A,D,B,A,B,B,D,A,D,D,D,C,A,D,C,C,B,C,B,D,D,A,B,D,D,D,A,D,A,A,A,C,A,B
19307802-8,B,C,B,A,D,D,A,B,A,D,C,C,B,D,A,C,B,C,A,A,D,A,B,D,D,B,C,A,B,D,D,D,C,A,D,B,C,D,B,A,C,A,B,C,A,D,A,B,A,A,D,B,D,A,A,A,B,B,C,B
18514627-8,B,B,B,A,D,D,A,B,A,C,A,D,C,C,D,C,A,C,C,D,A,D,B,D,D,A,A,D,D,A,D,A,B,C,D,D,B,C,A,A,C,D,B,C,B,D,D,C,B,D,D,B,D,D,C,D,A,C,A,D
19140347-9,D,B,C,C,C,D,A,B,A,C,A,A,C,B,A,D,B,C,A,B,B,D,B,D,D,C,C,D,D,B,B,D,A,A,D,B,C,D,B,A,C,B,A,B,C,B,D,B,B,C,D,B,A,D,C,A,A,C,A,D
19577419-6,D,B,C,A,C,A,A,B,A,C,A,C,B,B,A,C,B,C,D,D,C,B,B,B,D,A,A,D,B,D,D,C,C,A,D,D,B,D,C,A,D,B,B,C,B,D,D,C,D,D,A,A,D,B,C,A,A,B,B,A
17570976-2,B,B,A,A,B,A,A,C,B,C,A,B,A,C,A,A,A,A,A,D,A,D,B,B,D,C,A,B,B,B,B,D,C,C,D,D,A,D,B,A,C,B,A,A,A,B,A,A,B,A,D,B,A,C,B,B,A,C,A,D
12598618-8,D,D,A,A,C,D,A,D,A,D,D,C,C,D,A,C,B,C,C,D,D,D,D,D,C,C,C,D,B,B,B,A,A,A,C,D,A,C,A,A,C,C,A,A,C,D,A,A,B,A,A,B,A,C,C,A,A,B,A,B
19418800-5,D,B,C,C,C,A,A,A,A,C,A,D,D,C,A,C,D,D,D,D,B,B,B,D,D,A,A,D,D,B,B,D,D,A,D,A,A,C,B,C,C,D,A,C,B,B,D,B,D,D,D,B,A,C,C,D,B,C,A,D
18822192-0,D,C,C,A,C,D,D,D,A,C,D,C,A,C,C,D,B,C,D,A,C,B,B,D,C,B,B,D,D,B,C,B,C,B,D,D,C,D,C,C,D,B,A,C,C,D,D,C,B,D,B,D,B,B,D,D,C,D,D,D
18582945-6,D,B,D,A,C,A,A,B,A,C,A,D,B,C,A,C,B,C,A,D,B,D,B,D,D,C,B,D,B,D,B,D,C,A,D,D,A,C,B,A,C,C,A,C,B,B,D,A,B,A,D,B,A,D,C,A,A,C,A,D
19146236-K,D,B,A,A,C,D,A,B,D,D,A,C,B,B,A,C,C,C,C,A,D,B,A,D,D,C,A,B,B,A,B,C,C,B,D,D,D,D,D,C,C,B,B,A,A,D,D,A,D,B,D,B,D,C,A,A,B,B,A,D
18999534-2,D,B,D,C,D,A,D,B,A,C,C,D,B,D,A,D,D,C,A,A,B,D,B,D,D,B,B,D,B,D,B,A,C,A,D,D,B,D,C,C,D,,A,C,B,D,D,D,D,A,D,C,A,D,C,C,A,C,A,B
6661155-8,D,A,A,C,B,A,A,D,A,C,A,B,B,C,D,C,,D,A,C,D,D,D,D,C,D,C,C,D,D,B,C,C,A,A,D,B,C,B,A,C,D,A,A,B,D,D,A,A,D,D,C,A,C,C,A,B,C,B,D
18515375-4,D,B,D,A,C,B,A,B,A,A,A,D,B,C,A,C,B,C,A,D,C,D,D,B,D,A,C,A,B,D,B,D,C,A,D,D,C,D,C,C,C,B,A,C,C,D,D,A,B,D,B,D,A,D,A,A,A,C,A,A
19265026-7,D,B,A,B,A,A,A,A,A,C,C,D,B,C,A,C,B,C,D,D,C,D,B,D,B,C,B,D,C,A,B,D,C,A,D,D,A,C,B,A,C,C,C,C,A,B,D,B,A,D,D,B,B,D,D,D,A,B,A,D
17437645-K,D,D,D,A,C,C,D,B,A,C,A,D,B,C,A,C,B,C,C,D,C,B,B,D,D,A,B,D,D,D,B,A,D,C,D,D,C,C,B,C,C,C,A,C,B,D,D,A,B,D,A,B,A,D,C,A,B,C,B,D
16549799-6,D,D,A,C,C,B,A,B,A,D,C,C,B,A,D,D,D,D,A,D,D,D,B,D,D,D,A,A,B,C,B,A,B,A,D,D,C,C,A,A,C,D,B,C,A,B,D,A,B,D,D,B,A,A,A,D,A,C,D,D
18935212-3,,D,C,C,D,,A,B,A,D,A,C,,B,A,B,C,C,A,D,B,D,D,D,D,A,A,A,B,,B,,C,A,D,D,,C,B,A,C,B,A,,B,D,D,A,B,D,D,B,A,D,C,D,A,C,D,D
18931356-K,D,B,D,C,D,C,A,A,A,C,C,C,D,B,C,C,D,C,D,D,B,D,B,B,D,D,A,D,B,D,B,A,B,C,A,D,B,A,C,C,C,C,D,C,B,B,D,D,D,C,C,B,A,D,A,A,C,C,A,D
19547515-6,D,D,A,C,C,D,A,B,A,C,C,D,D,D,A,C,C,C,A,D,B,D,B,D,D,A,A,D,B,B,D,D,D,A,D,D,A,C,B,C,C,D,C,A,C,B,D,A,B,A,A,A,A,C,C,D,A,C,A,D
19393475-7,D,B,D,C,C,A,A,B,A,C,A,A,D,B,A,C,A,C,A,D,B,C,B,D,D,A,A,D,B,D,B,B,B,C,D,D,B,C,C,A,C,C,A,A,A,D,D,A,B,D,D,B,A,D,A,A,A,C,A,D
17296776-0,D,B,A,C,C,A,A,B,A,C,C,A,D,B,A,C,B,C,C,D,B,D,D,D,D,B,B,A,B,D,B,D,C,A,D,D,A,C,B,A,C,D,B,A,A,B,A,A,B,D,D,B,A,C,B,A,A,C,A,D
19130851-4,D,B,B,C,C,A,D,A,A,A,A,D,B,C,A,C,B,C,A,D,B,D,B,D,D,C,A,A,B,D,B,D,C,A,D,D,B,D,B,A,C,C,A,C,A,B,D,A,B,D,D,B,A,D,C,A,A,C,A,D
18748247-K,A,D,B,C,C,A,A,B,A,C,A,A,C,C,A,C,D,C,D,D,D,C,D,D,C,C,D,A,D,A,D,A,C,A,A,D,B,D,B,B,C,D,A,A,B,B,B,B,B,D,D,B,A,D,C,D,C,C,A,A
19727128-0,B,B,A,C,C,A,A,B,A,C,A,C,B,C,C,D,D,C,C,D,D,D,D,D,D,A,B,A,C,D,B,D,C,A,D,B,C,D,B,C,C,B,C,B,C,B,A,A,C,D,D,D,A,D,A,D,A,B,B,D
19599903-1,D,B,A,A,D,A,B,B,A,B,A,C,A,C,A,B,B,C,D,A,A,B,D,D,D,C,A,D,A,D,B,D,C,A,D,D,B,D,C,A,C,C,B,C,A,B,D,C,B,D,D,B,A,C,C,A,A,C,A,A
18606289-2,B,C,A,A,A,A,A,C,D,C,A,C,D,A,A,C,B,C,A,A,C,B,D,D,D,C,A,A,C,D,D,B,C,A,A,D,B,C,C,A,C,C,A,B,A,C,D,C,A,C,D,D,A,B,C,D,D,B,D,D
18511906-8,D,A,A,A,C,A,A,B,A,C,A,C,C,C,A,C,D,C,D,D,A,D,C,B,C,C,A,D,A,B,D,D,D,A,D,C,A,C,C,A,A,B,B,B,A,D,C,A,B,D,D,D,A,A,D,D,A,C,A,A
19614208-8,D,B,C,C,D,A,A,B,A,C,A,A,A,B,A,D,A,D,A,D,C,D,B,D,D,C,A,D,B,D,B,D,C,C,D,D,C,C,B,A,C,C,B,B,A,D,D,A,B,A,D,B,A,D,A,A,A,D,D,B
18701667-3,D,D,A,C,C,A,A,B,A,C,A,C,B,C,A,A,A,A,A,D,B,C,B,D,D,D,A,B,B,A,B,D,,A,D,D,A,D,D,B,C,B,B,C,B,B,D,A,B,D,D,B,A,D,A,A,B,C,D,B
19536105-3,D,B,A,C,C,A,A,B,A,C,C,C,B,B,A,C,B,C,A,D,D,C,B,D,D,C,A,D,D,D,B,A,C,A,D,D,B,D,D,A,C,D,B,B,B,D,D,A,A,D,D,B,A,D,A,D,A,C,D,D
19431521-K,D,D,A,C,C,D,C,A,A,D,A,D,B,C,A,C,B,C,D,D,B,A,B,B,B,C,A,D,C,B,B,B,D,A,D,D,C,C,D,A,C,A,B,C,C,B,B,A,B,D,D,D,A,D,A,A,A,C,B,D
18578397-9,D,B,C,C,C,A,A,B,A,C,C,C,B,B,A,C,B,C,A,D,D,C,B,D,D,C,A,D,D,C,D,A,C,A,D,B,C,C,D,D,C,D,B,B,B,D,D,A,B,D,D,C,A,D,A,D,A,B,A,A
18282622-7,B,D,A,A,A,D,A,C,C,D,B,C,D,C,B,C,B,C,A,C,C,D,B,C,D,D,B,C,B,D,D,A,C,A,D,B,C,D,B,A,C,C,D,B,B,D,D,C,B,B,B,B,A,D,C,D,A,D,B,D
19589409-4,A,B,A,A,C,A,A,A,A,C,A,D,D,B,A,D,A,C,D,D,D,D,B,D,D,A,B,D,C,D,D,C,D,A,B,D,B,C,A,C,C,A,A,B,D,B,D,A,A,D,A,D,A,D,A,A,A,C,D,A
19334134-9,D,A,A,C,D,A,A,C,A,D,B,A,A,C,A,C,B,C,A,A,B,A,D,D,D,C,A,D,A,B,B,D,C,A,A,D,A,D,C,C,B,D,D,D,A,B,D,A,A,B,D,B,C,C,A,A,A,B,A,D
18578188-7,C,B,A,C,C,A,A,A,A,C,A,C,C,C,D,C,C,C,A,D,B,B,B,C,D,C,A,D,B,D,B,D,C,A,D,D,B,C,B,A,C,C,A,C,B,B,D,A,B,D,D,B,A,D,C,A,A,C,A,D
18695437-8,B,C,D,A,B,B,A,B,A,C,C,C,B,B,A,C,B,C,C,D,C,D,B,D,D,B,D,D,B,D,D,D,C,A,D,D,B,D,D,A,C,B,B,A,C,D,D,B,A,D,D,B,A,D,C,A,C,C,B,D
19084968-6,C,B,C,A,D,A,A,B,A,C,D,D,A,B,A,D,D,C,D,D,C,D,B,D,D,C,A,D,D,D,B,A,C,B,D,D,A,C,B,C,D,D,A,C,B,D,A,A,A,D,D,D,A,D,A,A,A,B,B,B
16007584-8,D,D,A,C,C,A,A,D,A,C,C,C,A,B,A,D,B,C,C,D,A,A,D,B,D,A,A,C,B,D,B,B,B,A,D,D,B,C,B,A,C,A,A,B,A,B,D,A,B,A,D,B,A,C,C,D,A,C,A,B
16775275-6,D,D,A,C,C,A,A,B,A,C,A,C,D,B,A,C,A,C,A,D,B,D,A,D,D,C,,A,A,B,D,,D,A,D,D,C,C,C,B,C,C,A,C,D,D,D,A,B,D,D,A,A,D,C,D,B,C,B,D
12260264-8,B,D,D,A,B,D,A,B,A,C,A,D,C,B,A,A,D,D,A,D,D,B,B,B,C,D,C,B,C,B,B,A,C,A,B,A,B,C,B,C,C,D,A,A,D,A,D,A,D,D,A,A,A,C,A,D,A,B,D,D
19329326-3,D,B,C,C,C,C,C,C,C,C,A,D,A,B,A,D,A,A,C,D,C,D,B,D,C,D,B,D,B,A,D,B,D,C,D,B,C,D,A,A,B,D,A,C,B,B,D,C,B,C,D,A,D,B,C,A,C,A,D,D
19517793-7,D,B,A,A,A,A,A,D,A,C,D,C,A,C,A,D,B,C,D,C,D,C,B,D,D,A,A,C,D,C,D,D,D,A,D,B,B,C,C,A,D,D,B,C,A,D,D,A,A,D,D,B,A,A,D,A,D,C,A,D
18722043-2,D,B,A,C,C,A,A,B,A,C,D,B,A,D,A,C,D,C,A,D,B,B,B,D,D,C,A,A,B,A,B,A,B,A,D,D,A,C,A,A,C,C,B,C,B,B,C,A,B,D,D,D,A,D,A,D,A,C,A,D
17203382-2,D,A,C,C,A,A,C,B,A,D,A,C,B,D,A,C,A,C,A,D,A,A,B,B,D,B,A,D,A,B,B,B,C,C,D,B,C,C,B,B,C,C,A,B,D,C,D,C,C,B,D,C,B,C,A,D,A,C,D,D
18963793-4,D,D,A,C,C,A,D,D,D,C,A,C,B,D,A,C,B,C,A,D,A,C,A,D,A,C,C,A,A,A,B,B,D,A,D,D,B,D,B,A,C,D,B,B,A,B,D,A,D,D,D,A,A,D,C,A,A,C,A,D
18819356-0,D,A,C,C,C,D,A,A,A,C,C,D,C,B,A,A,B,C,A,D,B,C,B,D,D,A,D,D,B,D,D,D,C,A,D,D,B,C,B,A,D,D,A,C,B,D,D,A,B,D,D,C,A,D,D,D,A,B,B,A
18239326-6,D,D,D,A,C,A,A,B,A,C,C,C,B,D,A,A,D,C,A,D,B,D,B,D,A,D,B,C,D,D,D,A,D,B,D,D,B,C,A,B,C,D,A,C,C,C,B,A,B,D,D,B,C,C,A,D,A,B,C,D
15940546-K,D,B,A,A,D,A,A,B,B,C,A,D,B,B,A,C,B,C,C,D,B,D,B,D,D,C,A,B,B,D,B,D,C,A,D,D,A,C,B,A,C,C,A,C,A,B,D,A,B,D,D,A,B,D,D,A,A,C,B,D
18919024-7,D,B,A,A,C,A,A,B,A,C,C,A,C,B,A,C,B,C,A,A,D,D,D,D,D,A,B,D,B,D,B,B,A,A,D,D,A,D,B,A,C,D,A,C,C,C,D,A,D,D,D,B,A,D,C,A,A,B,A,D
19376061-9,D,D,A,C,C,A,A,A,A,D,A,C,C,D,A,A,A,D,A,D,B,B,B,A,B,C,B,D,B,D,B,D,C,B,D,D,B,C,D,C,C,D,A,B,A,B,D,A,B,C,D,A,A,D,D,D,A,C,A,A
19167400-6,A,D,A,C,D,A,A,B,A,C,D,C,A,B,A,C,C,C,D,D,A,D,D,D,D,A,A,D,A,D,B,D,B,C,D,D,B,C,A,B,A,D,D,C,B,B,D,C,B,C,A,B,B,C,B,C,B,C,B,C
19185395-4,B,D,D,A,C,A,A,B,A,C,,C,A,B,A,C,B,C,D,D,B,D,D,D,D,C,B,A,A,B,B,,C,A,B,D,B,D,B,C,C,C,A,A,,B,A,C,B,D,C,B,A,D,A,A,A,C,A,B
13734206-5,D,B,A,D,C,A,A,D,A,C,C,D,B,B,A,D,B,C,D,D,B,D,D,D,D,A,A,A,D,D,B,D,A,A,A,D,C,D,B,A,C,B,A,C,A,B,D,A,B,D,D,B,D,D,D,A,A,C,D,B
18662547-1,D,B,A,A,C,A,A,B,A,C,A,D,A,B,A,D,B,C,D,D,D,D,B,D,D,D,A,A,B,A,B,C,D,A,A,D,A,C,B,A,D,B,,,B,B,D,A,B,A,D,A,A,D,C,A,B,,C,D
19553881-6,D,B,A,C,C,D,A,B,A,D,A,A,C,D,A,A,B,,A,A,,C,B,B,A,D,B,B,,A,B,A,,A,D,D,B,D,D,C,C,C,C,C,A,,D,A,A,A,A,B,A,C,A,D,B,B,A,
17766135-K,B,D,D,B,C,D,A,B,A,A,D,C,B,C,B,C,C,C,C,D,B,C,D,D,C,C,C,A,B,D,D,D,C,A,C,D,A,A,C,A,B,A,B,C,B,B,D,A,A,D,D,B,D,D,D,A,A,D,A,D
19085091-9,D,B,A,C,C,D,A,A,D,C,A,D,A,C,A,D,B,D,A,D,B,C,B,D,D,A,D,D,D,A,B,B,C,D,D,D,B,D,D,C,C,B,A,C,B,D,D,C,B,D,B,C,A,D,A,A,A,C,A,D
18147753-9,D,B,B,C,C,A,A,B,A,C,A,D,B,C,A,C,B,C,A,D,B,D,B,D,D,B,A,D,D,A,B,C,C,A,A,D,A,D,B,C,C,C,A,C,A,B,B,A,B,D,D,B,A,C,A,A,A,C,A,D
12719842-K,B,C,C,C,D,A,A,A,A,C,A,C,B,B,A,C,B,C,A,D,A,D,D,D,D,C,A,A,B,A,B,,C,C,D,D,A,C,B,A,A,D,A,C,D,D,D,A,B,D,D,B,A,D,A,A,A,C,A,C
19459687-1,D,B,A,C,C,D,A,B,A,D,A,C,A,C,C,C,A,C,A,D,B,B,D,D,D,C,A,D,D,A,B,D,B,C,B,D,A,C,D,C,C,B,A,A,B,D,D,A,A,A,D,B,A,D,C,A,A,C,A,A
19192140-2,D,B,D,C,C,A,A,D,C,C,D,C,D,C,D,B,B,C,A,D,D,C,D,D,B,A,A,A,A,D,B,A,D,A,D,B,A,D,D,C,C,A,A,B,B,B,C,C,B,D,D,B,A,D,D,D,D,B,D,D
18568693-0,D,B,A,B,C,A,A,C,A,C,D,D,C,C,A,C,A,C,D,D,D,D,B,D,C,B,A,D,A,D,B,C,D,A,D,D,C,C,B,A,D,D,B,C,A,D,D,A,B,D,D,B,A,D,D,D,A,C,D,D
18823430-5,D,B,A,C,C,A,A,B,A,D,A,,C,B,A,A,B,A,A,D,,C,D,D,D,D,,A,,D,B,,A,A,D,D,A,D,,C,A,B,A,,,D,D,A,B,D,D,B,A,B,C,D,A,D,B,A
17805158-K,D,C,A,A,C,D,A,C,A,C,A,D,C,C,A,D,A,D,A,A,C,D,B,D,B,D,C,D,D,D,D,B,C,D,D,D,C,D,A,A,A,D,A,A,A,C,B,C,B,D,D,A,D,A,D,B,A,C,A,C
19085565-1,B,B,A,B,C,A,C,A,A,C,C,C,B,C,A,D,C,C,A,D,B,D,B,D,D,C,A,A,B,B,B,D,C,A,D,D,B,C,B,A,C,C,A,C,C,D,D,A,A,D,D,B,A,C,C,A,A,C,A,D
19478630-1,D,B,D,C,D,A,A,B,A,D,A,D,C,B,C,C,C,C,A,C,B,D,A,D,D,B,B,B,D,D,A,A,A,A,D,A,D,D,B,A,C,D,A,C,C,B,D,C,B,D,D,B,A,D,D,D,A,B,B,D
19551229-9,B,B,B,A,C,A,A,D,A,D,A,C,A,C,A,C,B,C,A,D,B,B,B,D,D,C,D,D,D,D,B,B,C,A,D,D,B,C,D,A,A,A,A,C,C,B,A,A,B,D,D,B,A,A,A,B,A,C,A,D
15664015-8,D,C,A,C,C,D,A,B,A,C,B,C,C,B,A,D,D,C,D,D,D,D,B,D,D,A,C,A,C,B,B,A,C,A,C,D,C,C,B,A,C,B,A,C,B,D,C,B,D,A,D,B,A,C,C,A,A,B,A,D
17520191-2,D,A,D,C,C,A,D,D,A,C,A,D,B,D,A,C,B,C,A,D,D,D,B,B,C,A,A,D,B,D,B,A,C,A,D,D,B,D,B,A,C,C,A,C,B,D,C,A,B,D,C,A,D,C,A,D,C,C,B,B
16156581-4,D,B,A,C,C,A,D,B,A,C,A,D,B,C,A,C,B,C,A,A,B,D,B,D,D,C,A,D,B,B,B,D,C,A,D,D,B,D,B,A,C,C,A,C,D,B,B,C,B,D,D,B,A,D,C,D,C,C,A,D
19138894-1,D,A,D,C,C,A,C,D,A,C,C,D,B,D,A,C,B,C,C,D,C,D,B,B,C,A,A,D,B,D,B,A,C,A,D,D,A,D,D,A,C,B,B,A,A,D,D,A,B,C,D,B,A,D,A,A,B,C,A,D
19250225-K,C,B,D,C,C,C,A,B,A,C,C,B,C,C,A,A,B,C,C,D,B,C,B,D,D,C,A,C,C,A,B,B,C,A,D,D,A,C,A,A,D,B,A,C,C,D,D,A,D,D,D,B,A,D,C,A,A,B,B,B
19295846-6,D,B,D,A,C,A,A,B,A,C,A,A,C,B,C,C,B,C,A,B,A,B,A,B,D,B,C,C,C,A,A,C,A,A,A,B,D,C,A,D,D,A,D,B,A,B,D,C,B,D,B,A,A,A,C,B,A,C,C,B
13990110-K,D,B,D,B,C,D,A,B,A,D,A,D,A,C,A,C,B,C,A,D,B,D,B,D,D,C,D,D,B,D,B,D,B,A,D,D,B,D,B,C,C,C,A,C,A,B,D,A,D,D,D,B,A,D,A,A,A,C,A,D
18575630-0,D,B,C,A,C,A,A,B,A,C,C,D,B,B,A,C,B,C,C,D,B,B,B,D,D,C,A,D,B,D,B,D,C,A,D,D,B,D,B,A,C,C,A,C,C,D,D,A,B,D,D,D,A,D,C,A,A,C,A,D
19624291-0,D,D,A,C,C,A,A,B,A,C,A,D,B,D,A,C,C,C,C,D,D,D,B,D,C,C,A,A,C,B,B,D,C,C,D,D,B,D,C,A,C,B,A,C,C,D,D,A,A,A,D,A,A,C,D,D,A,C,A,D
18554164-9,D,C,D,C,C,C,A,B,A,C,A,C,A,B,A,C,B,C,A,D,B,D,B,D,D,D,B,A,B,A,B,A,D,A,D,D,B,C,B,C,C,B,A,C,D,B,D,A,B,D,B,B,D,D,A,A,A,C,A,D
19669706-3,B,B,A,A,C,B,C,B,A,C,A,C,C,A,C,D,A,A,A,D,D,A,B,B,D,D,A,D,D,C,B,D,D,B,D,C,A,D,C,A,C,B,B,C,A,B,A,D,A,D,B,A,D,D,D,D,A,B,A,D
19447126-2,A,A,D,A,C,A,A,B,A,C,A,A,A,C,A,C,D,C,A,D,D,D,B,D,A,A,A,A,D,D,B,D,D,C,B,A,B,A,C,A,C,B,B,B,A,B,D,C,B,D,A,D,B,D,C,A,A,C,A,D
16612662-2,D,C,D,C,B,D,A,B,A,C,A,D,B,B,A,C,D,A,A,D,B,D,D,D,D,C,B,A,B,A,B,D,A,A,D,D,A,C,B,A,C,C,A,C,D,B,D,A,B,C,D,B,A,B,D,A,A,C,A,D
19461783-6,D,A,A,A,A,D,A,B,A,C,B,D,D,B,A,D,B,C,A,D,D,B,B,B,D,A,C,A,D,D,B,A,C,D,D,D,C,D,A,D,D,B,A,A,A,C,D,C,B,D,D,D,D,D,A,A,A,B,D,D
17180339-K,D,D,D,B,A,B,A,B,A,D,C,C,D,D,C,C,A,A,C,D,B,C,D,D,D,D,B,B,A,B,D,D,D,A,D,D,B,C,C,B,A,B,B,D,A,A,D,A,D,D,D,A,D,C,C,D,A,B,A,A
17645409-1,D,A,C,A,C,C,B,B,D,C,C,C,B,C,A,C,B,C,A,D,C,D,B,D,D,C,A,B,B,D,B,A,A,A,D,D,B,C,B,A,C,B,B,A,B,D,C,B,A,D,B,A,D,D,A,A,A,D,A,D
17753823-K,B,A,C,A,A,A,A,D,A,C,A,B,D,A,C,D,B,D,D,D,B,D,D,D,A,A,A,B,C,D,D,A,D,A,B,D,B,C,B,A,C,D,B,C,A,D,D,B,A,C,B,D,B,D,C,A,A,B,C,D
19719075-2,D,C,D,C,C,A,A,B,A,C,C,D,A,C,D,C,B,C,A,A,B,D,D,D,D,A,A,D,C,B,D,C,C,A,D,D,A,D,D,C,C,B,A,C,C,D,A,A,B,D,D,B,A,D,C,A,A,C,D,D
17087879-5,D,D,C,A,C,B,A,A,A,C,D,C,A,D,C,C,B,C,C,A,D,B,B,D,D,C,A,A,C,D,B,C,A,B,D,A,B,C,B,D,C,A,A,C,C,D,D,B,B,D,D,B,A,C,C,D,A,C,A,D
18405462-0,D,D,A,A,C,D,C,C,A,D,A,A,C,B,A,C,B,D,A,D,D,D,B,D,D,A,B,A,A,C,A,A,C,A,D,D,C,C,D,C,A,B,A,A,C,B,D,A,B,A,D,C,D,C,A,A,A,C,A,D
17959051-4,D,B,A,A,C,A,A,C,A,C,A,D,A,A,A,C,B,C,A,A,B,B,B,D,D,C,C,A,D,B,B,C,B,A,D,D,A,D,B,A,A,C,A,C,A,B,D,A,B,D,A,B,A,D,C,C,A,C,B,D
19271195-9,D,C,A,A,D,A,A,B,D,C,A,C,C,D,A,C,C,C,A,D,A,A,B,D,D,D,A,D,B,C,D,C,B,D,D,D,C,D,B,A,C,D,B,B,A,C,D,C,A,A,D,D,A,D,B,D,A,C,A,D
19073984-8,D,C,D,C,C,A,A,B,A,C,D,A,B,C,B,C,A,A,A,B,C,B,B,D,D,D,C,C,D,D,B,D,C,A,D,C,D,D,D,B,D,B,A,A,B,B,D,C,B,D,B,C,A,C,A,A,A,C,A,D
17246412-2,C,B,A,C,C,A,A,B,B,C,C,C,A,B,A,C,C,C,A,D,B,C,B,D,D,C,A,D,B,B,B,D,C,A,D,D,B,D,C,A,C,C,B,C,D,D,D,A,B,D,D,B,A,D,C,A,A,C,A,D
17967182-4,D,D,A,A,C,A,A,B,A,C,D,D,B,C,A,C,B,C,A,D,B,D,B,B,D,C,C,D,B,D,B,C,D,A,D,D,A,D,C,A,C,C,B,C,B,B,D,A,B,D,D,B,A,D,B,A,A,C,A,D
19072554-5,D,B,D,C,C,A,A,B,A,C,A,C,B,D,D,C,C,C,C,B,A,C,D,B,D,A,A,D,C,B,D,D,B,A,D,B,A,D,D,C,C,C,A,C,C,D,D,A,B,B,A,B,A,D,A,A,A,C,A,C
19644857-8,B,D,C,C,A,D,A,B,C,C,B,C,C,C,A,D,B,C,A,D,A,D,D,D,D,C,A,D,C,D,A,D,A,A,D,D,B,C,B,A,D,B,A,A,C,B,C,A,B,D,B,B,A,C,D,D,A,B,A,D
19520977-4,D,D,A,C,C,A,D,D,A,C,A,C,A,D,A,C,B,C,A,D,D,C,B,D,D,A,B,C,A,C,C,C,C,A,D,D,B,C,D,C,D,C,B,B,C,B,D,A,D,D,D,D,A,C,C,D,A,B,A,B
19436035-5,B,B,D,C,C,D,A,B,A,C,C,D,D,B,A,C,B,C,A,A,B,D,A,D,D,C,A,D,C,D,B,A,C,A,D,D,A,C,B,A,C,D,A,C,B,B,D,A,B,D,D,B,A,D,C,A,A,C,D,B
19835230-6,D,D,A,C,C,A,D,D,A,C,A,C,B,D,A,C,B,C,A,D,D,B,B,D,D,A,B,D,A,C,B,C,C,A,D,D,B,C,D,C,D,C,B,B,C,B,C,A,D,D,D,D,A,D,C,A,A,C,A,D
17598283-3,D,C,D,C,D,A,A,B,A,C,C,D,B,C,A,D,B,C,A,D,D,B,D,D,D,C,D,A,D,A,D,D,C,A,D,D,D,D,A,A,C,D,A,C,C,B,D,A,B,D,D,D,A,B,A,A,A,C,D,D
19537961-0,D,B,D,C,C,B,A,A,A,D,C,C,A,C,A,D,D,A,A,D,D,D,B,D,D,C,B,D,B,A,B,A,A,D,D,D,C,C,A,A,B,D,C,D,A,B,D,C,B,D,D,B,A,D,C,A,B,C,A,D
18410096-7,A,,A,C,C,A,B,B,,C,,C,D,C,D,D,A,,A,D,C,D,,,D,,,B,,,D,A,C,A,D,D,,D,B,A,C,,D,,,,D,,,,,,A,D,C,D,A,,A,C
18536317-1,D,D,D,C,C,D,A,B,A,C,A,C,B,C,A,C,B,C,A,D,D,D,B,D,D,B,A,D,D,A,B,D,C,A,D,D,B,C,B,A,D,C,A,C,B,D,D,A,A,D,D,B,A,D,C,A,A,C,D,B
19211348-2,D,B,D,C,C,A,D,B,A,A,A,A,C,B,A,C,B,C,A,A,C,D,B,D,A,C,B,A,B,D,B,D,B,A,D,D,B,D,B,A,C,C,B,C,B,B,D,A,B,D,C,B,A,D,C,C,A,C,A,D
19812479-6,D,B,A,A,C,A,A,A,A,B,C,C,D,B,A,B,B,C,C,A,A,B,B,D,D,A,B,A,C,B,B,A,C,A,D,D,B,C,B,C,C,D,A,C,C,B,B,C,A,D,A,B,A,D,D,A,A,C,D,B
19597063-7,D,C,A,C,C,A,A,B,A,C,C,A,A,B,A,C,B,A,A,D,B,D,D,D,D,C,A,A,C,D,B,D,C,A,D,D,A,C,A,C,C,D,A,C,A,B,D,A,B,D,D,B,A,D,C,B,A,C,A,D
19496586-9,D,D,A,C,C,A,A,B,A,C,C,C,B,B,A,C,B,C,C,A,D,C,D,D,D,,,D,B,D,D,D,C,,D,,C,D,A,D,,,B,,D,B,D,A,B,,B,D,A,D,C,A,A,C,A,D
18172292-4,D,B,A,C,C,A,A,B,A,D,A,C,A,D,A,C,A,C,D,D,D,D,B,D,D,C,C,A,A,D,B,D,A,A,D,C,C,C,B,A,D,D,A,C,B,B,B,A,B,D,D,B,A,C,C,D,C,C,B,D
18775795-9,B,C,C,A,C,D,D,D,A,D,A,C,B,A,D,C,B,C,D,D,C,C,D,D,B,C,A,A,B,D,B,C,C,A,D,D,B,D,B,C,C,C,A,B,A,D,D,C,A,D,A,B,D,C,A,D,A,C,A,D
18346334-9,D,A,A,A,C,D,A,B,A,C,A,C,D,C,D,C,A,C,A,D,C,D,D,D,D,A,A,D,C,B,D,B,C,A,D,D,A,C,C,C,C,B,A,D,C,C,A,C,B,D,D,B,A,C,D,D,C,C,B,D
19456178-4,D,B,A,C,C,D,A,B,A,C,C,C,B,B,A,D,B,C,A,C,D,C,B,D,B,A,B,D,D,D,B,D,A,C,D,D,B,C,B,A,C,B,B,C,A,B,D,B,B,D,D,D,A,D,B,B,A,C,A,D
18299550-9,D,B,D,C,C,D,A,A,A,D,A,C,A,C,D,A,A,C,B,D,C,D,B,D,D,B,A,A,B,D,B,A,A,A,D,C,A,D,B,A,C,D,A,C,B,D,D,A,B,D,D,B,A,D,A,A,A,B,B,B
18449704-2,B,B,A,C,C,C,A,B,A,D,A,C,A,C,A,C,B,C,D,A,B,D,B,D,D,D,C,A,D,D,B,D,A,D,D,D,A,C,A,C,B,B,A,B,B,B,C,D,A,C,D,B,A,B,D,A,A,B,B,D
12394102-0,D,B,D,C,C,A,A,B,A,D,D,D,B,C,A,C,B,C,A,D,B,D,D,D,D,B,A,D,B,D,B,B,A,A,D,D,A,C,B,C,C,B,B,C,B,B,D,A,B,C,D,A,A,D,C,A,A,C,B,D
19072706-8,D,C,A,B,B,B,D,B,A,C,D,C,C,C,A,C,B,C,A,A,B,D,D,D,B,A,D,D,D,B,D,D,B,A,D,D,A,D,C,A,C,C,A,A,A,D,D,B,D,C,B,C,A,B,D,C,A,B,A,A
18065125-K,B,A,A,A,A,D,A,B,A,D,A,C,C,D,C,D,B,C,C,A,D,A,A,D,D,B,C,A,B,D,B,D,C,A,D,D,B,C,D,C,D,D,A,A,D,B,D,C,B,C,D,B,A,C,C,B,A,B,D,D
19511597-4,D,C,B,C,C,D,B,A,A,D,A,A,D,A,C,D,D,C,A,B,B,B,D,C,D,A,B,C,B,D,D,A,A,C,D,D,B,C,B,A,C,B,D,C,B,D,D,D,D,D,B,C,D,D,D,A,C,C,C,D
19344924-7,D,D,A,C,C,D,A,B,A,D,A,C,C,C,A,C,B,C,D,D,B,D,B,D,D,A,C,A,A,D,B,D,C,C,D,D,B,D,A,C,C,C,A,C,B,B,A,A,B,D,C,B,A,D,C,A,B,C,A,D
19126050-3,C,D,A,C,D,B,A,B,A,C,A,A,B,C,A,C,B,C,A,D,B,D,B,D,D,B,C,D,B,B,B,A,C,A,D,B,A,D,B,D,B,A,A,C,B,B,D,C,A,B,B,A,A,C,D,A,A,C,D,D
18837674-6,D,B,C,A,C,A,A,B,D,D,A,D,B,B,A,B,B,C,C,D,B,D,B,B,D,B,C,D,A,B,B,D,D,A,B,D,A,D,B,C,C,D,A,C,B,D,D,A,D,A,A,B,A,D,A,D,A,C,A,A
20361827-1,D,B,A,A,D,B,D,B,A,C,A,A,B,C,A,A,B,C,A,D,D,D,B,D,A,C,C,B,A,D,B,D,B,C,D,D,B,C,C,A,C,C,C,A,B,B,D,A,B,D,A,D,D,D,C,D,A,B,A,D
19254738-5,D,D,A,C,B,D,D,B,A,C,C,D,C,C,A,C,B,C,D,D,D,D,B,B,C,B,A,D,B,D,B,A,D,A,D,D,A,D,B,C,C,C,A,C,A,D,D,A,D,D,D,D,A,D,C,D,A,C,A,D
19836038-4,D,B,A,C,C,A,A,B,A,D,D,C,A,B,A,B,B,C,A,D,A,D,B,D,D,A,C,D,C,B,D,A,C,A,D,B,B,D,D,A,C,D,B,B,A,B,D,B,B,D,D,B,A,D,A,A,A,C,A,B
19281551-7,D,D,A,C,C,A,A,B,A,C,A,D,A,B,A,C,B,C,D,D,D,C,B,D,D,C,A,B,D,A,B,D,C,A,D,D,C,D,C,A,C,B,A,A,D,B,A,A,B,D,C,B,D,C,B,A,A,C,D,D
17619691-2,D,D,D,C,C,A,A,B,B,D,A,C,A,B,A,C,C,C,B,D,B,C,A,A,C,D,D,B,A,A,C,D,C,A,A,D,B,D,A,B,C,C,A,B,A,D,D,B,B,D,B,A,A,C,C,D,D,C,B,D
18407991-7,D,D,D,C,C,A,D,B,A,C,A,C,A,B,A,C,A,A,C,D,B,D,B,D,D,A,C,D,D,A,B,D,B,C,A,D,C,C,B,D,C,D,A,D,C,B,C,C,B,A,D,B,B,C,C,C,A,B,B,B
21318443-1,D,B,B,C,D,C,A,A,A,D,C,A,C,C,A,C,B,C,A,D,B,C,D,C,D,C,B,D,B,B,B,A,D,C,D,D,C,D,D,C,C,B,D,C,B,D,D,D,B,D,D,B,A,B,C,D,A,B,B,D
19032084-7,D,D,A,A,C,A,A,B,C,C,A,D,A,C,A,C,B,C,A,D,B,D,D,D,A,C,A,A,D,D,B,D,C,D,D,D,A,C,B,A,B,C,B,C,D,B,D,B,B,D,D,A,A,A,A,A,A,B,A,D
17352203-7,D,D,A,C,C,D,D,B,A,C,C,C,A,B,A,A,A,C,A,D,B,C,B,D,D,A,A,C,B,D,D,D,B,A,D,D,C,D,B,A,A,D,A,A,B,B,D,A,B,D,D,B,A,C,A,A,A,C,C,B
19183963-3,A,C,D,A,B,D,A,B,A,A,B,C,C,C,A,D,D,C,A,D,B,A,D,D,D,C,A,D,A,B,D,A,B,A,D,D,A,D,C,A,C,C,C,C,A,B,D,A,D,D,D,B,A,D,C,A,A,C,B,D
19400902-K,B,B,D,C,C,D,A,B,A,C,D,D,D,A,A,B,B,C,A,A,C,D,D,D,D,D,A,D,C,D,D,D,C,A,D,D,B,D,B,A,D,D,A,C,B,B,B,C,B,D,D,D,A,D,C,A,A,C,B,D
18617775-4,D,D,A,C,C,D,A,B,A,C,C,C,D,C,A,C,B,C,B,D,D,D,B,D,B,D,A,D,B,A,D,A,A,C,D,D,C,C,C,A,B,D,A,C,B,D,D,A,D,B,D,A,A,C,D,D,A,C,C,D
19152963-4,B,C,D,C,C,A,A,B,A,C,A,C,A,C,A,C,B,C,C,D,C,D,D,B,D,A,A,D,C,B,B,D,D,A,D,D,D,C,B,A,C,C,A,A,D,D,D,A,A,D,A,B,A,D,C,A,A,C,A,D
19498400-6,D,B,A,A,D,A,A,C,A,C,A,C,A,C,A,C,B,C,C,D,D,C,B,B,A,B,B,B,D,D,B,D,D,A,D,D,B,C,B,C,C,D,A,A,C,D,D,A,B,D,D,B,A,C,C,A,A,C,D,A
19168608-K,D,B,C,A,B,A,B,B,A,C,C,D,A,B,C,D,B,C,C,D,D,C,B,D,D,D,B,D,B,C,D,A,A,A,C,D,C,A,A,C,D,C,B,C,A,D,D,C,B,D,D,D,A,C,C,D,D,B,D,D
18127901-K,D,B,A,A,D,A,A,B,A,C,C,D,B,C,A,C,B,C,A,D,B,D,B,D,D,C,C,A,C,D,B,D,C,A,D,D,B,D,D,A,C,C,A,C,D,B,D,A,B,D,D,B,A,D,C,A,A,C,D,D
19521385-2,D,D,C,B,A,C,A,B,B,C,C,C,D,C,B,C,D,C,D,A,B,C,B,B,D,B,D,C,D,D,B,B,B,C,B,D,D,D,D,D,C,C,C,B,D,B,D,B,B,B,C,D,A,B,A,C,A,D,A,B
17403503-2,D,C,A,C,C,A,A,A,A,C,A,C,B,A,A,C,D,C,D,D,D,B,B,D,D,C,A,D,B,A,B,D,C,A,D,D,A,C,B,A,C,C,A,C,A,B,D,A,B,D,D,C,A,D,B,A,A,C,A,D
18291845-8,C,A,D,A,C,A,A,A,B,C,D,B,B,A,A,C,B,C,A,D,C,B,B,D,D,A,A,A,B,D,D,D,C,C,D,A,C,D,C,B,C,B,A,A,A,C,C,B,A,C,B,B,A,C,A,D,A,C,A,D
19175087-K,D,C,D,C,C,D,A,B,A,C,A,A,A,D,A,D,B,A,B,D,D,D,B,D,D,C,D,A,D,A,C,B,B,A,D,D,B,C,A,C,D,B,B,C,A,B,D,A,A,A,D,D,A,D,C,A,B,B,B,A
19461350-4,B,B,A,B,C,A,A,A,A,C,A,B,C,C,A,C,B,C,A,D,C,D,C,D,D,B,B,A,B,C,B,A,C,C,D,D,B,D,D,C,C,C,B,C,B,B,D,A,B,C,A,B,A,C,C,C,C,B,A,D
19321333-2,D,C,A,C,C,D,A,B,D,A,C,A,D,C,D,D,B,C,A,A,D,D,B,C,D,C,C,B,B,B,D,B,A,A,D,D,B,C,B,C,D,B,A,B,C,B,D,B,B,D,A,B,A,D,A,A,A,C,A,D
16928694-9,D,B,C,B,A,D,A,B,A,C,A,C,D,B,D,C,D,D,A,B,D,C,B,D,D,D,A,D,B,C,C,A,A,C,D,D,A,C,B,A,D,D,A,B,A,D,D,B,B,D,D,B,A,D,C,D,A,C,B,D
19013241-2,D,B,D,C,C,A,D,B,A,C,A,C,B,C,A,C,B,C,A,D,B,A,B,D,D,C,A,A,B,D,B,B,B,A,D,C,A,C,B,A,C,B,A,C,A,B,D,A,A,A,D,B,A,B,C,D,C,C,A,D
19436737-6,D,B,A,A,B,A,D,B,B,C,D,C,D,B,A,B,B,C,C,C,D,A,D,C,D,B,A,D,D,D,C,A,C,A,D,D,A,C,A,A,C,C,B,D,C,B,D,B,C,B,D,D,A,C,B,D,B,B,B,D
19344516-0,D,B,A,C,C,A,A,A,A,D,D,D,D,D,C,C,B,C,D,D,D,D,B,D,D,A,A,D,D,C,C,D,D,A,B,D,A,C,A,D,D,B,B,C,A,B,B,C,D,D,D,B,D,D,D,D,A,B,B,D
17879333-0,C,B,A,C,C,A,A,B,A,C,C,C,A,C,A,C,B,A,A,C,B,C,B,D,D,C,C,D,B,D,B,D,C,A,D,D,A,C,A,A,C,C,B,A,A,B,A,A,B,D,D,B,A,D,C,A,A,C,D,A
11971277-7,D,B,A,C,C,A,A,A,A,C,A,B,A,B,A,C,B,C,D,D,B,B,B,D,D,B,D,D,D,A,D,A,C,D,D,D,B,C,B,A,B,B,B,C,A,B,D,B,A,D,D,C,D,B,C,A,C,B,D,B
19515309-4,D,D,A,C,C,A,A,B,A,C,B,D,B,C,A,C,B,C,A,D,C,D,B,D,D,C,D,D,B,D,B,D,C,C,D,D,B,D,A,A,C,C,A,C,A,B,D,A,B,D,D,B,A,D,C,D,A,C,D,D
17266268-4,A,A,C,C,B,D,D,A,A,C,C,C,D,B,A,C,B,C,C,D,B,D,B,B,D,C,B,A,B,D,D,B,C,A,A,C,C,D,C,A,D,D,B,A,C,D,A,A,D,A,D,A,D,C,A,A,D,C,A,B
19514563-6,D,B,A,C,C,D,A,B,A,C,D,C,B,C,D,C,C,C,D,C,C,B,D,D,D,B,B,C,B,A,B,B,D,D,D,D,B,C,B,B,C,C,A,C,B,D,B,A,B,C,D,B,A,D,C,A,A,C,B,C
18762048-1,B,A,D,C,C,A,D,B,D,C,D,C,A,C,A,D,D,C,D,C,B,D,B,D,D,D,B,C,A,D,D,A,D,A,D,D,C,C,B,A,C,A,A,D,B,D,D,C,D,D,D,A,B,D,A,D,A,B,A,D
21725198-2,B,B,D,A,C,A,D,B,A,A,C,C,C,B,A,A,A,C,C,A,B,D,D,D,D,A,B,A,D,A,B,D,C,A,D,D,B,A,A,C,C,B,A,C,D,B,D,A,B,C,B,B,A,C,C,D,A,C,D,D
18834797-5,B,B,D,B,D,A,A,B,B,D,C,C,B,B,D,C,B,C,A,D,D,D,D,D,D,A,B,B,D,D,B,C,C,A,D,D,B,D,B,A,A,D,A,A,B,D,D,A,B,A,D,A,A,D,C,A,A,C,D,B
17177921-9,D,D,D,C,C,B,A,B,A,D,A,C,B,B,A,C,B,C,A,D,C,B,A,D,C,C,C,A,A,B,B,D,C,D,B,D,B,C,C,A,A,C,B,C,B,B,C,C,A,A,B,B,D,D,A,A,D,D,A,B
18446269-9,B,B,C,C,C,D,A,B,A,D,C,C,B,C,C,B,B,B,A,D,C,C,B,D,D,C,B,B,C,A,A,D,C,C,D,D,C,C,B,A,C,D,A,C,A,B,D,A,B,D,D,A,D,D,A,A,A,C,A,D
18842646-8,D,B,A,C,C,A,A,B,A,C,B,C,A,B,D,A,B,C,C,B,D,B,D,D,D,D,A,B,D,B,D,B,C,B,D,B,C,C,C,A,C,C,B,B,D,C,D,A,B,D,D,A,D,D,A,D,A,C,C,D
13996243-5,D,B,D,A,D,A,A,B,A,C,C,C,C,C,A,A,A,C,A,D,B,C,B,D,A,D,A,A,B,C,B,D,C,A,D,D,B,C,B,A,C,C,A,C,A,B,D,A,B,D,D,D,A,D,C,A,A,C,A,B
19490276-K,B,B,D,C,D,A,A,B,A,D,A,C,A,B,A,D,B,C,D,D,B,D,B,D,D,C,A,D,A,D,D,C,D,B,B,D,A,D,C,C,D,B,A,A,A,D,D,A,B,D,D,B,A,C,B,A,A,C,D,D
18165972-6,B,D,D,C,C,D,B,C,A,C,A,D,A,B,A,C,C,C,A,D,D,B,A,D,D,C,D,B,B,B,B,B,C,A,D,D,C,D,D,A,C,C,A,B,A,D,B,A,B,D,D,B,A,C,B,C,A,C,D,D
19124411-7,D,B,D,C,C,A,A,B,A,C,C,D,B,B,A,A,C,C,A,A,B,D,D,D,D,C,C,B,B,D,D,D,C,A,D,D,B,C,A,A,C,B,A,C,B,B,D,A,B,D,B,B,A,C,A,C,B,B,D,D
18622476-0,D,B,D,C,C,D,A,A,A,C,A,C,A,C,A,C,B,C,A,D,C,A,B,D,D,C,A,A,D,D,B,D,C,A,C,D,B,C,B,A,A,C,A,C,C,B,D,A,B,D,A,B,A,C,C,A,A,C,A,D
19739484-6,D,B,C,C,A,D,A,B,A,C,C,C,B,C,A,C,B,C,A,D,B,C,B,D,D,C,B,D,C,D,B,D,C,A,D,D,B,C,B,A,C,D,A,C,B,B,D,A,B,D,D,A,A,D,C,D,A,C,A,D
19309173-3,B,B,A,C,C,A,A,B,A,C,C,A,A,C,A,D,B,C,A,D,B,D,B,D,D,C,A,A,C,D,B,C,C,A,A,D,B,C,B,A,C,D,A,C,A,B,D,A,B,D,D,B,A,D,C,A,A,C,A,B
17496598-6,B,B,A,A,A,B,A,B,A,A,B,C,D,D,D,D,A,C,D,D,A,C,D,B,D,D,B,D,B,D,B,A,D,A,D,D,D,D,B,A,C,D,A,C,D,B,D,A,B,A,D,B,D,C,B,C,D,B,A,D
19515685-9,C,B,D,A,C,A,A,C,A,C,A,D,C,B,A,C,A,C,D,C,D,A,D,B,D,B,B,A,D,D,B,D,D,A,D,D,A,C,D,B,C,A,A,C,D,B,D,C,D,D,A,C,D,B,C,D,B,B,A,B
19160772-4,B,B,D,C,C,A,D,B,A,C,C,D,B,B,A,C,B,C,A,D,B,D,A,D,D,C,A,D,B,D,B,A,C,A,D,D,B,C,A,C,C,D,A,C,D,B,D,A,B,D,D,B,B,D,C,A,A,C,A,B
19757167-5,D,B,C,B,C,A,D,B,A,C,B,C,A,A,A,C,B,C,A,D,D,D,B,A,B,A,B,D,B,D,B,D,C,A,D,B,A,D,D,C,D,C,A,C,A,B,D,C,B,D,D,A,D,D,A,A,C,B,A,D
19666444-0,D,C,B,C,C,B,B,B,A,C,A,C,D,D,D,A,B,C,D,B,B,A,B,C,C,C,C,A,B,A,B,D,C,A,A,D,A,D,A,A,C,D,A,B,B,B,D,A,B,A,D,B,A,D,D,A,A,C,A,D
18022794-6,B,A,A,A,C,A,A,B,A,D,A,C,C,B,A,B,D,C,D,D,B,D,B,D,A,D,A,D,A,A,B,A,D,B,D,B,B,C,B,C,A,B,A,C,C,B,D,B,B,D,D,C,D,D,C,D,A,C,B,A
18485439-2,D,B,D,C,C,A,A,B,A,C,C,D,B,B,A,C,B,C,A,C,B,D,B,D,D,C,A,A,B,D,B,A,C,A,A,D,B,D,B,A,C,D,A,C,B,B,D,A,B,D,D,B,A,D,A,A,A,C,A,D
19625126-K,D,D,C,A,C,D,A,B,A,C,A,A,A,D,A,C,D,A,A,D,B,C,D,D,D,A,B,A,C,D,D,A,B,D,D,D,C,D,C,C,C,C,A,C,C,A,D,A,B,D,D,A,A,C,A,D,A,B,D,D
17615312-1,D,B,D,B,A,A,D,B,A,C,D,C,B,C,A,D,B,A,A,D,B,D,D,B,D,C,B,D,A,D,D,D,C,A,D,D,A,D,B,B,C,C,A,C,C,B,D,A,D,A,D,D,A,C,D,C,B,D,C,B
18592558-7,D,B,A,C,C,C,A,B,A,C,A,D,C,C,A,C,B,A,A,D,B,D,B,D,D,C,B,D,D,B,B,D,B,A,D,D,B,D,B,C,C,B,A,C,B,D,D,A,D,D,D,D,A,D,C,A,A,C,A,D
19284803-2,D,D,A,C,C,A,A,B,A,C,A,D,B,D,A,C,B,C,A,D,B,D,B,D,D,C,A,D,B,A,D,D,C,A,D,D,B,D,D,A,C,B,A,C,B,B,A,A,B,D,D,B,A,D,C,A,C,C,A,D
18732053-4,D,A,A,A,C,C,D,B,A,C,C,D,C,B,C,D,C,C,A,C,B,D,D,D,D,A,A,B,D,D,D,D,D,A,D,D,B,D,B,C,C,D,A,B,A,D,D,A,A,C,C,B,D,C,D,D,A,D,D,D
19009914-8,A,D,D,B,C,A,C,B,A,C,C,A,C,A,A,B,A,C,A,D,B,D,B,B,D,A,C,D,B,A,B,B,A,A,B,D,D,C,B,A,B,B,A,B,A,C,A,B,B,A,D,C,A,D,C,A,A,B,B,D
19517601-9,D,C,A,A,B,B,A,B,A,C,C,D,B,C,A,C,B,C,A,D,D,D,B,D,C,B,A,A,D,A,D,C,D,A,D,D,C,D,B,A,C,A,A,A,A,D,C,A,D,A,D,B,D,B,C,C,D,C,A,D
19554941-9,D,B,A,C,C,A,C,B,A,D,A,A,A,A,C,C,B,C,C,D,D,D,D,D,D,C,B,B,B,D,B,B,A,A,D,C,C,A,A,A,C,B,B,C,B,B,D,C,D,D,D,A,D,C,A,A,A,C,A,B
19034396-0,D,B,D,C,C,A,A,B,A,C,C,D,B,C,A,C,B,C,A,D,B,D,B,D,C,C,A,D,B,B,B,B,C,A,D,D,B,C,C,A,C,C,A,C,B,B,D,A,B,D,D,B,A,D,C,A,A,C,A,B
19517045-2,D,B,A,C,C,A,A,B,A,C,A,D,B,C,A,C,A,C,A,B,D,D,B,D,D,C,B,D,C,B,B,A,C,A,D,D,C,C,A,C,D,C,A,C,D,D,C,A,A,D,D,B,A,D,A,D,A,C,D,D
18606480-1,D,D,C,C,,D,A,B,A,C,C,C,A,C,A,C,D,,A,D,D,B,B,D,D,B,,A,B,D,D,D,B,A,C,D,A,C,A,B,D,B,B,C,,A,D,A,B,D,D,B,A,B,A,A,A,C,D,D
19180511-9,D,B,D,A,C,D,C,B,A,C,C,C,A,B,C,C,B,C,A,D,A,D,B,D,D,C,A,B,D,A,B,B,C,A,D,A,D,D,C,C,D,C,A,A,B,D,D,D,A,D,D,D,B,A,A,D,D,D,B,B
18747698-4,A,B,C,A,C,A,A,B,B,C,D,D,C,C,A,C,B,B,A,D,A,D,B,D,D,D,A,A,D,D,D,D,D,A,D,D,C,D,D,C,C,B,B,B,A,D,D,C,A,D,D,A,A,D,B,A,A,B,B,D
17740856-5,B,A,B,B,C,B,A,C,C,C,A,D,A,D,A,C,B,C,D,D,B,D,A,D,D,C,A,A,D,D,D,D,A,C,D,D,C,C,B,A,C,B,C,C,B,D,D,A,B,D,D,C,A,C,D,D,C,C,B,D
18935196-8,D,B,D,C,C,A,A,B,A,C,A,A,D,B,C,C,A,C,D,A,B,C,B,D,D,C,A,A,B,B,D,D,B,A,B,D,A,D,C,A,D,C,A,A,B,B,D,C,D,C,D,B,A,A,C,A,A,C,A,C
19663702-8,B,A,A,C,D,A,D,B,D,C,A,B,B,B,A,C,C,D,A,D,D,D,A,A,D,D,D,A,A,A,A,D,D,B,D,C,C,C,D,D,D,B,B,C,B,B,D,C,B,D,C,B,A,C,C,D,C,C,A,D
17064862-5,B,D,A,C,C,B,A,B,A,C,D,D,B,B,A,C,A,C,A,D,B,B,B,D,C,A,D,D,B,A,B,A,C,A,D,D,B,C,B,A,C,D,A,A,D,B,A,A,A,A,D,B,C,D,A,D,A,C,B,A
19215191-0,D,D,A,A,C,A,A,B,A,D,C,D,A,C,A,D,A,C,C,D,B,D,D,D,D,C,A,A,B,C,B,D,C,A,D,D,B,C,B,A,C,D,B,C,A,B,C,A,B,D,D,B,A,D,C,A,A,C,A,D
17982365-9,B,B,C,C,C,A,A,B,A,C,A,C,B,B,A,C,B,C,A,C,B,D,B,A,D,C,A,D,D,A,D,D,A,D,D,B,A,D,C,D,C,C,A,A,A,B,D,A,B,D,D,B,A,C,A,D,C,C,D,B
19596040-2,D,B,A,C,B,B,A,B,A,A,A,C,A,C,A,C,B,C,A,D,D,B,D,D,D,C,A,A,A,D,B,D,C,A,D,D,C,D,B,A,C,B,B,C,D,B,D,A,B,A,D,B,A,C,C,C,A,C,A,A
10232175-8,D,D,D,C,C,A,C,C,A,D,D,C,A,D,A,D,A,C,D,D,D,B,B,C,D,C,C,B,D,D,B,C,C,A,D,D,C,C,D,A,C,A,D,A,D,A,C,C,A,B,A,D,A,C,D,D,C,D,A,D
17787792-1,D,B,D,C,C,D,A,C,A,D,D,D,A,B,D,C,D,C,D,D,D,B,B,D,D,A,C,D,B,A,B,D,C,A,D,D,A,D,B,A,C,C,A,A,B,D,D,B,B,D,A,B,A,D,D,A,A,D,B,B
17679184-5,D,D,A,D,B,A,A,B,A,A,A,C,A,B,A,C,D,C,D,D,A,A,A,D,C,D,A,B,C,B,D,B,C,A,D,D,C,D,C,D,B,C,A,A,A,B,C,A,A,D,D,B,A,D,C,D,A,C,D,D
19473639-8,A,B,A,A,B,D,A,B,A,A,D,D,D,C,D,C,C,A,C,D,A,D,A,D,D,D,B,C,C,A,C,A,B,B,B,C,C,C,D,C,B,B,B,D,D,C,B,B,B,D,C,C,A,D,B,D,B,B,B,D
17516846-K,C,C,A,A,C,B,C,B,A,C,D,A,B,B,A,C,C,C,D,B,D,D,B,D,D,A,A,D,D,B,B,A,D,B,D,C,D,A,D,A,C,D,A,D,A,B,D,A,D,D,A,A,D,B,A,A,A,C,A,D
19625204-5,D,D,D,C,C,D,A,B,A,C,D,C,C,B,A,A,B,A,D,D,A,D,B,D,D,A,A,A,C,A,D,A,C,A,C,D,B,C,D,D,C,B,D,A,A,D,D,C,B,D,D,D,D,C,A,A,D,B,A,D
18694422-4,B,B,A,A,B,D,B,B,A,C,A,D,A,C,D,D,B,C,D,A,D,B,B,B,D,C,C,B,D,D,B,A,B,A,D,D,C,D,D,C,D,B,A,C,A,B,B,B,B,D,B,D,A,D,C,A,A,C,B,D
19399726-0,D,B,D,A,C,A,A,B,A,C,A,D,D,C,A,C,A,C,A,D,B,A,B,D,D,D,B,D,D,D,D,D,C,A,D,D,C,C,D,A,C,C,A,A,C,B,D,A,B,D,D,B,A,C,C,D,A,B,B,D
19192596-3,D,C,A,C,C,A,A,B,A,C,A,C,B,C,A,D,B,C,C,D,B,D,B,D,C,C,A,C,D,A,B,D,C,B,D,D,A,C,D,C,C,D,A,D,A,B,D,C,B,D,A,A,A,C,C,D,A,C,A,D
19469379-6,D,B,B,C,C,A,A,B,A,D,A,C,C,C,A,D,D,C,A,C,D,B,B,D,D,A,B,D,B,D,D,A,C,C,A,D,B,C,B,C,A,B,A,C,B,B,D,A,B,D,D,C,A,C,C,A,A,B,A,D
18018195-4,D,B,A,C,C,D,A,D,A,C,A,C,B,D,D,D,C,C,D,C,D,D,B,B,A,B,A,D,C,D,B,A,D,A,C,B,A,D,A,A,A,C,A,B,B,B,B,C,B,D,A,B,D,D,A,D,C,C,A,D
19322607-8,D,B,D,C,C,D,D,B,A,A,D,C,C,A,A,C,B,C,A,D,B,C,D,D,D,C,B,A,D,B,D,D,C,A,C,D,A,C,D,C,C,D,B,A,A,B,D,A,B,D,D,D,A,D,B,A,A,C,D,B
18998869-9,D,D,A,C,C,A,A,B,A,C,D,C,A,A,A,C,C,D,C,D,B,D,B,D,D,A,A,D,B,D,B,D,D,C,D,D,C,C,B,D,C,B,B,A,A,D,D,A,B,D,D,A,A,C,C,A,A,C,A,D
19428189-7,D,B,A,A,C,A,A,B,A,C,C,D,D,C,A,B,B,C,C,A,D,D,A,D,D,D,A,A,A,A,B,D,A,A,D,D,B,D,B,A,C,C,A,C,B,B,D,A,B,D,D,C,A,B,A,A,C,B,B,D
13937586-6,D,B,D,A,D,D,A,B,B,C,D,D,C,B,D,C,D,C,D,D,B,D,B,D,D,C,A,B,C,A,B,D,C,A,D,A,A,C,B,A,C,D,A,C,A,B,D,A,B,D,D,A,B,D,D,A,A,D,B,D
19308973-9,D,B,A,C,B,D,D,B,A,D,D,C,A,A,D,C,B,C,C,D,D,D,B,D,D,B,B,D,B,D,B,D,C,B,D,D,A,C,D,A,C,D,A,C,A,B,C,A,B,D,D,B,A,B,C,A,A,C,C,D
18673080-1,D,D,A,C,D,C,A,B,A,D,C,C,A,B,A,C,C,C,A,D,B,C,B,D,B,D,A,D,B,D,D,D,C,D,D,D,B,D,B,A,C,D,A,C,B,B,B,C,D,D,D,C,A,D,C,A,B,C,A,D
17720753-5,D,B,A,C,B,C,A,B,A,A,A,C,A,C,A,C,B,D,A,D,D,D,B,B,D,C,A,B,D,D,B,D,D,A,D,D,A,C,C,D,B,C,A,C,C,B,D,A,B,D,D,,A,D,C,A,A,,,
15076869-1,D,C,D,A,D,A,A,B,A,C,A,A,D,C,A,D,C,C,A,D,C,D,D,D,D,D,A,A,C,D,B,D,D,A,D,D,C,A,D,C,A,B,B,B,D,D,C,A,B,A,D,D,A,C,A,A,A,B,A,D
17678446-6,D,B,A,C,C,D,A,B,A,C,C,D,B,C,A,C,B,C,A,D,B,A,B,D,D,C,D,A,D,D,B,C,C,A,D,D,B,D,B,A,C,C,A,C,B,B,D,A,B,D,D,B,A,C,C,D,A,C,A,D
15340606-5,D,C,A,C,C,A,A,D,A,D,C,C,C,D,A,A,B,A,C,D,D,D,B,D,D,C,C,D,B,D,B,D,D,A,D,D,A,C,B,C,C,C,A,C,B,D,A,B,D,D,C,B,B,C,D,A,A,B,D,D
19253414-3,D,B,D,C,C,C,A,B,A,C,A,C,D,C,A,C,B,C,A,D,B,D,B,D,D,C,D,D,D,D,B,D,B,B,D,D,A,C,B,A,C,C,A,C,A,B,D,A,B,D,D,B,A,D,A,A,A,C,A,B
17485673-7,D,B,A,C,C,A,A,B,A,C,A,C,A,C,B,C,B,C,C,C,B,D,B,D,B,A,B,B,A,D,B,B,D,A,B,C,B,C,B,D,B,A,B,A,A,B,D,A,B,D,D,B,A,C,A,A,A,C,B,B
18639977-3,D,D,A,C,C,A,A,B,A,C,D,C,A,B,A,C,B,D,C,A,B,D,D,D,D,C,D,A,B,D,B,D,D,A,D,D,A,C,B,A,C,C,A,C,B,B,A,A,B,D,B,B,A,D,C,A,A,C,D,D
18424000-9,D,D,D,A,C,D,D,D,A,B,A,C,A,B,A,C,B,C,C,D,B,C,B,D,D,A,A,A,D,B,B,D,C,A,D,D,C,C,B,A,C,B,A,B,B,D,D,A,B,D,D,D,A,D,A,A,A,B,B,D
17497107-2,D,B,D,C,C,A,A,B,A,D,B,C,C,B,A,C,B,C,A,D,D,D,B,D,D,D,A,A,A,D,B,A,A,C,D,D,B,C,B,A,C,D,A,C,A,A,D,A,A,D,A,B,A,D,A,D,B,C,D,D
18801932-3,D,B,D,C,D,A,A,B,A,C,A,C,C,C,A,C,B,C,A,D,B,A,A,D,D,A,B,A,C,D,B,C,D,D,D,D,C,D,B,C,C,D,B,C,B,B,D,A,B,D,D,B,A,D,A,C,A,B,A,D
16502628-4,A,D,A,A,C,D,D,B,C,D,D,B,C,D,A,C,C,C,A,D,D,B,D,B,D,A,B,D,D,C,B,A,A,B,D,B,C,B,B,A,D,D,B,C,B,B,C,B,B,D,B,C,A,D,A,D,B,D,A,C
19219406-7,D,D,A,C,D,A,A,B,A,C,C,B,B,C,A,C,B,C,A,D,B,D,D,D,D,C,D,A,A,D,B,D,C,C,D,D,B,A,B,C,C,B,B,C,A,B,D,A,B,D,D,B,A,B,C,D,A,C,A,D
18025525-7,D,B,A,B,C,A,A,B,A,C,A,C,B,B,A,C,B,C,A,D,B,C,B,D,D,B,B,A,D,D,D,B,C,A,D,D,B,D,B,A,C,C,A,B,A,B,D,A,B,D,B,B,A,D,C,A,A,C,A,D
18960316-9,B,D,A,B,D,A,A,B,A,C,A,A,C,C,A,A,A,C,C,A,B,B,D,D,A,D,D,A,D,B,B,D,B,C,C,D,C,D,C,C,B,B,A,C,B,B,D,A,A,D,B,B,A,D,C,D,A,C,B,D
18045591-4,D,B,B,C,B,A,A,B,A,D,C,C,A,C,A,B,A,C,D,A,B,D,D,B,C,A,C,D,D,A,B,A,D,A,D,D,C,D,D,D,C,B,A,B,B,B,D,A,B,C,D,B,A,B,C,D,B,D,A,D
19165213-4,D,A,A,C,B,A,A,B,A,C,C,C,C,B,D,D,D,C,D,D,A,B,B,D,D,A,C,A,C,A,B,B,C,A,D,D,B,C,A,A,C,C,A,C,B,B,D,A,B,A,D,B,A,D,C,D,B,C,A,D
19250409-0,D,B,A,A,C,C,A,B,A,C,A,D,B,B,A,C,B,C,A,B,B,D,B,D,D,C,A,D,D,D,B,D,C,A,D,B,B,D,B,A,C,B,A,B,B,B,D,B,B,B,B,B,A,C,C,C,A,C,A,B
17409347-4,D,C,C,C,C,A,A,B,A,C,B,A,A,B,A,C,B,C,C,D,D,D,B,D,A,C,A,D,A,A,D,D,C,C,D,D,A,C,B,A,C,B,A,C,A,B,D,A,B,D,D,D,D,C,C,A,A,C,A,D
19734158-0,D,B,A,C,C,A,A,B,A,C,C,D,A,D,D,B,B,C,A,C,B,D,B,C,C,B,B,A,B,A,B,A,C,A,D,D,A,D,B,C,C,C,A,B,B,B,D,A,B,D,A,B,A,D,C,A,A,C,B,B
16747399-7,D,C,A,A,C,D,A,B,B,C,B,C,B,B,A,C,B,C,A,A,B,D,D,D,A,C,A,A,B,C,B,D,C,A,D,D,A,C,B,A,C,C,A,C,B,B,B,A,D,D,D,B,A,D,C,A,A,C,A,D
19632197-7,B,B,A,C,C,A,A,B,A,C,C,B,B,C,A,C,B,C,A,A,D,B,B,B,A,C,B,D,C,A,B,D,D,A,D,D,A,C,B,A,C,C,A,C,A,B,D,C,B,D,B,B,A,B,A,B,A,C,A,B
19395093-0,D,B,C,C,C,A,A,B,A,C,D,D,B,C,A,C,D,A,A,D,C,C,B,D,D,A,B,D,C,D,B,D,A,D,D,A,C,D,C,D,C,B,B,C,B,B,D,A,B,C,D,C,D,D,C,C,A,B,B,D
19355391-5,D,B,D,A,C,A,A,A,C,C,A,C,A,C,A,C,B,A,A,B,B,D,B,D,A,C,B,A,D,A,B,C,B,A,D,D,C,D,B,C,B,D,A,C,B,B,D,A,A,B,B,B,B,D,A,A,A,C,A,B
18833614-0,D,D,A,A,D,D,A,C,A,C,A,B,A,C,D,D,C,D,A,C,D,D,A,D,D,A,A,D,A,B,B,D,C,D,D,B,C,C,B,A,A,B,B,C,D,B,A,C,B,B,D,B,A,B,C,D,A,C,B,D
19012478-9,D,B,A,A,C,D,A,B,A,D,D,A,B,C,A,D,B,A,A,D,B,D,B,D,D,A,C,D,D,D,B,D,D,C,D,B,C,C,C,B,C,D,A,C,D,B,D,A,D,D,A,A,A,D,C,D,B,D,A,A
18948408-9,D,C,D,C,D,D,D,B,A,C,C,C,B,D,D,C,B,C,D,D,D,C,D,,D,,A,D,A,B,B,A,A,A,C,D,C,A,B,A,C,,,B,,A,D,C,D,D,D,A,B,A,D,C,A,C,C,D
19525674-8,D,D,A,C,C,A,A,B,A,C,C,D,B,C,A,C,B,C,C,A,D,D,B,D,D,C,A,D,B,D,B,D,C,A,D,D,C,D,B,A,C,C,A,C,D,B,D,A,B,D,D,B,A,D,B,A,A,C,A,D
18558759-2,D,B,A,C,D,A,A,C,A,C,C,C,B,D,C,C,B,C,A,D,D,D,B,B,D,C,A,B,B,D,B,D,C,A,D,D,B,C,A,C,D,A,B,C,C,D,D,A,B,D,A,B,A,D,C,D,A,C,D,B
19198846-9,B,D,A,C,C,A,B,B,A,C,A,D,C,C,D,C,B,C,A,D,D,D,B,D,D,C,A,D,A,D,A,A,C,A,D,D,D,C,D,A,C,C,B,C,A,D,D,D,B,D,D,D,A,D,C,A,A,C,D,B
18919090-5,D,D,B,C,C,A,A,B,A,C,A,D,B,C,A,A,C,D,D,D,D,C,B,D,C,B,A,D,B,D,B,D,C,A,D,A,C,D,A,A,C,B,A,A,A,B,D,D,B,A,D,B,A,B,C,D,A,B,B,D
18591370-8,C,D,A,D,B,D,A,B,B,C,A,C,D,C,D,A,B,C,B,D,B,B,D,D,D,B,B,A,B,D,B,A,C,A,C,D,A,D,A,A,C,A,B,B,A,B,D,A,B,A,B,B,A,D,C,A,A,C,A,B
13054338-3,C,B,D,B,C,B,A,D,B,D,A,D,B,C,A,C,B,C,A,D,B,D,B,D,D,C,B,D,C,B,B,D,A,B,D,C,A,D,A,A,C,B,A,C,B,D,D,A,B,C,A,B,D,B,B,A,A,C,A,D
19782003-9,B,C,C,C,B,D,A,C,A,C,C,D,C,C,D,D,C,C,A,D,D,D,B,D,D,A,A,D,D,D,D,D,C,A,B,D,C,D,B,C,B,B,A,B,A,D,D,A,B,D,D,B,D,B,C,A,A,B,A,B
19154158-8,D,B,C,A,C,A,A,B,A,C,D,C,A,C,A,D,C,C,A,D,D,D,B,D,D,D,C,A,B,A,B,D,C,A,B,D,B,C,B,A,C,C,A,B,B,D,D,D,B,D,A,B,A,C,A,C,A,D,B,C
19536773-6,D,B,A,A,C,A,A,B,A,C,A,D,B,C,A,B,B,C,D,D,B,D,D,D,D,A,B,D,D,B,B,C,C,A,D,A,A,C,A,A,C,B,A,A,B,B,D,D,B,D,A,B,A,C,C,A,A,B,C,B
16882187-5,D,B,A,C,C,D,A,B,A,C,A,D,A,B,C,C,A,C,A,D,B,B,D,D,D,B,A,D,C,C,B,B,C,C,D,B,A,C,C,A,C,C,B,C,B,A,D,A,B,D,D,B,A,D,C,A,A,C,B,D
18837788-2,D,D,A,C,B,A,D,B,A,C,C,C,A,C,A,D,B,C,A,B,C,D,B,D,D,B,A,C,B,B,B,C,C,A,D,D,B,D,B,C,C,C,A,B,B,B,D,A,B,D,D,B,A,D,C,A,A,B,A,B
18619493-4,D,D,C,C,C,A,A,B,A,D,A,D,D,C,A,C,C,C,D,D,B,C,B,D,D,C,A,D,D,D,B,A,D,A,D,D,A,D,A,A,C,B,B,C,B,D,D,A,B,D,D,D,A,C,C,D,A,B,A,D
19336095-5,D,B,A,A,A,A,A,B,A,C,A,D,B,C,A,C,B,C,A,D,B,C,B,D,D,C,B,A,D,A,B,A,C,A,D,D,A,C,C,A,C,D,A,C,A,B,D,A,B,D,D,B,A,D,C,A,A,C,A,D
18174486-3,D,B,A,C,C,A,A,B,A,C,A,C,B,C,A,C,B,C,C,A,A,B,B,D,D,B,A,D,D,A,B,D,C,A,A,D,A,D,D,A,C,C,A,C,B,B,B,A,B,D,D,B,A,D,A,A,A,D,A,B
18476218-8,B,B,A,B,C,A,A,B,A,C,C,D,B,B,A,A,B,C,D,D,B,D,D,D,C,C,B,D,C,D,B,D,C,A,D,D,B,D,B,C,C,C,A,C,B,D,D,A,B,A,D,D,A,C,C,D,B,C,A,D
18055101-8,D,B,A,C,C,C,A,B,A,C,D,C,C,B,A,A,D,A,C,D,D,D,B,D,D,A,A,D,B,D,B,A,D,A,D,D,C,C,B,C,C,D,A,D,B,B,D,A,D,D,D,B,B,C,D,A,A,B,D,D
18893530-3,A,A,B,C,C,A,C,B,A,C,A,A,C,A,A,C,D,B,A,B,B,C,B,A,B,A,C,B,B,A,B,B,A,A,A,C,A,C,C,C,B,B,B,B,C,B,D,A,B,D,A,B,B,C,C,A,A,B,A,D
16804499-2,D,D,A,C,C,A,B,C,A,D,C,C,D,C,D,C,D,C,D,D,D,D,B,B,D,B,D,C,C,A,D,D,D,C,D,D,A,D,B,A,D,D,A,C,A,B,D,C,D,D,D,B,A,D,D,D,A,C,D,D
19575645-7,B,D,B,C,C,D,A,B,A,C,C,C,B,C,A,D,B,C,A,A,D,A,B,D,D,C,A,D,D,D,D,A,B,A,D,D,A,C,A,C,A,D,D,C,D,B,D,B,B,B,B,B,D,C,C,A,C,C,D,B
18587657-8,D,B,C,C,D,D,A,B,A,C,D,D,B,C,A,C,B,C,A,D,B,D,D,D,D,A,A,B,D,D,B,B,D,A,D,D,A,D,B,A,D,B,A,C,A,B,D,A,B,D,D,B,A,D,A,A,A,C,D,D
17703463-0,D,B,A,C,B,A,A,B,A,C,A,D,B,C,A,C,B,C,A,D,B,D,B,D,C,C,A,D,D,D,B,D,C,A,D,D,B,D,B,A,C,C,A,C,A,B,B,A,B,D,D,B,A,D,C,D,A,C,A,D
19133083-8,D,D,A,B,D,A,A,B,A,C,C,B,D,C,D,D,B,C,D,A,C,D,B,D,B,C,A,D,B,D,B,D,C,D,D,D,C,C,C,D,A,A,B,A,B,D,B,A,A,C,D,C,D,D,C,A,A,C,D,D
19266515-9,D,B,C,C,D,D,A,B,A,C,B,C,B,D,C,C,C,A,D,D,B,C,B,D,D,D,B,C,D,D,A,B,C,C,B,A,C,C,B,A,A,C,D,B,A,D,D,B,B,D,D,D,A,C,D,B,A,C,B,D
19984889-5,D,B,C,C,C,B,A,B,A,C,A,A,A,B,C,C,B,C,C,A,B,D,B,B,D,A,A,A,A,A,B,B,C,A,D,D,A,C,B,C,C,C,A,A,B,B,D,A,B,D,B,B,A,D,A,A,A,C,D,D
19254063-1,D,C,A,C,C,D,A,B,A,C,D,C,B,D,A,D,B,C,A,D,B,D,A,D,D,A,B,A,D,B,B,D,C,A,D,D,C,D,B,C,C,B,A,C,A,B,B,C,B,D,D,B,C,D,A,A,B,C,A,B
18641397-0,D,B,A,A,C,B,A,B,A,A,A,C,A,B,B,A,A,C,D,D,D,C,B,D,D,D,C,B,B,D,D,D,C,C,D,D,C,A,B,A,D,D,A,C,B,B,B,A,B,D,D,B,A,C,C,D,C,C,C,D
17789054-5,D,B,C,C,C,A,A,B,A,D,C,D,B,B,A,C,A,C,C,D,A,A,D,D,D,A,B,A,D,D,B,D,A,A,D,C,A,D,C,A,C,B,A,D,A,B,D,A,B,D,D,B,A,D,A,A,A,C,A,B
16637419-7,A,B,B,C,B,B,C,B,A,C,C,D,C,C,A,C,B,C,A,D,B,D,B,D,D,C,A,A,B,B,B,D,C,B,D,D,B,D,B,D,C,C,A,C,B,B,D,A,B,D,B,B,A,D,A,D,B,D,A,D
19084348-3,B,B,A,A,B,A,A,B,A,D,A,D,B,C,A,C,B,C,D,C,B,D,B,D,B,A,A,D,B,D,B,D,D,A,D,B,A,D,A,C,D,C,B,C,B,B,D,A,B,D,D,B,A,D,A,D,A,C,A,B
17678961-1,D,D,A,C,C,D,A,D,A,C,D,C,C,B,A,C,A,D,A,D,B,D,B,D,D,D,C,A,B,B,B,D,D,A,D,D,A,C,C,C,D,B,B,D,A,B,D,B,A,D,B,B,D,D,C,A,A,D,B,A
19173731-8,D,B,D,C,D,A,B,B,A,D,A,C,D,C,C,C,D,C,C,C,C,B,B,B,D,D,A,D,D,A,B,D,A,A,D,D,A,D,D,C,B,D,A,C,D,B,D,C,B,D,D,B,A,C,B,A,A,C,B,D
19487956-3,B,B,B,C,C,A,A,B,A,D,D,C,B,A,A,C,D,C,A,C,B,D,A,D,D,D,B,D,B,A,B,A,C,A,D,D,B,C,C,C,C,C,A,C,A,B,D,B,B,D,B,B,D,C,C,A,A,C,A,C
16661544-5,D,B,C,C,C,D,A,B,A,C,A,A,B,C,A,C,B,C,A,D,B,D,B,B,D,C,A,A,D,D,B,A,C,A,B,D,B,C,A,A,C,B,A,C,B,B,D,A,B,C,D,A,B,C,C,C,A,C,A,D
18057217-1,B,D,B,A,D,B,A,D,A,C,C,A,A,B,A,C,B,C,C,C,D,C,D,B,D,B,A,B,B,D,B,D,C,A,D,D,A,D,C,A,B,B,B,A,D,D,C,C,D,D,D,B,A,C,A,D,B,B,D,D
19325962-6,D,B,D,A,D,A,A,B,B,D,A,A,D,C,A,B,C,C,D,B,B,D,A,A,D,A,A,D,D,B,D,D,C,B,D,B,B,D,C,B,C,B,A,C,A,B,D,B,A,A,B,D,A,C,C,C,B,C,A,C
18168511-5,C,B,A,C,C,A,A,B,A,D,A,D,B,C,A,C,B,C,A,D,B,D,C,D,D,B,A,D,B,D,D,D,B,A,D,D,B,D,B,D,C,D,A,C,A,B,D,A,B,A,A,D,D,C,C,A,A,C,B,D
18396912-9,D,B,A,A,C,D,D,B,A,C,C,C,A,C,D,C,D,C,A,C,B,C,B,D,D,A,C,A,D,A,A,C,D,C,D,D,A,C,A,D,C,C,D,C,B,B,C,C,B,D,B,C,A,D,D,A,C,C,A,B
18610091-3,D,B,A,C,C,D,A,A,A,C,B,D,C,C,A,C,B,D,A,D,D,C,B,D,D,D,A,A,D,D,B,D,A,A,D,D,B,D,B,A,C,C,A,B,B,D,D,A,B,D,D,B,A,C,A,D,A,C,B,C
18173422-1,,,,,,,,,,,,,,,,,,,,,,,,,,,,,,,,,,,,,,,,,,,,,,,,,,,,,,,,,,,,
17930907-6,B,D,B,A,C,D,A,A,B,C,A,A,C,C,C,B,C,C,A,A,B,D,D,C,D,C,A,D,B,C,D,A,C,B,A,D,C,C,C,C,C,B,C,D,B,C,D,C,A,C,A,D,D,B,C,C,A,C,B,B
19106335-K,D,C,A,A,C,A,A,A,A,C,C,C,B,C,D,C,A,C,C,D,D,D,B,D,D,A,A,D,D,D,B,A,C,D,D,D,C,C,B,A,C,A,B,A,C,B,D,A,B,D,D,D,A,D,C,A,A,C,B,A
18938905-1,D,B,A,A,C,A,D,B,B,D,C,B,D,A,A,C,B,D,D,D,D,D,B,B,D,A,C,B,B,A,B,D,C,C,D,D,C,C,B,A,C,B,B,A,B,D,D,A,D,D,D,A,B,D,D,D,A,B,A,D
19135725-6,D,B,A,C,C,D,A,B,A,C,C,D,C,B,A,C,C,C,C,D,B,A,B,D,D,C,A,A,D,D,B,C,D,A,D,D,B,D,C,A,C,C,B,C,B,B,D,C,C,D,B,B,A,D,C,A,A,C,A,B
19332433-9,D,B,C,C,B,A,A,B,A,C,C,D,B,A,A,C,D,D,C,D,D,D,A,D,D,A,B,D,B,D,B,B,B,A,D,D,A,D,B,C,C,C,A,C,A,B,D,A,D,D,B,B,A,D,C,C,A,B,B,D
19076096-0,D,B,A,C,C,A,B,B,A,D,C,D,B,D,A,C,C,C,C,D,D,D,B,D,A,B,A,D,D,D,B,D,C,C,D,D,C,C,B,A,A,D,A,C,B,D,D,D,B,D,C,A,A,D,A,A,A,B,B,C
19483327-K,D,B,A,C,C,A,A,B,A,C,A,C,B,C,D,C,B,C,C,D,B,D,D,D,D,C,C,D,C,C,D,A,C,A,D,D,B,C,D,A,C,D,A,C,B,B,D,A,B,D,D,B,A,D,C,C,A,C,D,D
19606075-8,D,A,A,C,C,D,D,C,A,C,A,A,B,C,A,D,A,D,A,A,C,D,D,D,D,D,A,C,D,A,B,D,C,B,D,C,C,D,B,C,C,D,B,C,A,D,D,A,B,D,D,D,A,C,C,A,C,D,D,C
19350901-0,D,D,D,A,D,A,A,B,A,C,D,C,B,C,C,B,B,C,D,D,D,C,B,D,D,D,B,B,A,A,B,D,A,A,C,D,B,C,B,C,D,B,B,C,B,B,D,C,B,D,D,B,A,B,C,D,A,B,B,B
18783476-7,B,B,A,C,B,B,A,B,C,D,C,C,B,B,A,A,A,C,C,D,A,C,B,D,D,A,A,D,B,B,D,D,D,C,A,C,C,D,A,C,B,D,D,C,D,B,D,A,A,D,C,B,A,D,D,D,B,B,A,D
18672495-K,B,C,A,C,B,A,A,C,A,C,C,C,C,C,D,C,A,A,A,D,C,D,D,B,A,C,B,A,B,B,B,D,D,A,D,D,B,C,B,B,D,C,B,C,B,B,B,C,B,D,D,C,A,B,A,A,A,C,D,D
19648321-7,B,B,A,C,C,A,A,B,A,C,A,C,B,B,A,C,A,C,A,B,D,D,D,B,D,D,A,D,B,B,B,D,D,A,C,D,A,D,B,A,B,C,A,C,B,B,C,C,B,D,D,C,A,D,C,A,B,C,A,D
18585047-1,D,B,A,C,C,A,A,B,A,C,A,D,B,C,A,C,B,C,A,D,B,B,B,B,B,B,A,D,B,D,B,D,C,A,D,D,B,D,B,A,C,C,A,C,A,B,A,A,B,D,D,B,A,D,A,A,A,C,A,B
19274013-4,D,D,A,C,C,A,A,B,A,C,D,D,A,C,A,C,C,C,C,A,B,D,B,D,D,C,D,A,C,A,B,D,C,A,D,D,C,D,C,A,C,D,A,C,A,B,C,B,B,A,B,B,A,D,C,A,A,C,A,C
19328137-0,D,B,D,A,D,D,A,D,A,C,A,C,A,B,A,C,A,C,C,D,D,D,B,D,D,A,A,D,D,D,C,D,A,C,D,A,B,C,C,D,D,D,A,A,A,D,D,C,A,A,C,B,D,A,A,C,D,B,D,D
19060729-1,D,A,C,C,C,B,A,B,A,C,D,C,C,A,A,C,A,A,D,B,C,A,B,B,C,B,A,B,A,D,A,D,D,A,D,A,B,C,B,A,D,B,A,A,B,B,A,A,C,B,D,A,B,D,C,A,B,C,B,C
17609749-3,D,B,B,C,C,B,A,B,A,C,C,A,A,D,D,A,C,C,A,D,D,D,A,B,D,C,B,A,C,D,D,D,B,C,D,B,B,D,C,C,C,C,A,A,A,B,D,A,B,A,D,B,A,C,C,A,A,C,D,D
18754458-0,D,B,A,A,C,A,A,A,A,C,B,C,A,C,A,D,D,D,A,D,B,B,B,D,D,A,C,D,B,A,B,C,B,A,D,D,A,C,A,D,C,C,B,C,D,B,D,A,B,D,D,A,A,D,C,A,A,C,A,D
18934438-4,D,C,A,A,D,D,A,B,A,C,C,D,B,C,A,C,B,C,A,D,B,D,B,D,D,C,A,B,B,D,B,D,C,A,D,D,B,D,D,A,C,C,A,C,A,B,D,A,B,D,D,B,A,D,C,A,A,B,A,D
11789357-K,D,D,A,B,C,A,A,B,B,C,D,D,B,C,D,D,C,D,A,D,D,D,B,D,D,D,A,D,D,A,B,D,C,A,D,D,C,D,B,B,C,B,A,C,C,B,D,D,A,C,C,D,D,C,D,A,A,D,D,D
19115710-9,B,D,D,A,D,A,A,A,A,C,A,C,A,D,C,D,B,C,C,C,D,D,B,D,D,D,B,D,D,D,D,A,C,A,D,D,C,C,D,C,B,B,B,C,A,D,A,A,B,D,B,B,A,A,A,D,D,C,A,A
19473584-7,D,D,A,A,D,A,A,B,A,C,D,C,B,C,C,C,D,D,A,B,D,C,B,A,C,C,A,D,B,A,B,D,C,B,D,D,B,D,D,A,B,D,D,A,A,B,C,A,B,A,D,B,A,A,B,C,A,C,D,D
18925619-1,B,D,D,A,C,D,A,B,C,C,B,C,B,A,A,A,C,B,A,D,D,D,D,A,D,D,B,A,B,B,A,A,A,C,D,D,B,C,C,A,C,D,B,D,B,B,D,C,B,B,D,A,D,C,A,D,A,B,A,D
18929375-5,D,D,A,C,C,A,A,B,A,C,A,C,C,C,C,D,C,C,C,D,D,D,D,D,C,A,B,B,B,D,B,D,D,C,D,D,A,D,B,A,C,D,B,A,C,B,B,C,B,D,D,B,A,D,B,C,A,C,A,D
18872523-6,D,D,D,A,C,C,A,B,A,C,D,A,A,C,A,D,D,C,A,D,B,D,B,D,D,A,B,D,D,A,B,A,A,A,D,D,C,D,B,A,C,C,B,A,C,D,D,A,B,D,D,B,A,C,C,A,A,C,A,D
18903832-1,A,C,C,C,C,A,B,B,D,C,A,D,C,B,D,C,D,C,A,D,D,D,D,B,D,C,B,D,D,B,B,D,A,A,A,D,B,D,B,A,C,D,A,B,B,D,D,B,A,D,B,A,B,D,C,A,A,C,A,D
18831789-8,B,D,D,C,D,D,A,C,A,C,A,A,B,A,D,D,D,A,C,D,D,B,A,D,D,C,A,D,A,B,B,D,D,A,B,D,C,D,D,A,B,B,D,A,A,D,B,A,B,C,D,B,A,A,A,D,A,C,B,D
17944863-7,D,B,C,C,D,A,C,B,A,C,C,A,A,C,B,C,C,C,A,D,C,D,B,B,D,A,A,A,A,D,A,D,A,,C,D,B,D,B,C,B,C,A,,A,B,D,C,,D,C,B,A,D,A,A,A,A,,D
16836282-K,D,C,A,C,C,A,A,A,A,C,A,D,B,C,A,D,C,D,C,A,D,D,B,B,D,C,A,D,B,D,B,B,B,A,D,D,C,C,A,A,C,D,A,C,B,B,D,B,B,D,D,C,D,D,D,A,A,C,A,D
18392934-8,D,B,A,C,C,A,C,B,A,C,C,C,B,C,A,C,D,A,A,B,D,D,B,D,D,D,C,A,B,A,B,D,B,D,D,D,D,D,B,A,C,C,A,C,C,B,D,A,B,D,B,C,A,D,A,A,C,C,A,D
17626150-1,B,D,A,C,A,A,A,C,A,A,C,B,B,B,A,C,B,C,B,D,D,D,D,B,D,D,A,D,B,D,B,C,C,A,D,D,B,D,D,A,C,D,A,C,B,B,B,A,D,D,B,B,D,D,A,D,A,B,B,B
19139017-2,B,B,D,C,C,D,A,B,A,C,D,D,C,B,B,A,D,C,D,C,D,D,B,D,D,C,A,D,B,D,B,B,C,A,C,D,C,D,B,C,C,B,A,C,C,B,D,C,B,D,D,B,B,C,A,D,A,B,D,C
19018830-2,D,B,D,C,C,A,A,B,C,D,A,D,B,C,A,C,C,C,A,D,C,D,B,D,D,C,A,A,B,D,B,B,C,A,D,D,B,D,B,A,C,B,A,C,C,B,D,C,B,D,D,B,D,C,A,D,A,C,A,D
18830377-3,B,C,A,A,C,A,A,B,A,C,C,D,A,D,C,D,B,A,A,D,B,D,B,D,D,C,D,B,B,D,A,D,C,A,D,D,C,D,C,A,C,B,B,C,A,B,B,D,B,D,D,B,A,D,C,A,A,B,B,D
17691757-1,D,B,A,A,C,D,A,B,A,D,A,D,C,B,A,C,A,C,C,D,B,B,D,D,D,A,D,A,B,D,B,A,A,D,D,C,C,C,B,A,C,B,A,B,B,B,B,A,B,D,D,B,A,D,C,D,A,A,A,D
19518042-3,D,D,C,C,A,D,D,B,A,C,A,A,B,C,A,C,A,C,A,C,B,D,B,D,A,A,A,D,B,B,D,C,C,B,D,D,B,D,C,C,C,B,B,C,A,B,B,A,B,C,D,D,D,B,B,D,C,D,,
19703965-5,D,A,D,C,D,D,D,B,A,A,D,A,D,B,A,C,D,A,C,D,D,C,D,B,B,C,B,A,A,D,B,D,D,A,D,D,A,C,C,D,D,D,B,C,A,B,B,A,B,D,D,A,A,A,C,A,A,C,B,D
19234697-5,D,B,D,A,C,A,A,B,A,C,A,C,B,C,A,C,B,C,A,D,B,D,D,D,D,C,A,D,D,D,B,D,C,A,D,D,B,C,D,A,C,C,A,C,B,B,D,A,B,D,D,B,A,D,A,A,B,C,D,D
19600281-2,D,B,A,C,C,B,A,D,A,C,A,D,D,B,A,C,C,A,A,D,B,D,A,D,D,C,A,D,C,B,B,D,D,A,D,B,A,D,D,A,B,C,A,C,B,B,D,A,B,D,D,B,A,D,A,A,A,C,A,D
19469413-K,B,B,A,C,C,A,B,B,C,C,C,C,B,B,C,C,D,C,B,D,C,B,B,D,D,C,C,B,A,D,D,A,C,C,C,D,A,C,C,D,D,B,C,B,B,B,D,A,B,D,B,B,A,C,A,C,A,D,D,B
19153677-0,D,B,B,A,B,A,D,B,A,D,B,D,B,C,A,C,C,C,A,D,,C,B,,A,D,,B,C,,B,B,C,C,A,,B,D,D,C,D,C,B,,B,C,D,A,A,,D,C,D,A,A,C,,C,,D
19012165-8,B,B,A,A,C,A,A,A,B,C,A,C,B,C,D,A,B,C,A,A,D,D,D,D,D,A,A,B,B,D,B,C,B,C,B,A,B,C,C,C,D,B,A,C,B,D,D,A,B,D,B,A,A,C,C,C,A,C,A,D
19362304-2,D,D,A,D,C,C,A,B,A,C,A,C,A,D,A,C,C,D,D,B,B,C,B,D,B,D,B,A,C,A,D,A,C,B,B,D,A,C,D,A,D,B,D,B,B,D,D,A,A,D,D,B,A,D,C,A,A,B,C,D
18894200-8,B,C,A,A,B,D,A,B,A,D,C,D,B,B,A,C,C,C,C,D,B,D,B,D,A,C,C,D,B,D,D,D,C,A,D,C,C,C,B,C,C,C,B,C,A,B,D,A,B,D,D,B,A,C,C,A,A,C,A,B
15078427-1,D,C,A,A,D,D,A,A,A,D,A,C,B,D,D,D,D,D,D,B,B,D,A,D,D,B,A,D,D,A,B,A,D,A,C,B,B,C,B,A,D,A,B,A,B,D,D,C,D,D,B,D,D,D,A,A,A,C,B,D
19143284-3,D,B,A,B,C,A,A,B,A,C,C,D,B,C,A,C,B,C,A,D,B,B,B,B,D,C,A,D,D,A,B,A,C,A,D,D,B,A,D,A,C,C,A,C,B,B,D,A,B,D,D,B,A,D,A,A,A,C,A,D
19599686-5,D,D,D,C,C,A,A,B,A,C,A,C,A,C,A,D,B,C,A,D,D,D,B,D,D,C,C,A,D,D,B,B,D,A,D,D,C,C,B,C,C,C,A,A,A,B,A,C,B,D,B,B,A,D,A,D,A,C,D,B
19389951-K,D,B,D,C,D,A,A,B,A,C,C,B,A,D,A,C,B,C,A,D,D,D,B,D,D,B,A,A,B,D,B,A,C,A,D,D,B,C,C,A,C,D,C,C,A,D,B,A,A,D,D,A,A,C,A,A,A,C,B,D
19223420-4,D,B,A,C,D,A,A,B,A,D,C,A,B,B,A,C,B,C,A,D,C,D,B,D,A,A,A,D,B,D,B,B,D,A,D,D,A,D,B,A,B,D,A,B,D,A,B,D,B,D,D,B,A,D,C,A,A,C,A,D
19407738-6,D,B,D,A,C,A,C,B,A,A,A,D,B,C,A,C,C,C,A,C,C,C,D,D,D,B,A,A,B,D,B,D,C,A,D,D,B,D,B,C,C,C,B,B,A,B,D,A,B,D,D,B,A,D,A,C,A,B,B,D
19137589-0,D,B,A,C,C,A,A,B,A,C,A,D,C,C,A,C,B,C,A,D,B,D,B,D,D,C,A,D,D,D,B,D,C,A,D,D,B,C,B,A,C,C,A,C,B,B,B,A,B,D,D,B,A,D,A,A,A,C,A,D
19474858-2,B,B,A,C,C,A,D,C,A,C,C,C,A,B,B,D,A,C,C,D,C,D,B,D,D,C,C,A,B,A,B,C,C,A,A,B,C,D,D,B,C,D,A,A,C,B,C,A,A,D,A,B,D,C,A,A,A,C,B,D
18670417-7,D,D,A,B,B,A,A,C,A,C,A,A,B,B,A,B,B,C,C,D,D,A,B,D,D,B,A,D,B,B,B,D,C,A,D,C,C,D,A,C,D,D,A,D,A,D,D,C,A,D,C,B,B,B,C,A,A,B,B,B
17580335-1,B,D,B,C,C,D,A,B,A,C,C,D,B,C,A,C,A,C,C,A,A,B,B,B,D,A,B,D,C,A,D,D,B,A,B,D,A,D,C,A,C,D,C,A,B,D,B,C,B,D,D,D,B,B,A,D,A,C,D,B
18395353-2,D,B,D,C,C,A,A,B,A,C,C,D,B,B,A,C,B,C,A,D,B,D,B,D,D,C,A,D,A,D,B,D,D,C,D,C,B,C,B,A,C,D,A,C,A,B,B,A,B,D,D,D,A,C,C,D,A,C,D,D
18458150-7,D,B,A,D,D,D,A,B,A,C,A,A,D,C,C,D,A,A,A,C,D,C,D,D,D,A,D,D,B,C,B,D,B,A,D,D,C,C,B,A,C,B,B,C,A,D,D,A,D,D,B,C,A,D,C,B,A,C,D,D
16095953-3,D,B,C,A,C,A,B,B,A,A,D,D,C,C,A,C,B,C,A,D,B,B,B,D,C,C,A,B,A,B,B,A,C,A,D,D,C,D,B,A,C,C,A,C,A,D,A,A,A,A,D,B,A,A,C,D,A,B,A,D
19077238-1,D,D,D,C,D,A,A,A,A,C,A,C,B,B,A,C,B,B,A,C,C,B,B,D,D,C,A,D,C,B,B,C,C,A,D,B,C,C,D,A,C,C,A,C,A,B,A,C,B,D,D,C,A,D,C,A,A,C,A,B
19130867-0,D,C,C,C,C,A,A,B,A,D,A,D,A,C,A,C,B,A,A,D,A,A,B,D,D,C,A,D,D,B,B,C,D,D,D,D,A,C,B,A,C,C,A,C,A,B,D,C,B,A,B,A,A,A,C,A,A,C,A,D
19109473-5,D,C,C,C,C,A,A,B,A,C,A,C,A,C,A,C,A,C,A,A,B,D,B,D,D,B,C,D,D,,B,D,D,A,D,D,A,C,,A,C,B,A,C,A,B,D,A,B,D,C,C,A,D,B,A,A,C,A,D
13062584-3,D,C,A,A,B,A,A,A,D,C,C,D,A,D,A,C,D,C,A,D,D,D,B,B,D,B,C,A,B,B,B,D,C,C,D,D,D,D,B,A,D,D,D,B,D,B,D,C,D,B,B,B,A,B,A,A,A,A,B,B
19246606-7,D,D,A,A,C,A,A,A,A,C,A,A,B,C,A,C,B,C,A,A,D,D,D,D,D,C,B,D,A,A,B,D,C,D,D,D,B,D,B,A,A,C,A,A,A,D,D,C,B,D,C,A,B,D,A,A,B,C,D,B
17951674-8,D,B,A,B,C,A,A,B,A,C,A,D,A,C,A,C,A,C,D,A,B,D,A,D,D,B,C,A,C,B,B,C,D,C,C,B,A,C,B,C,C,D,A,C,B,B,D,A,B,D,D,B,A,C,C,A,A,C,A,A
19446965-9,D,D,D,C,C,C,A,B,A,C,B,C,B,C,A,C,C,C,A,D,D,D,B,D,D,D,A,D,B,B,B,D,C,A,D,A,B,D,D,A,C,D,A,C,D,B,A,A,D,D,D,A,A,A,A,A,A,C,A,D
18464798-2,D,B,D,A,C,D,D,A,A,C,C,D,A,C,A,A,D,C,D,D,B,D,D,D,D,A,A,D,B,D,B,D,A,C,D,D,A,C,A,A,C,B,A,A,A,B,D,A,B,B,D,B,A,D,A,D,A,C,A,D
19625349-1,B,D,D,C,D,A,A,B,A,C,D,C,A,C,A,C,B,C,D,D,D,D,D,D,D,D,A,B,C,A,D,D,C,A,D,D,C,D,C,C,C,B,A,C,A,B,D,C,B,D,C,B,A,D,A,A,A,B,A,D
17560727-7,,,A,C,B,A,A,B,A,D,,C,B,,A,C,B,C,C,,B,D,B,D,,C,A,D,C,D,B,B,,A,D,D,B,D,B,A,C,C,B,B,,B,D,A,B,,,B,A,D,C,D,,C,A,A
19310837-7,B,D,D,A,C,D,D,B,A,C,C,,C,B,A,C,B,D,,D,B,B,D,D,C,,B,C,D,C,D,,D,,D,B,A,C,,A,C,A,,B,A,B,D,C,B,D,,B,A,D,A,A,A,B,,D
19069140-3,D,D,A,C,C,A,A,B,A,C,B,C,A,A,A,C,A,A,A,B,D,B,B,B,A,C,D,B,D,A,B,D,D,C,D,B,D,D,B,D,C,B,A,D,A,C,D,C,B,D,D,C,A,C,D,D,B,D,A,B
19187101-4,A,D,D,C,B,A,A,A,A,D,A,C,D,B,C,C,C,C,C,D,B,D,A,D,D,D,B,B,D,B,B,D,D,A,D,D,C,C,D,C,A,C,B,A,A,B,B,C,B,D,D,C,A,A,C,D,A,C,A,D
19318781-1,D,C,A,C,B,A,A,B,A,C,A,,D,,A,D,C,C,A,,B,B,B,B,D,C,,A,,A,D,D,B,A,D,D,B,C,C,A,A,B,D,A,C,D,D,A,B,D,A,A,A,C,C,,A,B,D,A
19250434-1,D,B,A,C,C,D,A,B,A,C,A,D,A,C,A,B,C,C,A,D,C,D,B,D,D,A,C,A,D,D,B,D,C,A,D,D,C,C,B,A,C,B,D,C,B,B,D,B,D,D,D,B,A,C,C,A,A,C,A,D
19122096-K,D,B,A,C,C,D,A,B,A,C,D,C,B,A,B,C,B,D,A,A,C,D,A,D,D,C,A,A,C,A,D,A,C,A,D,D,D,C,B,A,C,B,A,B,B,B,D,A,B,D,,A,A,D,A,D,A,C,D,B
18955159-2,D,B,A,C,C,A,A,B,A,C,C,C,B,C,A,C,B,C,C,D,B,D,B,D,D,C,D,B,B,D,B,B,C,A,D,D,B,C,B,A,B,C,A,C,B,B,D,A,B,D,D,D,B,D,A,A,A,C,A,D
13128032-7,B,B,A,C,C,B,A,B,A,C,A,C,C,C,A,C,B,C,A,,D,D,B,D,D,A,B,A,B,D,D,D,B,C,D,D,B,D,B,A,C,C,B,A,D,B,D,A,B,A,D,B,A,C,D,A,A,D,A,B
19553147-1,D,C,D,C,B,D,A,B,A,C,C,C,C,B,D,C,C,C,B,D,D,C,B,D,D,A,C,B,B,A,D,D,A,A,D,D,D,C,B,B,C,B,A,C,D,C,B,C,B,D,B,A,B,D,B,D,B,C,B,B
18956605-0,D,D,A,C,C,D,A,B,A,C,A,D,D,B,A,C,B,C,D,D,D,C,D,D,D,A,A,D,C,B,B,B,D,C,D,D,B,D,C,C,C,B,B,A,C,C,B,C,B,B,C,A,B,A,D,D,A,C,D,D
17480404-4,D,A,A,A,C,A,C,A,D,C,D,D,A,B,A,D,C,C,D,D,B,D,B,D,B,D,C,D,A,A,B,A,C,D,D,D,C,A,B,A,C,C,B,D,A,B,D,B,A,A,B,A,A,C,A,A,A,B,A,D
18627018-5,D,B,B,A,,A,D,B,A,D,C,A,A,C,A,C,C,C,C,,B,C,A,D,D,B,A,D,C,,B,,C,A,D,D,B,C,,C,C,C,A,C,D,B,D,A,A,D,D,B,A,C,D,D,A,C,A,D
17634750-3,D,B,A,C,C,D,A,B,A,C,C,D,B,D,A,C,A,A,C,D,B,D,B,B,A,B,A,A,C,A,B,A,C,B,D,D,C,D,B,A,C,A,B,D,A,D,D,A,B,B,A,B,A,D,A,A,A,C,B,D
15066780-1,D,D,A,A,D,D,A,A,A,C,A,D,A,C,A,C,A,C,A,D,B,D,B,D,D,C,A,D,C,A,D,A,C,A,D,D,A,D,B,A,C,C,A,B,D,D,D,A,A,C,D,B,A,D,B,A,A,C,A,D
18573058-1,D,B,A,C,C,A,D,B,A,C,D,C,A,B,A,C,B,C,A,D,B,D,B,C,D,C,A,D,D,D,B,B,C,A,D,D,A,C,B,A,C,C,A,A,A,B,D,A,B,D,A,B,A,D,C,A,C,C,A,B
18686590-1,D,C,A,A,C,D,A,A,B,C,A,C,C,B,A,C,B,C,D,A,B,D,B,D,D,D,A,C,D,D,D,C,A,C,D,C,C,C,B,B,D,B,B,C,A,B,A,A,D,A,D,A,B,A,C,B,A,C,B,D
16232228-1,D,D,A,A,C,B,A,B,A,C,A,C,A,B,A,C,C,D,D,D,B,B,D,B,D,D,A,A,D,A,B,D,C,A,A,C,B,D,D,C,C,B,B,B,A,D,D,A,D,D,D,B,A,C,C,D,A,C,A,D
19138213-7,D,B,A,A,A,A,A,B,A,C,D,C,A,C,A,C,B,C,A,A,A,B,B,D,B,C,D,A,B,C,B,D,C,A,D,D,A,C,C,A,C,B,B,C,A,D,D,A,A,D,D,A,A,D,D,A,A,C,B,D
19409268-7,D,D,D,A,C,A,A,B,A,C,D,C,B,D,A,C,B,C,A,D,D,D,B,D,D,C,B,D,A,A,B,D,C,A,D,D,A,C,C,A,B,B,A,A,A,B,D,A,B,D,D,B,A,C,C,A,C,C,A,D
18413799-2,D,B,D,D,D,A,A,B,D,C,D,D,C,B,A,D,B,A,C,B,D,D,B,D,C,C,A,D,C,D,D,D,B,A,D,D,B,D,B,C,C,C,B,A,B,B,D,B,B,A,B,B,A,D,D,D,A,D,D,B
17917081-7,D,B,D,C,C,A,A,B,A,C,C,C,C,C,A,C,B,C,A,D,D,D,D,D,D,C,A,D,B,B,B,D,C,A,D,B,A,C,A,A,C,C,A,C,A,B,D,A,B,D,D,B,A,D,A,A,A,A,A,D
17701719-1,B,D,D,C,C,A,A,B,A,D,A,A,B,B,A,C,B,C,C,D,C,D,B,D,A,C,A,D,B,A,B,B,A,C,A,D,A,D,A,A,C,C,B,C,A,B,C,A,B,D,D,B,B,D,A,A,A,C,A,D
19309912-2,D,B,B,C,C,A,A,B,A,C,C,C,B,B,A,C,B,C,C,C,B,C,A,D,D,A,A,D,B,A,D,A,C,C,D,D,A,C,B,A,C,B,A,A,A,D,D,A,B,D,D,B,A,C,C,A,A,C,D,A
18187890-8,B,D,A,C,B,A,A,C,A,C,A,C,C,C,A,C,B,C,A,D,D,D,B,B,A,C,A,D,D,C,B,A,C,A,D,D,B,D,D,A,C,C,A,C,B,B,D,A,B,D,B,B,A,C,C,A,A,C,B,B
19526923-8,B,B,D,A,C,A,A,B,A,C,B,C,B,B,A,C,B,C,D,D,D,D,B,D,D,C,A,B,D,A,D,D,C,A,D,B,C,C,B,A,C,B,A,B,B,B,D,A,B,B,D,B,A,D,A,B,A,C,D,D
18730672-8,B,D,A,A,D,A,A,B,A,C,A,C,B,D,A,C,B,C,A,D,A,D,B,D,A,C,C,B,B,A,B,C,C,A,D,D,B,D,B,A,C,D,A,C,A,B,D,A,B,D,D,B,A,D,C,A,A,B,A,D
19531645-7,D,B,B,C,A,A,A,B,C,C,A,D,B,B,D,B,B,C,C,B,B,A,B,D,B,C,D,A,B,A,D,B,C,A,D,D,A,C,A,D,C,C,A,C,A,D,D,C,B,D,B,B,A,D,C,C,A,B,A,D
18032084-9,D,B,D,C,C,D,A,B,A,C,D,D,B,B,A,C,A,C,A,A,D,B,A,D,D,B,A,D,D,D,D,A,B,A,D,D,A,D,B,A,C,B,B,C,B,D,B,A,C,D,D,B,D,D,A,A,A,C,A,D
19423462-7,D,B,A,A,C,A,A,B,A,C,A,D,B,C,A,C,B,C,A,D,B,D,B,D,D,C,B,D,C,D,B,D,C,A,D,D,A,D,B,A,C,C,B,C,A,B,D,A,B,D,D,B,A,D,A,D,A,C,D,B
17120569-7,D,B,A,C,C,D,B,B,A,C,A,C,D,A,D,D,B,C,D,D,D,D,B,D,D,A,A,A,D,A,B,D,D,A,D,D,A,C,B,A,C,D,A,C,C,D,D,A,A,A,D,A,A,D,A,A,A,C,D,D
18196737-4,D,B,A,A,C,B,A,D,A,C,A,D,A,C,D,C,C,C,D,A,B,B,D,D,D,C,A,B,D,B,B,D,D,A,D,D,A,C,B,A,C,B,A,C,B,B,D,A,A,D,D,D,A,D,A,A,A,C,A,B
16716123-5,B,D,D,A,C,B,C,C,A,D,D,C,A,C,D,C,D,D,D,D,A,B,D,A,B,B,A,B,D,D,A,D,D,C,A,D,A,C,C,D,C,A,B,D,C,C,A,C,B,A,B,A,D,A,D,C,A,B,B,D
19218926-8,D,B,A,C,C,A,A,B,C,C,B,A,C,D,A,C,C,C,C,A,B,D,B,D,D,A,B,D,B,D,B,B,A,A,D,B,A,C,D,A,C,A,B,A,B,B,B,A,B,D,A,D,A,D,C,C,A,D,B,D
18936552-7,D,B,C,C,C,A,A,B,A,A,A,C,A,B,A,C,D,C,C,D,B,C,A,D,A,C,C,A,B,A,B,B,C,A,D,B,C,C,D,A,C,D,B,A,A,B,D,A,B,D,D,B,A,A,C,D,A,D,A,C
19276037-2,B,A,B,C,D,A,D,D,,C,A,,A,D,C,C,C,C,C,D,D,D,A,B,D,A,A,D,B,D,D,,C,,D,D,,A,B,,C,B,,C,A,B,D,A,B,D,D,B,A,D,C,C,A,C,,D
19441646-6,D,B,D,C,C,A,A,B,A,C,A,C,C,B,D,A,C,C,D,D,D,D,B,D,A,A,C,D,B,D,B,D,A,C,D,D,D,D,A,A,D,B,B,B,B,A,A,B,B,C,C,B,A,D,A,C,A,C,B,D
19287908-6,A,C,A,C,C,A,A,D,A,C,C,D,C,B,A,C,A,C,A,D,A,D,B,D,D,D,A,A,B,B,B,B,D,A,D,D,A,C,B,A,C,B,A,B,B,B,D,C,B,C,C,B,A,C,A,D,A,C,B,D
17768138-5,D,A,D,C,C,A,A,B,A,C,C,D,B,D,A,C,B,D,C,D,B,D,B,D,D,C,A,D,A,B,A,C,C,A,D,D,B,D,B,A,B,C,A,C,B,B,D,A,B,D,D,B,A,C,C,A,A,C,A,D
17617545-1,D,B,A,A,C,A,A,B,A,A,A,D,B,B,A,C,B,C,A,D,B,D,B,D,D,C,A,D,A,A,B,D,B,A,D,D,B,C,A,C,C,C,A,C,B,B,D,A,B,D,C,B,A,C,C,C,A,C,A,D
19878664-0,D,D,C,A,C,A,A,D,A,C,B,C,D,C,A,D,B,C,D,D,B,A,B,D,D,B,A,D,B,D,D,A,C,A,A,D,B,C,B,D,C,B,A,C,B,B,D,C,D,D,D,A,A,C,A,B,C,C,B,D
19339887-1,D,B,B,A,C,A,A,B,A,C,C,D,B,C,A,C,B,C,A,D,B,A,B,D,D,C,A,A,D,D,B,D,B,D,D,D,B,D,B,A,C,C,A,C,D,B,D,A,B,D,D,D,A,D,C,A,A,C,A,C
18330676-6,B,C,A,A,C,A,B,C,B,A,A,C,D,D,A,C,D,C,B,C,B,B,B,C,A,A,D,B,D,A,C,D,B,A,B,B,D,C,C,B,A,D,B,A,A,C,C,C,B,D,D,A,A,A,A,A,A,D,A,D
18120911-9,D,D,A,A,C,D,A,B,A,D,A,A,A,C,D,C,C,C,C,B,B,C,B,D,D,C,A,D,B,D,B,D,C,A,D,D,B,D,B,A,C,B,B,C,B,B,B,A,B,D,D,B,A,D,C,A,A,C,A,A
18840529-0,D,B,C,A,C,A,A,A,A,D,A,D,A,C,C,D,B,A,A,D,A,B,B,D,D,A,A,D,A,B,D,A,A,A,B,D,A,D,A,C,C,C,D,D,C,B,B,A,B,D,D,A,A,B,C,B,D,C,A,C
18285892-7,D,D,C,C,C,A,A,B,A,C,A,C,C,D,A,C,B,C,A,D,D,D,D,D,D,C,C,A,C,B,B,D,C,A,D,D,A,D,A,A,C,B,A,C,D,D,D,A,B,D,D,B,B,D,A,D,C,A,D,B
18389912-0,B,D,A,C,A,D,C,B,A,C,D,D,A,D,A,A,D,C,D,D,D,D,D,D,C,C,B,D,B,B,D,A,C,A,D,B,C,C,A,A,D,C,A,C,A,D,D,A,A,D,A,B,D,B,C,D,A,C,B,D
18586022-1,D,B,B,C,C,B,A,B,D,C,A,D,A,C,A,C,B,C,A,D,D,D,D,D,D,C,A,D,B,D,B,D,C,A,D,D,A,C,C,A,C,D,A,B,A,B,D,A,B,D,D,C,A,D,A,C,D,B,B,D
18197196-7,D,B,A,C,B,A,A,B,A,C,C,D,A,C,A,C,B,C,C,D,D,D,B,D,D,D,A,D,D,D,B,D,D,C,D,D,B,D,A,A,C,D,A,B,A,D,D,A,B,D,D,D,A,C,C,D,C,C,D,D
19540666-9,B,D,A,C,C,A,D,B,A,D,B,D,A,B,A,C,B,C,D,B,B,D,D,D,D,D,B,D,D,A,A,A,D,D,D,C,C,C,C,C,C,B,A,C,B,B,D,A,B,D,D,A,A,A,B,C,A,C,A,D
13481075-0,D,B,A,A,C,D,A,D,A,C,A,C,A,B,D,C,C,C,C,D,D,D,B,D,D,C,B,D,B,D,B,A,A,A,D,D,A,D,B,A,C,C,A,A,B,D,D,C,D,D,D,C,A,D,A,D,A,C,A,B
19677721-0,D,A,D,C,C,A,A,B,A,C,A,D,B,C,A,B,B,C,C,D,B,D,D,D,D,C,D,A,D,A,B,D,D,A,D,D,A,C,B,C,C,B,B,C,A,B,D,C,B,B,D,C,A,D,A,D,C,B,B,D
19330593-8,D,B,C,C,C,A,A,B,A,C,A,C,A,C,A,C,B,D,A,D,B,D,B,D,D,C,B,A,A,D,B,D,D,A,A,D,C,D,B,A,C,C,A,B,A,B,D,A,A,D,A,A,A,C,C,D,C,C,D,D
17805086-9,D,B,A,C,C,A,A,B,A,D,C,C,B,C,B,C,A,C,A,D,B,B,B,D,D,C,D,A,B,B,B,D,C,A,D,D,B,D,B,A,C,B,A,C,B,B,D,A,B,D,D,D,A,D,A,D,C,A,A,D
19171626-4,A,A,A,A,C,A,A,C,A,D,C,C,A,C,A,C,B,C,C,D,C,D,B,D,A,C,C,D,C,A,D,B,A,A,A,D,A,D,B,B,B,B,B,C,D,B,D,A,B,B,D,B,A,D,C,D,A,C,D,D
19331700-6,D,B,A,C,C,,,C,A,C,A,,,C,,C,,C,,D,B,D,B,D,D,A,,,C,D,B,D,,A,D,B,,C,,D,C,B,B,C,A,B,D,A,B,C,B,D,A,D,C,C,A,C,A,D
19555141-3,D,D,A,A,B,A,A,B,A,C,C,D,D,A,A,A,B,C,B,B,B,C,B,A,B,A,D,A,D,A,D,A,C,A,D,D,C,D,D,C,A,A,B,A,A,D,D,A,B,B,A,A,A,D,D,C,D,C,D,D
18999544-K,B,B,C,C,C,A,A,B,A,C,C,C,B,D,A,C,C,C,A,D,B,C,B,D,D,D,A,A,D,B,B,B,A,A,D,D,B,D,C,A,C,C,A,C,B,B,D,A,B,D,D,B,A,C,A,A,A,C,D,D
18783181-4,D,D,C,C,D,A,A,B,D,D,C,C,A,B,A,C,A,C,D,D,D,D,D,D,D,A,A,D,A,A,B,C,C,B,D,D,A,D,B,C,C,B,A,A,A,B,D,C,A,D,B,B,A,D,A,A,A,D,A,B
19179336-6,B,B,B,C,C,A,D,B,B,C,D,C,B,C,A,C,C,C,A,C,D,D,B,D,D,C,B,A,D,A,D,C,C,A,D,D,A,D,B,D,C,C,A,C,A,B,C,C,B,C,D,D,D,A,D,A,A,B,A,D
16719154-1,D,D,D,C,C,A,D,B,A,C,A,B,A,C,A,A,B,C,A,D,B,D,B,D,A,C,C,A,B,C,B,C,B,A,D,D,B,D,B,A,A,D,A,B,B,B,D,A,B,D,D,D,B,D,A,A,A,C,A,D
19082180-3,D,B,A,C,C,A,A,B,A,A,C,C,,C,A,A,B,C,A,,B,D,B,D,,C,A,D,D,,B,D,D,A,D,,,D,B,A,C,C,A,,,B,D,A,B,,D,D,A,D,A,D,A,,A,
18915465-8,D,D,A,D,D,D,A,D,D,D,A,B,D,D,A,D,D,D,A,C,B,D,D,D,C,A,D,C,A,D,D,A,C,A,C,D,C,C,A,C,C,B,B,D,C,D,D,C,A,D,D,C,B,D,C,D,A,B,D,C
19276606-0,D,B,C,A,B,D,A,D,A,C,C,D,B,C,A,D,C,C,A,D,B,D,B,D,C,C,D,A,B,D,D,D,C,C,D,C,A,D,B,C,C,D,B,C,A,D,D,A,D,D,D,B,A,B,A,C,A,C,B,D
17426554-2,D,B,C,C,D,A,A,B,A,C,A,C,B,C,B,C,C,C,A,C,D,D,B,D,A,C,A,A,C,D,B,D,A,C,D,D,A,C,B,C,C,C,A,C,A,B,D,A,B,D,D,B,A,C,C,A,A,C,B,D
18997036-6,D,B,A,C,B,D,A,B,A,C,A,D,B,C,C,B,B,C,D,D,B,D,B,A,D,D,C,D,B,A,A,C,A,B,A,D,B,D,B,C,A,D,C,B,A,D,D,C,D,D,D,A,A,D,A,D,A,B,C,D
19448710-K,B,D,D,C,B,D,A,A,A,C,D,C,A,D,D,C,A,C,C,A,B,B,B,D,A,A,A,D,D,A,D,A,A,C,C,D,C,D,D,B,C,D,A,A,A,D,D,A,B,D,D,B,A,C,A,A,A,A,A,D
19303637-6,D,D,A,A,C,A,A,B,A,C,D,A,C,D,A,A,D,C,D,A,B,B,D,B,D,A,A,D,C,B,B,D,D,A,B,B,A,C,B,C,C,B,A,D,D,C,B,C,B,D,C,B,A,C,C,A,A,C,D,B
19134920-2,D,D,A,C,C,A,A,B,A,C,C,D,B,C,A,C,B,C,A,A,D,B,B,D,A,C,B,B,B,C,B,D,D,A,D,D,B,A,B,A,C,D,A,C,A,B,D,C,B,C,D,D,A,D,C,A,A,C,A,D
19697240-4,B,D,B,A,C,A,A,A,A,B,A,A,B,B,A,A,B,C,A,D,D,C,D,D,D,B,A,A,B,B,B,D,C,A,D,D,B,C,D,C,B,C,A,C,B,D,A,C,B,D,D,B,A,A,C,C,A,C,D,D
18245017-0,A,B,D,A,B,A,A,B,A,C,D,C,D,C,D,C,A,C,D,D,B,D,D,D,C,D,C,D,D,D,B,D,C,A,D,B,C,D,C,B,C,A,B,B,D,B,D,A,B,A,D,C,A,C,A,A,B,C,B,D
18347518-5,B,B,D,C,C,A,A,B,A,D,A,B,B,B,A,C,B,C,A,D,B,D,B,D,D,D,A,A,D,C,B,B,C,A,D,D,A,D,B,A,C,C,B,C,B,B,D,A,B,D,D,B,A,D,C,A,A,C,A,D
19309796-0,D,B,A,C,C,A,D,B,A,C,B,D,B,B,A,C,B,C,C,D,D,D,A,D,A,C,A,A,B,D,B,B,C,A,D,D,A,C,B,A,A,C,A,C,B,B,D,A,B,D,D,B,B,C,D,A,A,C,A,B
19184109-3,D,B,A,C,C,A,A,D,A,C,C,A,C,C,A,C,B,C,A,A,B,B,B,D,B,C,A,A,B,D,B,C,C,C,D,D,B,D,B,A,C,A,B,C,D,B,D,A,B,D,D,B,A,D,C,A,A,C,D,B
18272137-9,B,B,C,C,C,A,A,A,A,C,C,C,A,B,A,C,D,C,D,D,B,A,D,C,B,D,A,D,D,D,B,D,B,C,D,D,B,D,C,A,A,B,D,C,A,B,A,A,A,A,B,C,D,A,A,D,A,C,D,B
18451247-5,D,B,A,A,C,A,A,B,A,D,D,C,A,C,A,C,B,C,D,A,B,B,B,D,D,A,A,A,C,D,D,D,C,C,A,D,A,C,A,A,D,B,A,C,B,B,D,B,B,D,C,B,A,D,A,A,A,C,D,A
18952711-K,D,B,B,A,C,A,A,B,A,C,A,D,B,D,A,C,A,A,A,D,B,B,D,D,D,D,A,D,A,B,D,C,C,A,D,D,B,D,A,C,C,B,A,C,C,D,D,A,A,D,B,A,A,D,D,A,A,A,B,D
19519404-1,D,D,A,C,C,A,D,B,A,C,A,C,A,C,A,C,B,C,A,D,C,D,B,D,D,B,B,D,B,D,B,D,C,A,D,D,C,D,B,A,C,C,A,C,B,C,D,C,B,D,D,B,A,D,C,A,A,C,A,B
19412118-0,D,D,D,A,C,A,D,B,A,C,A,D,C,C,A,C,B,C,D,D,C,C,B,A,A,C,A,D,C,A,C,D,A,A,B,D,B,C,C,A,B,B,B,C,B,B,B,B,B,C,D,C,D,C,A,D,A,C,A,D
18143522-4,A,B,C,C,D,A,A,B,A,A,A,C,C,C,A,C,A,C,D,B,D,D,D,B,B,A,B,A,C,D,D,A,C,A,D,D,B,C,D,C,A,D,A,B,B,B,B,A,B,C,D,B,A,C,C,A,D,C,B,D
18578152-6,B,D,A,A,D,A,A,A,A,C,D,B,B,D,A,D,B,B,C,A,B,C,B,B,D,C,B,C,D,D,B,B,C,D,D,D,A,C,B,A,C,C,B,B,A,B,D,B,B,A,A,B,A,D,A,A,A,B,A,D
18457912-K,D,B,C,C,C,D,A,B,A,A,A,D,B,D,A,C,B,C,A,A,C,D,B,D,D,C,A,D,C,D,A,D,D,A,D,C,C,D,B,A,C,B,B,C,B,B,D,A,B,D,D,B,A,D,C,B,A,C,A,B
19345850-5,D,D,A,C,C,A,A,B,A,C,C,C,B,C,A,C,B,C,A,A,B,D,D,D,C,D,A,D,B,A,D,D,C,A,D,D,C,C,C,A,C,D,A,C,A,B,B,D,B,D,D,B,A,C,C,D,A,D,A,D
19635755-6,D,A,D,C,C,A,A,B,A,D,D,D,A,C,A,C,A,A,A,C,B,D,B,D,D,D,A,A,A,D,D,B,D,A,D,A,B,C,B,A,C,C,A,C,C,B,A,B,B,D,D,B,A,D,C,D,B,C,D,D
15596891-5,B,C,A,C,B,D,A,B,A,D,C,D,B,B,A,C,B,C,C,D,D,D,B,D,D,C,A,D,B,D,D,D,D,A,D,A,C,C,B,C,C,C,B,C,C,B,D,A,B,D,D,B,A,D,C,A,A,C,A,B
19154043-3,D,B,A,A,C,A,A,A,A,D,C,B,A,A,A,A,B,C,A,A,B,D,D,D,C,A,A,A,D,D,D,C,C,C,D,B,C,D,B,C,C,C,A,A,B,B,D,A,B,D,D,B,A,B,A,A,A,C,B,D
17739074-7,A,D,A,B,C,A,D,B,A,C,A,C,D,C,A,C,C,C,D,D,D,C,B,D,D,B,,D,A,D,B,D,D,A,D,D,B,D,C,D,C,C,A,C,D,B,C,A,B,D,D,B,A,D,A,A,A,A,A,D
19607516-K,D,B,A,C,C,A,A,B,C,A,C,C,C,C,A,C,B,C,D,D,D,C,D,D,D,D,C,D,D,A,B,A,A,A,D,B,C,C,B,A,C,B,A,B,A,B,D,B,D,D,D,B,A,D,C,A,A,C,B,B
19137129-1,D,B,A,C,C,A,A,B,A,C,A,A,B,C,A,C,B,C,A,D,B,D,D,D,D,A,A,A,C,C,B,D,B,A,D,D,A,C,D,A,C,C,A,C,A,B,D,A,B,D,D,A,A,D,C,A,A,B,A,D
19816959-5,D,B,D,C,C,C,A,B,A,C,A,D,B,D,A,D,B,C,D,D,B,D,A,D,D,A,D,B,B,B,B,D,D,A,B,A,D,C,A,C,C,D,A,C,B,B,C,A,B,D,D,C,A,D,A,D,A,C,A,D
19469113-0,A,B,C,C,C,A,A,B,A,C,A,D,A,C,A,D,B,C,A,D,D,B,B,D,D,C,A,B,D,A,B,D,C,A,A,D,B,D,B,A,C,B,A,C,A,B,B,A,B,D,D,B,A,D,A,A,A,C,A,D
19559950-5,D,D,A,C,C,A,A,B,C,C,D,A,C,C,A,A,B,C,D,D,B,D,B,D,C,C,B,D,B,D,B,A,C,A,D,D,B,C,D,A,B,D,A,C,B,B,D,C,A,D,B,B,A,D,A,A,D,C,A,D
19970218-1,C,B,A,C,D,D,A,B,A,C,A,C,C,B,A,C,A,C,D,D,B,A,A,D,D,C,A,B,C,A,B,A,B,A,A,A,B,C,D,A,C,C,A,B,C,B,D,A,B,D,C,B,A,D,A,A,A,C,A,D
17954742-2,D,B,A,C,C,B,A,B,A,C,C,D,A,B,A,C,B,C,A,D,B,D,B,D,D,C,A,A,C,D,B,D,C,A,D,D,A,C,B,A,B,B,A,C,A,B,D,A,B,D,D,B,A,D,A,A,A,C,A,D
18896632-2,A,B,B,C,C,D,A,B,A,C,B,A,A,B,A,A,B,C,D,B,A,D,B,D,D,B,B,A,B,B,A,D,C,A,B,B,C,C,C,B,B,C,B,C,B,B,D,A,B,C,D,A,A,B,C,D,A,B,A,A
18576196-7,D,C,D,A,B,A,B,B,A,D,A,C,C,B,C,D,D,C,A,B,A,D,B,D,C,A,B,D,B,A,D,D,B,D,B,D,A,C,B,D,C,D,A,B,C,B,C,A,B,D,D,B,D,D,D,A,B,C,A,D
19688113-1,D,A,D,C,D,A,A,B,A,C,A,C,A,B,C,D,B,C,A,D,B,A,B,D,D,B,A,D,A,B,B,D,C,D,D,D,D,C,A,A,C,C,A,C,D,B,D,A,B,D,A,B,C,D,A,A,C,B,B,D
18660747-3,D,B,D,C,C,A,C,C,A,C,C,D,A,B,A,C,C,C,A,D,B,D,B,D,D,C,A,A,B,D,B,D,C,A,D,D,B,C,B,C,C,C,B,B,D,B,D,B,B,D,D,B,A,D,D,C,A,C,A,B
19164539-1,D,B,A,C,D,A,A,B,A,C,D,C,A,B,A,C,B,C,C,D,B,D,B,D,D,C,B,D,B,A,D,A,A,A,D,D,A,D,A,A,C,C,A,C,B,B,B,A,A,D,D,B,A,C,C,D,A,C,D,D
18953713-1,D,B,C,C,C,A,A,B,A,C,C,C,C,B,A,A,B,C,D,D,D,D,B,B,D,D,A,A,B,D,B,C,D,A,D,D,B,D,B,C,C,C,A,C,C,B,D,A,B,D,D,B,A,D,C,A,B,C,D,A
18498451-2,B,D,D,C,D,A,A,B,A,C,C,D,C,B,C,B,A,C,C,D,D,D,B,D,D,A,B,A,A,D,B,D,C,D,A,D,C,C,B,A,C,B,A,C,B,B,D,B,B,D,D,B,A,D,C,D,A,C,D,D
19351017-5,C,D,A,C,D,A,A,B,A,C,A,A,B,B,D,A,B,C,A,A,A,B,D,D,C,C,C,B,D,D,B,C,C,C,D,B,B,D,C,A,C,B,B,A,B,A,D,A,B,D,A,B,A,C,C,A,A,B,B,D
18830665-9,D,B,B,A,A,D,A,B,A,D,C,C,C,D,A,A,B,C,A,B,B,C,B,B,D,C,A,D,B,A,B,A,D,A,C,B,B,D,B,C,C,C,B,A,B,D,D,A,B,D,D,B,A,D,C,A,A,B,A,A
17223357-0,D,B,A,C,C,D,A,B,A,C,A,D,A,C,A,D,A,C,A,A,D,D,B,D,D,C,A,A,B,B,B,D,D,A,D,D,A,D,B,A,C,B,A,B,A,B,D,A,B,D,D,D,A,D,C,A,A,C,D,D
19754727-8,D,D,A,C,C,A,A,B,A,D,C,C,B,A,C,C,B,C,D,B,A,C,B,D,C,A,B,D,B,A,A,C,C,A,D,D,A,C,C,A,C,B,B,C,B,B,B,B,D,D,D,B,C,D,A,A,D,C,A,D
18814040-8,D,C,A,C,B,D,A,B,A,D,D,C,B,B,A,C,B,D,C,D,B,D,B,D,D,C,B,B,C,A,B,C,D,A,D,D,C,C,D,A,A,D,A,C,C,B,D,A,B,D,B,B,A,D,C,A,A,C,B,D
19526326-4,D,B,A,C,C,A,A,B,A,C,A,C,A,C,A,A,B,C,D,D,B,C,B,D,D,A,A,B,C,D,B,D,D,C,D,D,A,C,B,A,C,C,A,C,B,B,D,A,B,D,B,B,A,D,C,A,C,C,A,B
21482050-1,D,B,C,C,C,B,A,B,A,C,D,A,C,C,C,C,B,C,C,D,B,C,B,D,D,C,D,B,D,D,B,A,C,A,D,D,C,D,C,A,B,C,A,C,A,C,D,A,D,C,D,C,A,B,A,D,D,B,B,D
16232223-0,D,B,D,A,C,A,A,B,A,D,C,D,B,C,A,C,B,C,A,D,B,C,B,D,D,B,C,A,B,D,B,B,C,A,D,D,B,D,B,A,C,C,A,C,B,B,D,A,D,D,D,D,A,D,D,A,A,D,A,D
17528042-1,D,B,A,C,C,A,A,B,A,C,C,C,B,C,A,C,B,C,A,D,B,B,B,D,D,C,A,A,C,D,B,C,C,A,D,D,B,D,B,A,C,C,A,C,A,D,D,A,B,D,D,A,A,C,C,A,A,C,A,D
19478597-6,B,B,D,C,B,D,A,B,A,C,A,D,A,B,A,C,B,C,A,D,B,C,D,D,D,C,A,D,D,B,B,D,C,A,D,D,B,D,A,A,C,D,A,C,B,B,D,A,D,C,A,B,A,D,C,A,A,C,A,D
19362531-2,A,B,D,C,C,D,A,B,A,D,A,C,A,B,D,C,B,C,A,D,B,C,D,B,D,D,A,A,A,B,B,D,D,C,A,D,B,C,A,C,B,B,B,B,D,B,D,A,B,C,D,B,A,D,A,A,A,B,D,D
19894546-3,D,C,A,C,C,B,A,B,A,C,C,C,B,C,A,C,C,C,A,D,C,C,D,D,D,A,A,C,B,D,B,C,B,B,D,D,B,C,D,A,C,B,B,C,C,D,C,A,D,B,B,B,D,B,A,D,A,B,D,D
19022666-2,D,B,D,C,C,A,A,B,A,C,C,C,B,C,A,C,B,C,A,D,B,B,D,D,D,C,D,A,C,D,B,B,D,A,D,D,B,D,D,A,C,B,A,C,A,B,D,A,B,D,D,B,A,D,C,A,A,C,A,B
16778459-3,D,B,A,C,B,D,A,B,A,C,,C,A,D,D,A,C,C,,D,C,,B,D,,,C,A,,,D,B,C,C,D,B,,,B,A,C,B,A,,C,B,A,C,A,D,B,B,A,B,C,D,C,,B,C
19552960-4,D,D,A,C,D,A,A,B,A,C,A,C,A,C,A,C,A,C,A,A,B,D,B,D,D,A,B,B,D,A,B,D,D,A,D,D,A,D,B,C,C,D,B,C,B,B,D,A,A,D,D,A,A,D,C,D,A,C,D,D
17498210-4,D,C,A,C,B,D,A,B,A,C,C,C,D,B,D,D,D,C,A,D,C,C,B,D,D,C,A,A,B,A,B,C,A,C,D,D,B,D,A,B,D,D,A,A,B,D,D,C,D,D,D,A,A,C,A,D,A,C,B,A
18345365-3,D,D,B,A,C,D,A,B,A,C,A,C,A,C,A,C,B,C,A,D,B,C,B,D,C,D,B,C,D,D,B,A,A,A,D,C,B,C,C,B,C,D,A,C,C,B,D,A,B,D,A,A,A,C,A,A,A,B,B,D
19518422-4,D,D,C,C,C,A,C,B,A,C,A,C,B,C,A,C,C,C,B,D,C,D,B,D,D,A,A,B,D,B,B,D,C,C,D,D,A,C,B,A,C,C,A,C,B,A,D,B,B,D,D,B,A,D,C,A,A,B,A,D
18785874-7,B,D,A,A,C,D,A,A,C,A,A,C,D,D,A,C,C,D,A,D,B,C,B,D,D,A,A,A,D,B,D,D,B,C,B,D,D,D,C,B,A,D,A,C,B,D,D,B,B,D,B,B,A,D,C,D,A,C,A,D
18863570-9,D,C,A,C,C,D,A,B,B,C,A,C,A,C,D,C,B,C,A,A,B,C,A,B,D,A,A,B,D,D,B,D,A,D,D,D,B,C,D,A,C,B,A,C,B,B,D,A,B,D,D,B,A,D,C,D,A,C,A,D
17263487-7,D,C,A,C,D,D,A,B,A,C,A,C,B,C,A,A,A,C,A,D,B,C,B,D,D,A,A,A,B,A,B,A,B,A,D,D,A,C,A,A,C,D,B,C,A,B,D,A,B,D,D,D,D,D,A,A,C,D,A,D
18322008-K,D,A,C,A,D,D,A,A,B,D,A,C,A,C,A,D,B,D,D,C,B,B,D,C,D,D,A,B,D,B,B,D,C,C,B,B,A,C,A,D,C,C,B,A,D,B,D,C,B,C,D,D,A,D,D,D,A,C,A,B
18978677-8,B,D,B,C,D,A,A,B,A,C,A,D,B,D,B,A,B,C,D,D,C,C,A,D,D,C,A,A,B,D,B,D,C,A,A,D,A,C,B,D,D,B,B,C,B,B,D,A,B,D,D,B,A,C,C,D,A,C,A,D
19532637-1,D,B,A,C,C,A,A,B,A,C,A,C,D,B,A,C,A,C,C,B,B,C,B,D,D,D,A,D,A,D,B,D,B,A,D,D,D,D,B,A,C,C,A,C,C,B,D,A,B,D,D,D,A,C,C,A,A,B,A,D
17562043-5,D,D,D,A,C,A,A,B,A,C,A,D,C,D,A,C,B,C,A,D,C,D,B,D,C,D,A,D,B,A,B,D,D,A,D,B,D,D,C,C,C,A,A,C,D,B,D,A,B,D,D,A,D,C,D,A,A,C,D,D
19359753-K,D,B,A,C,C,A,A,B,A,C,A,C,A,B,A,C,B,C,C,B,B,D,D,D,D,D,B,A,D,D,D,D,C,A,D,D,A,C,B,A,D,B,A,B,A,B,D,A,B,D,D,A,A,C,C,A,A,C,B,D
18291933-0,B,D,A,C,C,D,A,B,A,A,D,A,C,C,A,C,C,C,D,D,B,A,D,C,A,A,D,D,B,A,B,A,B,A,D,D,A,D,B,A,C,D,B,A,A,D,B,B,B,D,B,B,A,B,B,D,D,C,A,D
18298881-2,D,B,A,C,C,A,A,B,A,C,A,C,B,C,A,C,B,A,A,D,B,D,B,D,D,C,A,D,B,D,B,A,D,A,D,D,B,D,B,A,C,C,A,C,B,D,D,A,B,D,D,B,A,B,A,A,A,C,B,B
19355511-K,B,B,D,C,C,A,C,B,A,C,C,C,D,C,A,A,B,D,A,D,B,B,D,D,D,D,A,D,C,B,B,D,D,A,D,D,C,D,B,B,C,B,B,C,B,D,D,A,B,D,D,D,D,B,D,D,A,A,D,D
19711129-1,D,B,B,C,D,D,A,B,A,C,A,C,D,A,C,D,B,C,A,C,D,D,B,D,D,D,B,C,D,D,B,C,C,A,D,D,D,C,D,C,C,B,D,D,B,D,D,A,D,D,D,B,A,D,C,D,A,A,C,D
18807178-3,C,A,D,C,D,B,A,B,A,C,B,C,D,C,A,A,B,A,A,A,B,B,A,C,D,D,B,B,D,B,B,C,D,C,B,D,C,C,B,C,A,C,C,D,A,B,D,A,B,D,D,B,A,B,A,C,A,C,B,C
19386085-0,D,A,B,C,B,A,C,B,A,C,C,D,B,D,D,A,C,C,A,A,B,D,B,D,D,B,D,A,D,D,B,A,C,A,D,D,C,C,B,C,C,D,A,C,A,B,D,A,A,D,D,A,A,D,D,A,A,A,B,B
18199186-0,D,,C,B,C,A,A,B,A,D,A,C,A,B,A,C,C,A,A,D,B,B,B,D,A,A,,D,B,D,B,D,C,A,D,D,B,D,,A,C,C,A,C,B,D,D,A,D,B,D,B,A,D,C,A,A,C,,A
18800111-4,D,D,A,C,C,A,A,B,A,C,A,C,B,C,D,C,B,C,A,D,D,C,D,D,D,C,A,D,D,D,B,C,C,A,D,D,C,C,B,A,D,D,A,C,A,B,D,A,A,D,D,B,A,D,D,A,C,B,B,D
19449074-7,D,B,C,C,C,A,A,B,A,C,C,D,B,C,B,C,C,A,A,D,D,D,B,D,D,C,A,D,A,A,B,C,C,A,D,D,B,C,C,A,C,B,B,C,B,B,D,A,B,D,D,A,D,C,A,A,A,B,A,D
18594012-8,B,B,D,C,C,A,A,B,A,C,C,C,D,B,A,C,D,C,C,D,B,D,B,D,D,C,A,D,B,D,B,C,B,A,D,D,B,C,B,A,C,C,A,C,B,B,D,A,B,D,D,B,A,D,C,A,A,C,A,D
19023701-K,D,B,C,C,D,A,A,B,A,A,C,D,B,C,A,C,C,C,C,D,B,D,D,D,D,B,C,A,D,B,B,D,C,A,D,D,B,C,B,A,C,B,B,C,C,A,D,A,B,D,D,B,A,D,C,A,C,C,A,B
19466849-K,C,B,A,C,C,D,A,B,A,C,A,C,B,B,A,C,B,C,A,D,C,D,B,D,C,C,A,D,C,D,B,D,D,A,D,D,C,D,D,A,C,C,A,C,A,B,D,A,A,D,D,B,A,D,A,D,A,C,A,B
19317854-5,D,B,A,A,C,A,D,B,A,A,C,D,B,B,A,C,B,C,A,A,B,D,D,D,D,D,C,D,B,D,B,B,C,A,D,D,A,D,A,C,C,B,A,A,B,B,D,A,B,D,C,B,A,D,C,A,A,C,D,C
18497428-2,D,B,A,A,D,A,A,B,A,D,C,C,A,B,A,C,B,C,A,B,B,B,D,D,D,D,B,D,B,A,B,A,C,A,D,D,B,D,B,C,C,B,A,C,B,B,C,C,B,D,D,B,A,C,C,D,A,B,A,A
18636990-4,D,B,B,C,C,C,D,B,A,D,C,C,C,B,A,C,B,D,A,D,B,D,D,D,C,A,C,B,D,D,D,D,C,A,A,D,C,D,A,C,D,A,A,D,B,B,D,A,A,D,D,B,A,D,A,D,C,D,A,D
19037820-9,D,B,D,C,C,A,A,B,A,D,A,C,B,C,A,C,C,C,A,D,B,B,B,D,D,C,A,D,A,D,B,B,C,A,D,D,A,C,A,A,C,C,A,C,C,B,D,A,B,D,D,B,A,D,C,A,C,C,B,D
19199497-3,B,D,A,C,C,A,A,D,A,A,A,C,A,C,A,C,A,C,A,D,D,D,B,D,D,C,B,A,B,A,B,D,D,A,D,D,C,C,D,A,C,D,B,C,B,D,D,A,B,D,C,B,D,B,C,A,A,C,A,D
19618182-2,D,D,B,C,C,A,A,B,A,D,C,C,A,C,A,C,B,C,A,A,B,D,D,D,D,A,A,D,A,D,B,D,A,A,D,B,C,D,B,A,C,C,B,C,C,B,D,A,B,D,D,D,D,D,C,A,A,C,D,D
19680035-2,B,D,A,C,C,D,A,B,A,C,D,C,B,B,C,C,B,D,A,B,C,C,D,B,D,C,A,C,D,B,B,A,A,C,C,D,A,C,A,A,C,C,B,A,A,D,D,A,A,D,C,B,A,D,C,A,A,C,C,C
19177656-9,D,C,B,C,C,A,A,B,A,C,C,D,A,B,A,C,C,C,A,D,B,B,B,D,B,C,C,D,B,A,B,C,C,A,D,D,A,C,A,D,C,C,A,C,C,D,C,A,D,D,D,B,A,C,C,D,D,D,A,D
17827351-5,D,D,B,C,C,D,B,B,A,C,C,D,B,C,A,C,C,C,D,D,C,D,B,D,C,C,,D,C,D,B,C,D,A,D,D,C,D,,A,C,C,A,C,B,D,D,A,B,,D,B,A,C,C,D,A,C,A,B
18927273-1,D,B,A,B,C,D,B,B,A,C,C,A,B,C,A,C,A,C,A,A,D,C,A,D,B,C,D,B,A,D,B,D,C,A,D,D,A,D,D,A,C,B,A,B,C,D,B,B,B,D,B,B,A,D,A,B,A,C,D,D
18798205-7,D,C,A,A,C,A,A,C,A,C,B,D,A,C,A,C,B,C,A,D,D,D,B,D,A,B,A,D,C,B,D,A,C,C,D,C,C,C,B,D,B,B,A,C,A,D,D,A,B,D,D,C,A,C,D,C,A,C,A,D
13680486-3,B,B,C,A,D,B,B,B,B,C,A,C,B,B,B,A,B,C,D,A,D,D,D,D,C,A,D,A,B,B,B,D,C,C,A,D,A,D,B,A,C,D,B,D,D,D,D,A,D,A,D,D,A,D,A,A,B,C,A,D
18528678-9,D,C,A,C,C,A,A,B,A,C,C,D,C,C,A,C,B,C,A,D,B,C,B,D,A,C,C,D,B,A,B,D,C,A,D,D,B,D,B,A,C,C,A,D,A,B,D,A,B,D,D,D,A,D,C,A,A,C,A,D
19136881-9,C,B,A,A,C,A,A,B,A,C,A,A,D,B,C,C,A,C,A,D,B,D,B,D,D,B,A,D,A,D,B,D,D,A,D,D,A,C,A,C,C,D,A,C,A,B,D,A,B,D,D,B,A,D,C,A,A,C,A,A
18659289-1,D,D,A,D,C,A,A,B,D,A,C,C,B,D,A,D,A,C,A,A,B,D,B,D,D,C,A,A,D,D,B,A,C,C,A,D,A,D,D,A,C,B,A,A,A,B,D,A,B,D,D,B,A,A,C,B,A,B,C,D
19151927-2,D,C,A,C,C,A,A,B,A,C,A,D,B,B,A,C,B,C,D,A,B,D,D,D,C,A,A,D,A,B,B,C,C,A,D,B,C,D,D,A,C,B,A,C,B,B,D,C,B,D,B,B,A,C,C,C,A,C,A,C
18702351-3,D,B,C,A,C,A,A,B,A,C,C,A,C,C,A,C,D,C,D,D,B,D,B,D,D,D,B,A,D,B,B,B,C,A,D,D,B,D,B,C,B,C,D,C,B,A,D,A,B,A,D,B,C,C,C,D,A,C,B,D
18981338-4,B,D,C,C,D,C,A,A,A,C,D,C,D,A,A,D,B,C,A,A,D,A,B,D,D,C,A,D,D,A,C,A,C,B,D,D,A,C,C,C,A,B,A,A,A,D,D,B,B,A,A,A,A,C,C,A,B,A,D,D
20087387-4,D,D,D,D,D,D,A,B,A,C,C,D,A,C,A,C,D,C,A,D,C,D,B,D,D,C,A,D,B,D,B,A,A,A,D,D,C,D,B,C,C,C,B,C,D,D,D,A,B,D,D,C,D,D,D,D,A,B,D,D
19324712-1,D,B,A,C,C,A,A,B,A,C,A,C,A,C,A,D,B,C,A,D,B,A,A,D,D,C,A,A,B,B,B,B,C,A,D,D,C,D,D,A,D,C,A,A,A,B,D,A,B,A,C,B,A,D,C,A,A,C,B,D
17559713-1,D,A,A,C,C,A,B,A,A,C,A,D,B,B,A,C,B,C,D,A,C,D,B,D,D,D,A,D,D,D,B,A,C,A,D,D,A,C,B,A,C,B,A,C,B,B,A,A,B,D,D,D,A,D,A,D,A,C,D,D
19569943-7,D,B,D,D,C,A,A,B,A,C,A,D,B,B,C,C,A,C,A,D,B,B,B,D,D,D,B,A,D,D,B,B,C,A,D,D,C,D,B,A,C,D,A,C,D,D,D,C,D,D,D,B,D,A,A,D,A,C,B,D
17568465-4,D,B,A,C,C,A,A,A,A,C,C,D,B,C,A,C,A,C,A,D,B,D,B,D,D,C,A,D,B,B,B,D,C,A,D,D,B,C,B,C,C,D,A,C,B,B,B,A,A,D,C,B,A,D,C,A,A,C,A,D
18643535-4,D,A,D,C,C,A,A,B,A,C,C,C,D,C,D,C,D,C,A,D,C,D,D,D,D,D,A,D,A,D,B,B,B,A,C,A,C,C,A,A,D,B,A,C,B,D,D,A,D,D,D,C,B,D,C,D,A,B,A,B
19242620-0,D,D,A,C,C,A,A,B,A,D,C,D,A,C,A,C,A,C,A,C,B,B,B,D,B,C,B,D,B,D,D,D,C,A,D,D,C,D,B,C,C,B,A,C,A,B,D,A,B,A,D,B,A,D,C,A,A,C,D,B
19449757-1,D,D,A,A,B,A,A,B,A,C,C,D,B,A,A,C,B,C,D,D,B,D,A,D,A,D,B,D,D,D,B,D,B,A,B,D,B,D,A,A,C,C,A,B,B,B,D,A,B,D,B,B,A,C,C,A,A,C,D,B
18553596-7,B,D,A,C,D,D,D,B,A,C,D,C,B,C,A,B,C,C,A,D,D,D,D,D,C,A,A,D,B,B,D,D,C,A,A,B,D,D,C,C,D,B,B,C,C,C,D,A,B,C,A,B,A,B,B,D,C,C,A,D
18807916-4,D,C,A,A,C,A,A,A,A,C,C,C,B,C,A,C,D,C,A,D,B,C,D,D,D,C,A,D,,,B,A,A,A,C,D,B,C,B,C,C,D,B,,C,B,A,A,B,D,D,A,A,B,C,A,A,C,A,D
19198961-9,D,B,C,C,C,A,A,B,A,C,C,C,A,D,A,C,B,C,C,D,B,D,B,D,D,C,A,D,A,D,B,B,C,A,D,D,B,C,B,A,C,C,A,C,B,B,D,A,B,D,D,B,A,D,C,A,B,C,A,D
18236850-4,D,B,C,C,C,D,A,A,A,C,C,C,B,B,A,C,B,C,A,D,B,B,D,D,D,A,A,B,C,C,B,C,D,C,D,D,A,C,B,A,C,B,A,C,A,B,D,A,B,D,D,B,A,D,C,A,A,C,B,B
18492383-1,D,B,A,C,C,A,A,B,A,C,C,A,C,B,A,C,A,C,C,D,B,C,B,D,C,C,A,A,C,A,B,A,B,A,D,D,B,D,B,A,C,C,A,C,A,B,D,A,B,D,B,B,A,D,D,A,A,C,A,D
17022792-1,D,B,D,A,C,A,A,B,A,D,A,D,C,D,A,A,B,C,A,D,B,D,D,D,D,C,A,A,B,C,B,C,A,A,D,D,B,C,B,A,C,C,A,C,A,B,D,A,D,D,D,B,A,C,A,A,A,C,A,D
19488187-8,D,B,A,A,C,A,A,B,A,C,A,D,D,B,A,C,B,C,A,B,B,C,A,D,D,D,A,D,B,B,B,D,C,A,C,D,A,C,D,C,C,B,A,C,C,B,D,A,B,D,D,B,A,D,C,A,C,C,D,A
19303983-9,A,B,A,C,A,D,A,B,A,C,A,D,A,C,A,C,B,C,A,D,B,D,B,D,D,C,B,A,B,D,B,D,C,A,D,A,A,D,D,A,C,A,A,C,A,D,D,A,D,D,D,D,A,D,A,A,A,D,A,B
